country,year,pct_of_hours,price
DE,2019,0.0,121.46
DE,2019,1.0,72.517
DE,2019,2.0,66.746
DE,2019,3.0,62.447
DE,2019,4.0,60.0
DE,2019,5.0,58.29
DE,2019,6.0,56.823
DE,2019,7.0,55.589
DE,2019,8.0,54.808
DE,2019,9.0,54.0
DE,2019,10.0,53.2
DE,2019,11.0,52.735
DE,2019,12.0,52.009
DE,2019,13.0,51.47
DE,2019,14.0,51.0
DE,2019,15.0,50.503
DE,2019,16.0,50.02
DE,2019,17.0,49.71
DE,2019,18.0,49.104
DE,2019,19.0,48.728
DE,2019,20.0,48.164
DE,2019,21.0,47.9
DE,2019,22.0,47.47
DE,2019,23.0,46.99
DE,2019,24.0,46.688
DE,2019,25.0,46.27
DE,2019,26.0,45.93
DE,2019,27.0,45.51
DE,2019,28.0,45.065
DE,2019,29.0,44.839
DE,2019,30.0,44.4
DE,2019,31.0,44.03
DE,2019,32.0,43.85
DE,2019,33.0,43.4
DE,2019,34.0,43.0
DE,2019,35.0,42.7
DE,2019,36.0,42.31
DE,2019,37.0,41.952
DE,2019,38.0,41.58
DE,2019,39.0,41.17
DE,2019,40.0,40.914
DE,2019,41.0,40.58
DE,2019,42.0,40.19
DE,2019,43.0,39.97
DE,2019,44.0,39.74
DE,2019,45.0,39.434
DE,2019,46.0,39.13
DE,2019,47.0,38.95
DE,2019,48.0,38.68
DE,2019,49.0,38.38
DE,2019,50.0,38.065
DE,2019,51.0,37.869
DE,2019,52.0,37.56
DE,2019,53.0,37.32
DE,2019,54.0,37.07
DE,2019,55.0,36.92
DE,2019,56.0,36.63
DE,2019,57.0,36.32
DE,2019,58.0,36.116
DE,2019,59.0,35.94
DE,2019,60.0,35.69
DE,2019,61.0,35.46
DE,2019,62.0,35.24
DE,2019,63.0,35.02
DE,2019,64.0,34.9
DE,2019,65.0,34.546
DE,2019,66.0,34.241
DE,2019,67.0,34.0
DE,2019,68.0,33.629
DE,2019,69.0,33.23
DE,2019,70.0,33.01
DE,2019,71.0,32.69
DE,2019,72.0,32.3
DE,2019,73.0,31.98
DE,2019,74.0,31.51
DE,2019,75.0,31.06
DE,2019,76.0,30.762
DE,2019,77.0,30.29
DE,2019,78.0,30.03
DE,2019,79.0,29.8
DE,2019,80.0,29.368
DE,2019,81.0,29.0
DE,2019,82.0,28.62
DE,2019,83.0,28.15
DE,2019,84.0,27.8
DE,2019,85.0,27.299
DE,2019,86.0,26.913
DE,2019,87.0,26.33
DE,2019,88.0,25.79
DE,2019,89.0,25.1
DE,2019,90.0,24.339
DE,2019,91.0,23.086
DE,2019,92.0,21.346
DE,2019,93.0,18.517
DE,2019,94.0,14.222
DE,2019,95.0,10.716
DE,2019,96.0,5.567
DE,2019,97.0,0.391
DE,2019,98.0,-0.926
DE,2019,99.0,-9.984
DE,2019,100.0,-90.01
DE,2020,0.0,200.04
DE,2020,1.0,74.845
DE,2020,2.0,64.21
DE,2020,3.0,59.666
DE,2020,4.0,56.957
DE,2020,5.0,55.16
DE,2020,6.0,53.89
DE,2020,7.0,52.528
DE,2020,8.0,51.394
DE,2020,9.0,50.176
DE,2020,10.0,49.204
DE,2020,11.0,48.267
DE,2020,12.0,47.63
DE,2020,13.0,46.802
DE,2020,14.0,46.058
DE,2020,15.0,45.471
DE,2020,16.0,44.97
DE,2020,17.0,44.519
DE,2020,18.0,43.88
DE,2020,19.0,43.252
DE,2020,20.0,42.834
DE,2020,21.0,42.146
DE,2020,22.0,41.69
DE,2020,23.0,41.2
DE,2020,24.0,40.8
DE,2020,25.0,40.25
DE,2020,26.0,39.93
DE,2020,27.0,39.4
DE,2020,28.0,38.95
DE,2020,29.0,38.41
DE,2020,30.0,38.04
DE,2020,31.0,37.753
DE,2020,32.0,37.24
DE,2020,33.0,36.94
DE,2020,34.0,36.59
DE,2020,35.0,36.15
DE,2020,36.0,35.871
DE,2020,37.0,35.353
DE,2020,38.0,35.03
DE,2020,39.0,34.756
DE,2020,40.0,34.398
DE,2020,41.0,34.06
DE,2020,42.0,33.761
DE,2020,43.0,33.38
DE,2020,44.0,33.06
DE,2020,45.0,32.78
DE,2020,46.0,32.398
DE,2020,47.0,32.04
DE,2020,48.0,31.712
DE,2020,49.0,31.307
DE,2020,50.0,30.99
DE,2020,51.0,30.59
DE,2020,52.0,30.208
DE,2020,53.0,29.95
DE,2020,54.0,29.58
DE,2020,55.0,29.16
DE,2020,56.0,28.9
DE,2020,57.0,28.52
DE,2020,58.0,28.09
DE,2020,59.0,27.85
DE,2020,60.0,27.4
DE,2020,61.0,27.06
DE,2020,62.0,26.695
DE,2020,63.0,26.257
DE,2020,64.0,26.0
DE,2020,65.0,25.73
DE,2020,66.0,25.34
DE,2020,67.0,25.04
DE,2020,68.0,24.856
DE,2020,69.0,24.387
DE,2020,70.0,24.02
DE,2020,71.0,23.661
DE,2020,72.0,23.12
DE,2020,73.0,22.8
DE,2020,74.0,22.19
DE,2020,75.0,21.75
DE,2020,76.0,21.11
DE,2020,77.0,20.721
DE,2020,78.0,20.1
DE,2020,79.0,19.81
DE,2020,80.0,19.156
DE,2020,81.0,18.658
DE,2020,82.0,18.05
DE,2020,83.0,17.391
DE,2020,84.0,16.743
DE,2020,85.0,15.968
DE,2020,86.0,14.976
DE,2020,87.0,14.03
DE,2020,88.0,12.96
DE,2020,89.0,11.751
DE,2020,90.0,10.463
DE,2020,91.0,9.055
DE,2020,92.0,7.586
DE,2020,93.0,5.492
DE,2020,94.0,3.69
DE,2020,95.0,1.233
DE,2020,96.0,0.07
DE,2020,97.0,-0.11
DE,2020,98.0,-4.94
DE,2020,99.0,-16.955
DE,2020,100.0,-83.94
DE,2021,0.0,620.0
DE,2021,1.0,366.822
DE,2021,2.0,322.205
DE,2021,3.0,291.808
DE,2021,4.0,269.015
DE,2021,5.0,248.854
DE,2021,6.0,233.685
DE,2021,7.0,221.058
DE,2021,8.0,212.265
DE,2021,9.0,203.094
DE,2021,10.0,197.533
DE,2021,11.0,190.0
DE,2021,12.0,182.564
DE,2021,13.0,176.55
DE,2021,14.0,169.402
DE,2021,15.0,162.883
DE,2021,16.0,157.11
DE,2021,17.0,151.199
DE,2021,18.0,145.0
DE,2021,19.0,139.394
DE,2021,20.0,133.788
DE,2021,21.0,128.511
DE,2021,22.0,123.551
DE,2021,23.0,119.202
DE,2021,24.0,115.487
DE,2021,25.0,112.032
DE,2021,26.0,109.873
DE,2021,27.0,107.175
DE,2021,28.0,105.025
DE,2021,29.0,103.09
DE,2021,30.0,100.823
DE,2021,31.0,99.431
DE,2021,32.0,97.611
DE,2021,33.0,95.955
DE,2021,34.0,94.9
DE,2021,35.0,93.264
DE,2021,36.0,91.675
DE,2021,37.0,90.012
DE,2021,38.0,88.663
DE,2021,39.0,87.13
DE,2021,40.0,85.918
DE,2021,41.0,84.808
DE,2021,42.0,83.61
DE,2021,43.0,82.199
DE,2021,44.0,81.07
DE,2021,45.0,80.094
DE,2021,46.0,79.369
DE,2021,47.0,78.343
DE,2021,48.0,77.597
DE,2021,49.0,76.491
DE,2021,50.0,75.48
DE,2021,51.0,74.589
DE,2021,52.0,73.5
DE,2021,53.0,72.079
DE,2021,54.0,70.961
DE,2021,55.0,69.976
DE,2021,56.0,68.88
DE,2021,57.0,67.867
DE,2021,58.0,66.75
DE,2021,59.0,65.858
DE,2021,60.0,64.996
DE,2021,61.0,64.13
DE,2021,62.0,63.09
DE,2021,63.0,62.2
DE,2021,64.0,61.28
DE,2021,65.0,60.46
DE,2021,66.0,59.98
DE,2021,67.0,59.16
DE,2021,68.0,58.34
DE,2021,69.0,57.6
DE,2021,70.0,56.867
DE,2021,71.0,55.95
DE,2021,72.0,55.25
DE,2021,73.0,54.56
DE,2021,74.0,53.8
DE,2021,75.0,53.008
DE,2021,76.0,52.132
DE,2021,77.0,51.2
DE,2021,78.0,50.56
DE,2021,79.0,49.878
DE,2021,80.0,49.02
DE,2021,81.0,48.214
DE,2021,82.0,47.406
DE,2021,83.0,46.47
DE,2021,84.0,45.72
DE,2021,85.0,44.91
DE,2021,86.0,43.893
DE,2021,87.0,42.913
DE,2021,88.0,41.9
DE,2021,89.0,40.495
DE,2021,90.0,39.539
DE,2021,91.0,37.866
DE,2021,92.0,36.022
DE,2021,93.0,33.301
DE,2021,94.0,28.887
DE,2021,95.0,22.819
DE,2021,96.0,16.1
DE,2021,97.0,7.203
DE,2021,98.0,0.09
DE,2021,99.0,-2.985
DE,2021,100.0,-69.0
DE,2022,0.0,871.0
DE,2022,1.0,664.939
DE,2022,2.0,590.702
DE,2022,3.0,559.893
DE,2022,4.0,530.0
DE,2022,5.0,509.981
DE,2022,6.0,493.903
DE,2022,7.0,478.126
DE,2022,8.0,461.78
DE,2022,9.0,450.657
DE,2022,10.0,439.441
DE,2022,11.0,428.823
DE,2022,12.0,418.38
DE,2022,13.0,407.446
DE,2022,14.0,399.725
DE,2022,15.0,390.0
DE,2022,16.0,379.9
DE,2022,17.0,371.916
DE,2022,18.0,362.699
DE,2022,19.0,352.998
DE,2022,20.0,346.15
DE,2022,21.0,338.005
DE,2022,22.0,332.044
DE,2022,23.0,324.854
DE,2022,24.0,317.107
DE,2022,25.0,310.08
DE,2022,26.0,304.047
DE,2022,27.0,299.306
DE,2022,28.0,294.454
DE,2022,29.0,288.643
DE,2022,30.0,282.41
DE,2022,31.0,277.119
DE,2022,32.0,272.472
DE,2022,33.0,267.855
DE,2022,34.0,263.536
DE,2022,35.0,259.199
DE,2022,36.0,254.91
DE,2022,37.0,250.0
DE,2022,38.0,245.863
DE,2022,39.0,241.529
DE,2022,40.0,238.11
DE,2022,41.0,233.559
DE,2022,42.0,229.977
DE,2022,43.0,227.069
DE,2022,44.0,224.152
DE,2022,45.0,220.694
DE,2022,46.0,218.349
DE,2022,47.0,215.281
DE,2022,48.0,212.857
DE,2022,49.0,210.272
DE,2022,50.0,208.34
DE,2022,51.0,205.646
DE,2022,52.0,202.71
DE,2022,53.0,200.0
DE,2022,54.0,197.964
DE,2022,55.0,195.766
DE,2022,56.0,193.497
DE,2022,57.0,190.895
DE,2022,58.0,189.198
DE,2022,59.0,185.976
DE,2022,60.0,184.034
DE,2022,61.0,181.57
DE,2022,62.0,179.343
DE,2022,63.0,176.09
DE,2022,64.0,172.815
DE,2022,65.0,169.94
DE,2022,66.0,167.341
DE,2022,67.0,164.09
DE,2022,68.0,161.366
DE,2022,69.0,157.419
DE,2022,70.0,153.307
DE,2022,71.0,149.782
DE,2022,72.0,145.641
DE,2022,73.0,141.037
DE,2022,74.0,138.037
DE,2022,75.0,134.198
DE,2022,76.0,130.136
DE,2022,77.0,126.251
DE,2022,78.0,122.139
DE,2022,79.0,119.51
DE,2022,80.0,115.92
DE,2022,81.0,112.342
DE,2022,82.0,108.88
DE,2022,83.0,104.042
DE,2022,84.0,100.222
DE,2022,85.0,97.487
DE,2022,86.0,93.82
DE,2022,87.0,89.877
DE,2022,88.0,86.733
DE,2022,89.0,82.768
DE,2022,90.0,78.882
DE,2022,91.0,74.549
DE,2022,92.0,70.05
DE,2022,93.0,63.85
DE,2022,94.0,52.27
DE,2022,95.0,40.079
DE,2022,96.0,27.254
DE,2022,97.0,15.225
DE,2022,98.0,7.173
DE,2022,99.0,0.07
DE,2022,100.0,-19.04
DE,2023,0.0,524.27
DE,2023,1.0,207.981
DE,2023,2.0,189.996
DE,2023,3.0,179.969
DE,2023,4.0,171.631
DE,2023,5.0,166.252
DE,2023,6.0,161.794
DE,2023,7.0,157.073
DE,2023,8.0,153.524
DE,2023,9.0,150.685
DE,2023,10.0,147.162
DE,2023,11.0,144.796
DE,2023,12.0,142.258
DE,2023,13.0,140.087
DE,2023,14.0,138.515
DE,2023,15.0,136.612
DE,2023,16.0,134.98
DE,2023,17.0,133.05
DE,2023,18.0,131.784
DE,2023,19.0,130.02
DE,2023,20.0,129.136
DE,2023,21.0,127.74
DE,2023,22.0,126.22
DE,2023,23.0,124.954
DE,2023,24.0,123.63
DE,2023,25.0,122.12
DE,2023,26.0,120.697
DE,2023,27.0,119.6
DE,2023,28.0,118.36
DE,2023,29.0,117.3
DE,2023,30.0,116.09
DE,2023,31.0,115.007
DE,2023,32.0,114.0
DE,2023,33.0,112.771
DE,2023,34.0,111.299
DE,2023,35.0,110.174
DE,2023,36.0,109.408
DE,2023,37.0,108.26
DE,2023,38.0,107.346
DE,2023,39.0,106.27
DE,2023,40.0,105.398
DE,2023,41.0,104.714
DE,2023,42.0,103.76
DE,2023,43.0,102.876
DE,2023,44.0,102.02
DE,2023,45.0,101.224
DE,2023,46.0,100.543
DE,2023,47.0,100.0
DE,2023,48.0,99.36
DE,2023,49.0,98.74
DE,2023,50.0,98.02
DE,2023,51.0,97.28
DE,2023,52.0,96.65
DE,2023,53.0,95.9
DE,2023,54.0,95.1
DE,2023,55.0,94.61
DE,2023,56.0,93.97
DE,2023,57.0,93.184
DE,2023,58.0,92.38
DE,2023,59.0,91.642
DE,2023,60.0,90.686
DE,2023,61.0,89.97
DE,2023,62.0,89.184
DE,2023,63.0,88.388
DE,2023,64.0,87.707
DE,2023,65.0,86.896
DE,2023,66.0,85.96
DE,2023,67.0,85.0
DE,2023,68.0,84.0
DE,2023,69.0,82.933
DE,2023,70.0,81.85
DE,2023,71.0,80.48
DE,2023,72.0,79.71
DE,2023,73.0,78.519
DE,2023,74.0,77.133
DE,2023,75.0,75.878
DE,2023,76.0,74.423
DE,2023,77.0,72.856
DE,2023,78.0,70.7
DE,2023,79.0,69.404
DE,2023,80.0,67.028
DE,2023,81.0,64.111
DE,2023,82.0,60.885
DE,2023,83.0,57.861
DE,2023,84.0,53.931
DE,2023,85.0,49.81
DE,2023,86.0,45.369
DE,2023,87.0,40.544
DE,2023,88.0,35.071
DE,2023,89.0,29.089
DE,2023,90.0,22.726
DE,2023,91.0,16.849
DE,2023,92.0,11.639
DE,2023,93.0,8.628
DE,2023,94.0,4.972
DE,2023,95.0,1.07
DE,2023,96.0,0.064
DE,2023,97.0,-0.04
DE,2023,98.0,-1.008
DE,2023,99.0,-5.224
DE,2023,100.0,-500.0
DE,2024,0.0,936.28
DE,2024,1.0,224.86
DE,2024,2.0,181.391
DE,2024,3.0,160.951
DE,2024,4.0,151.057
DE,2024,5.0,143.25
DE,2024,6.0,137.841
DE,2024,7.0,134.396
DE,2024,8.0,130.81
DE,2024,9.0,128.136
DE,2024,10.0,125.247
DE,2024,11.0,123.009
DE,2024,12.0,120.961
DE,2024,13.0,118.932
DE,2024,14.0,116.86
DE,2024,15.0,115.086
DE,2024,16.0,113.477
DE,2024,17.0,111.719
DE,2024,18.0,110.141
DE,2024,19.0,109.01
DE,2024,20.0,107.638
DE,2024,21.0,106.396
DE,2024,22.0,105.137
DE,2024,23.0,103.629
DE,2024,24.0,102.451
DE,2024,25.0,101.34
DE,2024,26.0,100.094
DE,2024,27.0,99.438
DE,2024,28.0,98.285
DE,2024,29.0,97.039
DE,2024,30.0,96.021
DE,2024,31.0,94.99
DE,2024,32.0,93.878
DE,2024,33.0,92.742
DE,2024,34.0,91.773
DE,2024,35.0,90.938
DE,2024,36.0,90.02
DE,2024,37.0,89.263
DE,2024,38.0,88.435
DE,2024,39.0,87.726
DE,2024,40.0,86.898
DE,2024,41.0,86.12
DE,2024,42.0,85.3
DE,2024,43.0,84.646
DE,2024,44.0,83.884
DE,2024,45.0,83.116
DE,2024,46.0,82.25
DE,2024,47.0,81.61
DE,2024,48.0,80.92
DE,2024,49.0,80.16
DE,2024,50.0,79.585
DE,2024,51.0,78.87
DE,2024,52.0,77.97
DE,2024,53.0,77.05
DE,2024,54.0,76.03
DE,2024,55.0,75.014
DE,2024,56.0,74.22
DE,2024,57.0,73.32
DE,2024,58.0,72.33
DE,2024,59.0,71.551
DE,2024,60.0,70.582
DE,2024,61.0,69.814
DE,2024,62.0,68.881
DE,2024,63.0,67.9
DE,2024,64.0,66.96
DE,2024,65.0,66.0
DE,2024,66.0,64.972
DE,2024,67.0,64.18
DE,2024,68.0,63.406
DE,2024,69.0,62.5
DE,2024,70.0,61.449
DE,2024,71.0,60.381
DE,2024,72.0,59.447
DE,2024,73.0,58.178
DE,2024,74.0,56.986
DE,2024,75.0,55.56
DE,2024,76.0,54.518
DE,2024,77.0,52.773
DE,2024,78.0,51.213
DE,2024,79.0,49.62
DE,2024,80.0,47.328
DE,2024,81.0,45.383
DE,2024,82.0,42.869
DE,2024,83.0,40.101
DE,2024,84.0,37.506
DE,2024,85.0,34.17
DE,2024,86.0,29.966
DE,2024,87.0,24.906
DE,2024,88.0,19.95
DE,2024,89.0,14.284
DE,2024,90.0,10.109
DE,2024,91.0,6.504
DE,2024,92.0,2.95
DE,2024,93.0,0.746
DE,2024,94.0,0.01
DE,2024,95.0,-0.01
DE,2024,96.0,-0.08
DE,2024,97.0,-1.045
DE,2024,98.0,-5.043
DE,2024,99.0,-19.952
DE,2024,100.0,-135.45
DE,2025,0.0,583.4
DE,2025,1.0,242.836
DE,2025,2.0,197.136
DE,2025,3.0,179.92
DE,2025,4.0,170.0
DE,2025,5.0,162.351
DE,2025,6.0,155.775
DE,2025,7.0,150.999
DE,2025,8.0,147.582
DE,2025,9.0,143.496
DE,2025,10.0,140.927
DE,2025,11.0,137.73
DE,2025,12.0,134.985
DE,2025,13.0,132.722
DE,2025,14.0,130.125
DE,2025,15.0,128.694
DE,2025,16.0,126.907
DE,2025,17.0,125.09
DE,2025,18.0,123.57
DE,2025,19.0,122.148
DE,2025,20.0,120.71
DE,2025,21.0,119.732
DE,2025,22.0,118.26
DE,2025,23.0,116.603
DE,2025,24.0,115.238
DE,2025,25.0,114.142
DE,2025,26.0,112.793
DE,2025,27.0,111.716
DE,2025,28.0,110.495
DE,2025,29.0,109.607
DE,2025,30.0,108.849
DE,2025,31.0,107.978
DE,2025,32.0,107.087
DE,2025,33.0,106.175
DE,2025,34.0,105.215
DE,2025,35.0,104.211
DE,2025,36.0,103.2
DE,2025,37.0,102.365
DE,2025,38.0,101.541
DE,2025,39.0,100.71
DE,2025,40.0,100.0
DE,2025,41.0,99.12
DE,2025,42.0,98.453
DE,2025,43.0,97.8
DE,2025,44.0,97.2
DE,2025,45.0,96.501
DE,2025,46.0,95.697
DE,2025,47.0,94.95
DE,2025,48.0,94.067
DE,2025,49.0,93.26
DE,2025,50.0,92.43
DE,2025,51.0,91.73
DE,2025,52.0,91.003
DE,2025,53.0,90.41
DE,2025,54.0,89.92
DE,2025,55.0,89.256
DE,2025,56.0,88.738
DE,2025,57.0,88.078
DE,2025,58.0,87.423
DE,2025,59.0,86.67
DE,2025,60.0,85.9
DE,2025,61.0,85.22
DE,2025,62.0,84.79
DE,2025,63.0,84.0
DE,2025,64.0,83.37
DE,2025,65.0,82.636
DE,2025,66.0,81.781
DE,2025,67.0,80.942
DE,2025,68.0,79.96
DE,2025,69.0,78.99
DE,2025,70.0,77.95
DE,2025,71.0,77.0
DE,2025,72.0,75.501
DE,2025,73.0,74.147
DE,2025,74.0,72.596
DE,2025,75.0,71.088
DE,2025,76.0,69.755
DE,2025,77.0,68.027
DE,2025,78.0,66.209
DE,2025,79.0,64.207
DE,2025,80.0,61.01
DE,2025,81.0,58.047
DE,2025,82.0,53.753
DE,2025,83.0,48.321
DE,2025,84.0,41.003
DE,2025,85.0,32.999
DE,2025,86.0,25.98
DE,2025,87.0,18.867
DE,2025,88.0,13.031
DE,2025,89.0,8.589
DE,2025,90.0,4.147
DE,2025,91.0,2.0
DE,2025,92.0,0.1
DE,2025,93.0,0.0
DE,2025,94.0,-0.01
DE,2025,95.0,-0.11
DE,2025,96.0,-1.01
DE,2025,97.0,-2.628
DE,2025,98.0,-6.0
DE,2025,99.0,-18.885
DE,2025,100.0,-250.32
DE,2026,0.0,665.82
DE,2026,1.0,241.444
DE,2026,2.0,203.079
DE,2026,3.0,186.407
DE,2026,4.0,177.982
DE,2026,5.0,171.29
DE,2026,6.0,166.035
DE,2026,7.0,161.909
DE,2026,8.0,158.713
DE,2026,9.0,154.873
DE,2026,10.0,152.387
DE,2026,11.0,150.29
DE,2026,12.0,147.963
DE,2026,13.0,145.633
DE,2026,14.0,144.186
DE,2026,15.0,142.565
DE,2026,16.0,140.694
DE,2026,17.0,139.111
DE,2026,18.0,138.007
DE,2026,19.0,136.983
DE,2026,20.0,135.854
DE,2026,21.0,134.811
DE,2026,22.0,133.594
DE,2026,23.0,131.912
DE,2026,24.0,130.895
DE,2026,25.0,129.851
DE,2026,26.0,128.773
DE,2026,27.0,127.57
DE,2026,28.0,126.723
DE,2026,29.0,125.814
DE,2026,30.0,125.052
DE,2026,31.0,123.883
DE,2026,32.0,122.727
DE,2026,33.0,121.601
DE,2026,34.0,120.635
DE,2026,35.0,119.58
DE,2026,36.0,118.62
DE,2026,37.0,117.646
DE,2026,38.0,116.455
DE,2026,39.0,115.645
DE,2026,40.0,114.807
DE,2026,41.0,113.9
DE,2026,42.0,113.092
DE,2026,43.0,111.973
DE,2026,44.0,111.122
DE,2026,45.0,110.198
DE,2026,46.0,109.309
DE,2026,47.0,108.725
DE,2026,48.0,107.767
DE,2026,49.0,106.982
DE,2026,50.0,105.692
DE,2026,51.0,104.829
DE,2026,52.0,104.106
DE,2026,53.0,103.085
DE,2026,54.0,102.233
DE,2026,55.0,101.499
DE,2026,56.0,100.896
DE,2026,57.0,100.173
DE,2026,58.0,99.596
DE,2026,59.0,98.76
DE,2026,60.0,97.87
DE,2026,61.0,96.989
DE,2026,62.0,96.102
DE,2026,63.0,95.158
DE,2026,64.0,94.209
DE,2026,65.0,93.224
DE,2026,66.0,92.098
DE,2026,67.0,90.89
DE,2026,68.0,89.585
DE,2026,69.0,88.443
DE,2026,70.0,87.101
DE,2026,71.0,85.592
DE,2026,72.0,84.204
DE,2026,73.0,82.44
DE,2026,74.0,80.992
DE,2026,75.0,78.946
DE,2026,76.0,75.889
DE,2026,77.0,73.722
DE,2026,78.0,70.812
DE,2026,79.0,67.699
DE,2026,80.0,65.387
DE,2026,81.0,62.205
DE,2026,82.0,56.307
DE,2026,83.0,51.16
DE,2026,84.0,45.467
DE,2026,85.0,40.668
DE,2026,86.0,33.102
DE,2026,87.0,23.51
DE,2026,88.0,17.583
DE,2026,89.0,9.926
DE,2026,90.0,5.49
DE,2026,91.0,2.217
DE,2026,92.0,0.401
DE,2026,93.0,-0.005
DE,2026,94.0,-0.028
DE,2026,95.0,-0.548
DE,2026,96.0,-1.763
DE,2026,97.0,-4.067
DE,2026,98.0,-12.604
DE,2026,99.0,-35.568
DE,2026,100.0,-499.0
ES,2019,0.0,74.74
ES,2019,1.0,69.744
ES,2019,2.0,68.376
ES,2019,3.0,67.209
ES,2019,4.0,66.03
ES,2019,5.0,64.211
ES,2019,6.0,63.055
ES,2019,7.0,61.567
ES,2019,8.0,60.49
ES,2019,9.0,59.834
ES,2019,10.0,59.211
ES,2019,11.0,58.795
ES,2019,12.0,58.468
ES,2019,13.0,58.0
ES,2019,14.0,57.655
ES,2019,15.0,57.202
ES,2019,16.0,56.89
ES,2019,17.0,56.51
ES,2019,18.0,56.164
ES,2019,19.0,56.0
ES,2019,20.0,55.622
ES,2019,21.0,55.44
ES,2019,22.0,55.13
ES,2019,23.0,55.0
ES,2019,24.0,54.818
ES,2019,25.0,54.522
ES,2019,26.0,54.3
ES,2019,27.0,54.01
ES,2019,28.0,53.7
ES,2019,29.0,53.489
ES,2019,30.0,53.1
ES,2019,31.0,52.99
ES,2019,32.0,52.66
ES,2019,33.0,52.39
ES,2019,34.0,52.1
ES,2019,35.0,51.94
ES,2019,36.0,51.69
ES,2019,37.0,51.49
ES,2019,38.0,51.24
ES,2019,39.0,51.05
ES,2019,40.0,50.95
ES,2019,41.0,50.69
ES,2019,42.0,50.5
ES,2019,43.0,50.33
ES,2019,44.0,50.12
ES,2019,45.0,50.0
ES,2019,46.0,49.94
ES,2019,47.0,49.623
ES,2019,48.0,49.39
ES,2019,49.0,49.07
ES,2019,50.0,48.95
ES,2019,51.0,48.63
ES,2019,52.0,48.426
ES,2019,53.0,48.11
ES,2019,54.0,48.0
ES,2019,55.0,47.57
ES,2019,56.0,47.4
ES,2019,57.0,47.09
ES,2019,58.0,46.96
ES,2019,59.0,46.694
ES,2019,60.0,46.36
ES,2019,61.0,46.07
ES,2019,62.0,45.944
ES,2019,63.0,45.68
ES,2019,64.0,45.385
ES,2019,65.0,45.07
ES,2019,66.0,44.98
ES,2019,67.0,44.625
ES,2019,68.0,44.299
ES,2019,69.0,44.0
ES,2019,70.0,43.73
ES,2019,71.0,43.4
ES,2019,72.0,43.0
ES,2019,73.0,42.68
ES,2019,74.0,42.41
ES,2019,75.0,42.01
ES,2019,76.0,41.762
ES,2019,77.0,41.321
ES,2019,78.0,41.0
ES,2019,79.0,40.604
ES,2019,80.0,40.1
ES,2019,81.0,39.872
ES,2019,82.0,39.5
ES,2019,83.0,39.02
ES,2019,84.0,38.56
ES,2019,85.0,38.01
ES,2019,86.0,37.5
ES,2019,87.0,36.7
ES,2019,88.0,36.03
ES,2019,89.0,35.545
ES,2019,90.0,35.0
ES,2019,91.0,34.206
ES,2019,92.0,33.024
ES,2019,93.0,32.034
ES,2019,94.0,30.795
ES,2019,95.0,30.0
ES,2019,96.0,28.239
ES,2019,97.0,25.991
ES,2019,98.0,19.992
ES,2019,99.0,6.23
ES,2019,100.0,0.03
ES,2020,0.0,68.9
ES,2020,1.0,57.172
ES,2020,2.0,54.887
ES,2020,3.0,53.54
ES,2020,4.0,52.847
ES,2020,5.0,51.89
ES,2020,6.0,51.02
ES,2020,7.0,50.502
ES,2020,8.0,50.0
ES,2020,9.0,49.265
ES,2020,10.0,48.608
ES,2020,11.0,48.0
ES,2020,12.0,47.211
ES,2020,13.0,46.75
ES,2020,14.0,46.234
ES,2020,15.0,45.816
ES,2020,16.0,45.18
ES,2020,17.0,44.94
ES,2020,18.0,44.521
ES,2020,19.0,44.092
ES,2020,20.0,43.758
ES,2020,21.0,43.33
ES,2020,22.0,43.0
ES,2020,23.0,42.67
ES,2020,24.0,42.31
ES,2020,25.0,42.0
ES,2020,26.0,41.69
ES,2020,27.0,41.4
ES,2020,28.0,41.07
ES,2020,29.0,40.75
ES,2020,30.0,40.391
ES,2020,31.0,40.1
ES,2020,32.0,40.0
ES,2020,33.0,39.8
ES,2020,34.0,39.538
ES,2020,35.0,39.189
ES,2020,36.0,38.99
ES,2020,37.0,38.613
ES,2020,38.0,38.3
ES,2020,39.0,38.05
ES,2020,40.0,37.808
ES,2020,41.0,37.54
ES,2020,42.0,37.2
ES,2020,43.0,37.0
ES,2020,44.0,36.69
ES,2020,45.0,36.276
ES,2020,46.0,36.046
ES,2020,47.0,35.65
ES,2020,48.0,35.185
ES,2020,49.0,34.99
ES,2020,50.0,34.62
ES,2020,51.0,34.217
ES,2020,52.0,34.008
ES,2020,53.0,33.6
ES,2020,54.0,33.31
ES,2020,55.0,33.01
ES,2020,56.0,32.7
ES,2020,57.0,32.297
ES,2020,58.0,32.02
ES,2020,59.0,31.601
ES,2020,60.0,31.242
ES,2020,61.0,30.91
ES,2020,62.0,30.55
ES,2020,63.0,30.25
ES,2020,64.0,30.01
ES,2020,65.0,29.84
ES,2020,66.0,29.5
ES,2020,67.0,29.04
ES,2020,68.0,28.767
ES,2020,69.0,28.38
ES,2020,70.0,28.03
ES,2020,71.0,27.8
ES,2020,72.0,27.5
ES,2020,73.0,27.1
ES,2020,74.0,26.846
ES,2020,75.0,26.45
ES,2020,76.0,26.02
ES,2020,77.0,25.8
ES,2020,78.0,25.343
ES,2020,79.0,25.0
ES,2020,80.0,24.506
ES,2020,81.0,24.1
ES,2020,82.0,23.718
ES,2020,83.0,23.0
ES,2020,84.0,22.5
ES,2020,85.0,21.85
ES,2020,86.0,21.02
ES,2020,87.0,20.46
ES,2020,88.0,20.0
ES,2020,89.0,19.31
ES,2020,90.0,18.479
ES,2020,91.0,17.734
ES,2020,92.0,16.72
ES,2020,93.0,15.75
ES,2020,94.0,14.97
ES,2020,95.0,14.0
ES,2020,96.0,12.453
ES,2020,97.0,11.0
ES,2020,98.0,9.06
ES,2020,99.0,5.668
ES,2020,100.0,1.02
ES,2021,0.0,409.0
ES,2021,1.0,334.552
ES,2021,2.0,307.924
ES,2021,3.0,285.23
ES,2021,4.0,265.346
ES,2021,5.0,254.465
ES,2021,6.0,248.019
ES,2021,7.0,240.521
ES,2021,8.0,234.048
ES,2021,9.0,228.864
ES,2021,10.0,223.001
ES,2021,11.0,218.302
ES,2021,12.0,214.477
ES,2021,13.0,207.763
ES,2021,14.0,202.0
ES,2021,15.0,198.41
ES,2021,16.0,194.06
ES,2021,17.0,190.799
ES,2021,18.0,187.396
ES,2021,19.0,184.206
ES,2021,20.0,180.3
ES,2021,21.0,177.0
ES,2021,22.0,173.891
ES,2021,23.0,168.843
ES,2021,24.0,162.816
ES,2021,25.0,157.498
ES,2021,26.0,152.452
ES,2021,27.0,147.35
ES,2021,28.0,141.225
ES,2021,29.0,137.49
ES,2021,30.0,131.851
ES,2021,31.0,126.128
ES,2021,32.0,122.054
ES,2021,33.0,119.905
ES,2021,34.0,116.299
ES,2021,35.0,112.98
ES,2021,36.0,110.0
ES,2021,37.0,107.45
ES,2021,38.0,105.016
ES,2021,39.0,103.5
ES,2021,40.0,101.36
ES,2021,41.0,100.0
ES,2021,42.0,99.052
ES,2021,43.0,97.863
ES,2021,44.0,96.011
ES,2021,45.0,95.0
ES,2021,46.0,93.459
ES,2021,47.0,92.54
ES,2021,48.0,91.457
ES,2021,49.0,90.05
ES,2021,50.0,89.5
ES,2021,51.0,88.588
ES,2021,52.0,87.343
ES,2021,53.0,86.6
ES,2021,54.0,85.121
ES,2021,55.0,84.34
ES,2021,56.0,83.43
ES,2021,57.0,82.584
ES,2021,58.0,81.2
ES,2021,59.0,80.18
ES,2021,60.0,79.256
ES,2021,61.0,78.05
ES,2021,62.0,76.75
ES,2021,63.0,75.738
ES,2021,64.0,74.75
ES,2021,65.0,73.356
ES,2021,66.0,72.04
ES,2021,67.0,70.719
ES,2021,68.0,69.55
ES,2021,69.0,68.115
ES,2021,70.0,66.654
ES,2021,71.0,65.501
ES,2021,72.0,64.505
ES,2021,73.0,62.99
ES,2021,74.0,61.934
ES,2021,75.0,60.9
ES,2021,76.0,59.983
ES,2021,77.0,58.587
ES,2021,78.0,57.16
ES,2021,79.0,55.934
ES,2021,80.0,54.86
ES,2021,81.0,53.466
ES,2021,82.0,52.0
ES,2021,83.0,50.302
ES,2021,84.0,48.618
ES,2021,85.0,46.686
ES,2021,86.0,44.685
ES,2021,87.0,43.047
ES,2021,88.0,40.521
ES,2021,89.0,38.5
ES,2021,90.0,36.395
ES,2021,91.0,33.893
ES,2021,92.0,29.997
ES,2021,93.0,26.4
ES,2021,94.0,22.48
ES,2021,95.0,18.19
ES,2021,96.0,14.0
ES,2021,97.0,8.732
ES,2021,98.0,3.5
ES,2021,99.0,1.95
ES,2021,100.0,0.01
ES,2022,0.0,700.0
ES,2022,1.0,397.471
ES,2022,2.0,330.066
ES,2022,3.0,291.011
ES,2022,4.0,278.335
ES,2022,5.0,268.177
ES,2022,6.0,261.394
ES,2022,7.0,255.0
ES,2022,8.0,250.0
ES,2022,9.0,247.449
ES,2022,10.0,243.471
ES,2022,11.0,240.0
ES,2022,12.0,237.285
ES,2022,13.0,234.0
ES,2022,14.0,230.017
ES,2022,15.0,227.98
ES,2022,16.0,225.0
ES,2022,17.0,222.776
ES,2022,18.0,220.254
ES,2022,19.0,218.469
ES,2022,20.0,216.01
ES,2022,21.0,214.9
ES,2022,22.0,212.6
ES,2022,23.0,210.244
ES,2022,24.0,208.968
ES,2022,25.0,206.402
ES,2022,26.0,204.853
ES,2022,27.0,202.6
ES,2022,28.0,200.475
ES,2022,29.0,199.8
ES,2022,30.0,197.643
ES,2022,31.0,195.974
ES,2022,32.0,194.555
ES,2022,33.0,192.205
ES,2022,34.0,190.15
ES,2022,35.0,189.0
ES,2022,36.0,186.308
ES,2022,37.0,184.84
ES,2022,38.0,182.399
ES,2022,39.0,180.18
ES,2022,40.0,179.76
ES,2022,41.0,177.89
ES,2022,42.0,176.0
ES,2022,43.0,174.769
ES,2022,44.0,172.541
ES,2022,45.0,170.904
ES,2022,46.0,169.89
ES,2022,47.0,168.0
ES,2022,48.0,166.377
ES,2022,49.0,164.99
ES,2022,50.0,163.545
ES,2022,51.0,161.62
ES,2022,52.0,160.383
ES,2022,53.0,159.682
ES,2022,54.0,157.301
ES,2022,55.0,155.621
ES,2022,56.0,154.299
ES,2022,57.0,153.004
ES,2022,58.0,151.11
ES,2022,59.0,150.0
ES,2022,60.0,149.106
ES,2022,61.0,148.1
ES,2022,62.0,147.0
ES,2022,63.0,145.465
ES,2022,64.0,144.0
ES,2022,65.0,142.42
ES,2022,66.0,140.582
ES,2022,67.0,139.838
ES,2022,68.0,137.83
ES,2022,69.0,135.933
ES,2022,70.0,134.64
ES,2022,71.0,132.1
ES,2022,72.0,130.186
ES,2022,73.0,129.11
ES,2022,74.0,127.0
ES,2022,75.0,125.0
ES,2022,76.0,122.3
ES,2022,77.0,120.21
ES,2022,78.0,119.12
ES,2022,79.0,116.671
ES,2022,80.0,115.0
ES,2022,81.0,113.0
ES,2022,82.0,111.006
ES,2022,83.0,109.702
ES,2022,84.0,106.148
ES,2022,85.0,104.0
ES,2022,86.0,101.1
ES,2022,87.0,99.38
ES,2022,88.0,96.634
ES,2022,89.0,94.255
ES,2022,90.0,90.906
ES,2022,91.0,88.909
ES,2022,92.0,84.963
ES,2022,93.0,79.743
ES,2022,94.0,74.654
ES,2022,95.0,65.3
ES,2022,96.0,54.862
ES,2022,97.0,43.564
ES,2022,98.0,21.01
ES,2022,99.0,4.11
ES,2022,100.0,0.0
ES,2023,0.0,220.0
ES,2023,1.0,165.74
ES,2023,2.0,160.0
ES,2023,3.0,154.066
ES,2023,4.0,150.449
ES,2023,5.0,146.962
ES,2023,6.0,144.219
ES,2023,7.0,141.539
ES,2023,8.0,139.526
ES,2023,9.0,137.737
ES,2023,10.0,135.86
ES,2023,11.0,134.105
ES,2023,12.0,132.349
ES,2023,13.0,130.64
ES,2023,14.0,129.82
ES,2023,15.0,128.535
ES,2023,16.0,127.016
ES,2023,17.0,125.86
ES,2023,18.0,124.794
ES,2023,19.0,123.198
ES,2023,20.0,121.992
ES,2023,21.0,120.76
ES,2023,22.0,120.0
ES,2023,23.0,118.872
ES,2023,24.0,117.72
ES,2023,25.0,116.208
ES,2023,26.0,115.2
ES,2023,27.0,114.28
ES,2023,28.0,113.27
ES,2023,29.0,112.187
ES,2023,30.0,111.0
ES,2023,31.0,110.01
ES,2023,32.0,109.42
ES,2023,33.0,108.186
ES,2023,34.0,107.0
ES,2023,35.0,105.8
ES,2023,36.0,105.0
ES,2023,37.0,104.0
ES,2023,38.0,103.073
ES,2023,39.0,102.0
ES,2023,40.0,100.974
ES,2023,41.0,100.0
ES,2023,42.0,99.64
ES,2023,43.0,98.949
ES,2023,44.0,97.79
ES,2023,45.0,96.854
ES,2023,46.0,95.619
ES,2023,47.0,95.0
ES,2023,48.0,94.0
ES,2023,49.0,93.081
ES,2023,50.0,92.13
ES,2023,51.0,91.588
ES,2023,52.0,90.78
ES,2023,53.0,90.082
ES,2023,54.0,89.776
ES,2023,55.0,88.887
ES,2023,56.0,87.989
ES,2023,57.0,86.994
ES,2023,58.0,85.796
ES,2023,59.0,85.0
ES,2023,60.0,84.132
ES,2023,61.0,83.0
ES,2023,62.0,82.0
ES,2023,63.0,80.748
ES,2023,64.0,80.0
ES,2023,65.0,78.906
ES,2023,66.0,77.62
ES,2023,67.0,76.089
ES,2023,68.0,75.0
ES,2023,69.0,73.86
ES,2023,70.0,72.098
ES,2023,71.0,70.653
ES,2023,72.0,69.56
ES,2023,73.0,67.458
ES,2023,74.0,65.1
ES,2023,75.0,63.468
ES,2023,76.0,60.393
ES,2023,77.0,59.0
ES,2023,78.0,55.439
ES,2023,79.0,52.799
ES,2023,80.0,50.0
ES,2023,81.0,48.11
ES,2023,82.0,45.1
ES,2023,83.0,42.23
ES,2023,84.0,40.02
ES,2023,85.0,38.0
ES,2023,86.0,34.993
ES,2023,87.0,30.87
ES,2023,88.0,27.556
ES,2023,89.0,24.8
ES,2023,90.0,20.298
ES,2023,91.0,18.0
ES,2023,92.0,14.0
ES,2023,93.0,9.717
ES,2023,94.0,4.995
ES,2023,95.0,4.3
ES,2023,96.0,4.16
ES,2023,97.0,2.885
ES,2023,98.0,1.218
ES,2023,99.0,0.0
ES,2023,100.0,0.0
ES,2024,0.0,193.0
ES,2024,1.0,158.267
ES,2024,2.0,150.0
ES,2024,3.0,144.36
ES,2024,4.0,140.094
ES,2024,5.0,136.59
ES,2024,6.0,133.061
ES,2024,7.0,130.0
ES,2024,8.0,127.388
ES,2024,9.0,125.0
ES,2024,10.0,122.754
ES,2024,11.0,120.749
ES,2024,12.0,119.23
ES,2024,13.0,117.142
ES,2024,14.0,115.88
ES,2024,15.0,114.336
ES,2024,16.0,112.847
ES,2024,17.0,111.387
ES,2024,18.0,110.0
ES,2024,19.0,108.83
ES,2024,20.0,107.272
ES,2024,21.0,105.7
ES,2024,22.0,104.58
ES,2024,23.0,103.0
ES,2024,24.0,101.78
ES,2024,25.0,100.477
ES,2024,26.0,99.788
ES,2024,27.0,98.7
ES,2024,28.0,97.135
ES,2024,29.0,95.5
ES,2024,30.0,94.37
ES,2024,31.0,92.5
ES,2024,32.0,90.8
ES,2024,33.0,89.856
ES,2024,34.0,88.0
ES,2024,35.0,86.219
ES,2024,36.0,85.001
ES,2024,37.0,83.98
ES,2024,38.0,82.454
ES,2024,39.0,81.293
ES,2024,40.0,80.0
ES,2024,41.0,78.249
ES,2024,42.0,76.414
ES,2024,43.0,75.0
ES,2024,44.0,73.735
ES,2024,45.0,71.986
ES,2024,46.0,70.798
ES,2024,47.0,69.82
ES,2024,48.0,68.0
ES,2024,49.0,65.88
ES,2024,50.0,64.79
ES,2024,51.0,62.72
ES,2024,52.0,61.0
ES,2024,53.0,60.0
ES,2024,54.0,58.404
ES,2024,55.0,56.294
ES,2024,56.0,55.0
ES,2024,57.0,53.0
ES,2024,58.0,50.677
ES,2024,59.0,49.801
ES,2024,60.0,47.502
ES,2024,61.0,45.5
ES,2024,62.0,43.915
ES,2024,63.0,41.871
ES,2024,64.0,40.1
ES,2024,65.0,39.002
ES,2024,66.0,36.0
ES,2024,67.0,35.01
ES,2024,68.0,35.0
ES,2024,69.0,35.0
ES,2024,70.0,33.744
ES,2024,71.0,30.52
ES,2024,72.0,28.214
ES,2024,73.0,24.919
ES,2024,74.0,20.558
ES,2024,75.0,17.5
ES,2024,76.0,14.718
ES,2024,77.0,12.034
ES,2024,78.0,10.033
ES,2024,79.0,8.0
ES,2024,80.0,6.084
ES,2024,81.0,5.0
ES,2024,82.0,4.0
ES,2024,83.0,3.32
ES,2024,84.0,3.25
ES,2024,85.0,3.2
ES,2024,86.0,3.151
ES,2024,87.0,1.87
ES,2024,88.0,0.94
ES,2024,89.0,0.44
ES,2024,90.0,0.2
ES,2024,91.0,0.01
ES,2024,92.0,0.0
ES,2024,93.0,0.0
ES,2024,94.0,0.0
ES,2024,95.0,0.0
ES,2024,96.0,0.0
ES,2024,97.0,0.0
ES,2024,98.0,-0.01
ES,2024,99.0,-0.459
ES,2024,100.0,-2.0
ES,2025,0.0,240.0
ES,2025,1.0,169.563
ES,2025,2.0,158.374
ES,2025,3.0,151.25
ES,2025,4.0,145.016
ES,2025,5.0,139.011
ES,2025,6.0,134.76
ES,2025,7.0,131.113
ES,2025,8.0,128.073
ES,2025,9.0,125.217
ES,2025,10.0,123.521
ES,2025,11.0,121.287
ES,2025,12.0,119.582
ES,2025,13.0,117.637
ES,2025,14.0,115.98
ES,2025,15.0,114.78
ES,2025,16.0,113.64
ES,2025,17.0,112.3
ES,2025,18.0,111.0
ES,2025,19.0,109.91
ES,2025,20.0,108.69
ES,2025,21.0,107.5
ES,2025,22.0,106.54
ES,2025,23.0,105.456
ES,2025,24.0,104.788
ES,2025,25.0,104.006
ES,2025,26.0,102.929
ES,2025,27.0,101.581
ES,2025,28.0,100.455
ES,2025,29.0,99.816
ES,2025,30.0,98.353
ES,2025,31.0,97.004
ES,2025,32.0,95.401
ES,2025,33.0,94.064
ES,2025,34.0,92.692
ES,2025,35.0,91.037
ES,2025,36.0,89.802
ES,2025,37.0,88.307
ES,2025,38.0,86.61
ES,2025,39.0,85.0
ES,2025,40.0,83.518
ES,2025,41.0,82.267
ES,2025,42.0,80.4
ES,2025,43.0,79.459
ES,2025,44.0,78.0
ES,2025,45.0,76.75
ES,2025,46.0,75.434
ES,2025,47.0,73.845
ES,2025,48.0,72.071
ES,2025,49.0,70.763
ES,2025,50.0,69.975
ES,2025,51.0,68.638
ES,2025,52.0,66.713
ES,2025,53.0,64.997
ES,2025,54.0,62.581
ES,2025,55.0,60.311
ES,2025,56.0,58.616
ES,2025,57.0,55.84
ES,2025,58.0,53.178
ES,2025,59.0,51.017
ES,2025,60.0,49.704
ES,2025,61.0,46.8
ES,2025,62.0,44.754
ES,2025,63.0,42.004
ES,2025,64.0,40.0
ES,2025,65.0,38.11
ES,2025,66.0,36.0
ES,2025,67.0,35.01
ES,2025,68.0,33.958
ES,2025,69.0,31.488
ES,2025,70.0,30.0
ES,2025,71.0,27.84
ES,2025,72.0,25.767
ES,2025,73.0,23.481
ES,2025,74.0,21.012
ES,2025,75.0,19.695
ES,2025,76.0,17.558
ES,2025,77.0,15.98
ES,2025,78.0,14.831
ES,2025,79.0,13.0
ES,2025,80.0,10.63
ES,2025,81.0,8.0
ES,2025,82.0,6.0
ES,2025,83.0,5.0
ES,2025,84.0,3.824
ES,2025,85.0,3.52
ES,2025,86.0,3.52
ES,2025,87.0,2.0
ES,2025,88.0,1.0
ES,2025,89.0,0.65
ES,2025,90.0,0.18
ES,2025,91.0,0.0
ES,2025,92.0,0.0
ES,2025,93.0,0.0
ES,2025,94.0,-0.01
ES,2025,95.0,-0.01
ES,2025,96.0,-0.5
ES,2025,97.0,-1.01
ES,2025,98.0,-2.066
ES,2025,99.0,-4.204
ES,2025,100.0,-15.0
ES,2026,0.0,247.152
ES,2026,1.0,165.564
ES,2026,2.0,154.743
ES,2026,3.0,149.567
ES,2026,4.0,142.261
ES,2026,5.0,136.282
ES,2026,6.0,132.605
ES,2026,7.0,128.647
ES,2026,8.0,125.918
ES,2026,9.0,123.823
ES,2026,10.0,121.794
ES,2026,11.0,119.553
ES,2026,12.0,117.986
ES,2026,13.0,115.578
ES,2026,14.0,113.961
ES,2026,15.0,111.526
ES,2026,16.0,109.116
ES,2026,17.0,107.336
ES,2026,18.0,104.926
ES,2026,19.0,103.389
ES,2026,20.0,102.072
ES,2026,21.0,100.47
ES,2026,22.0,98.868
ES,2026,23.0,97.708
ES,2026,24.0,96.052
ES,2026,25.0,94.665
ES,2026,26.0,93.674
ES,2026,27.0,92.165
ES,2026,28.0,90.316
ES,2026,29.0,88.833
ES,2026,30.0,86.984
ES,2026,31.0,85.331
ES,2026,32.0,83.597
ES,2026,33.0,81.886
ES,2026,34.0,80.69
ES,2026,35.0,78.93
ES,2026,36.0,77.379
ES,2026,37.0,75.898
ES,2026,38.0,74.152
ES,2026,39.0,72.056
ES,2026,40.0,69.56
ES,2026,41.0,66.702
ES,2026,42.0,64.807
ES,2026,43.0,62.942
ES,2026,44.0,61.069
ES,2026,45.0,58.773
ES,2026,46.0,55.371
ES,2026,47.0,53.551
ES,2026,48.0,50.618
ES,2026,49.0,47.544
ES,2026,50.0,44.054
ES,2026,51.0,41.018
ES,2026,52.0,38.519
ES,2026,53.0,35.847
ES,2026,54.0,35.01
ES,2026,55.0,33.758
ES,2026,56.0,31.802
ES,2026,57.0,29.859
ES,2026,58.0,27.74
ES,2026,59.0,25.309
ES,2026,60.0,23.588
ES,2026,61.0,21.874
ES,2026,62.0,19.804
ES,2026,63.0,17.66
ES,2026,64.0,15.158
ES,2026,65.0,13.307
ES,2026,66.0,11.284
ES,2026,67.0,9.823
ES,2026,68.0,8.471
ES,2026,69.0,7.05
ES,2026,70.0,5.641
ES,2026,71.0,4.514
ES,2026,72.0,3.78
ES,2026,73.0,3.393
ES,2026,74.0,2.636
ES,2026,75.0,2.088
ES,2026,76.0,1.614
ES,2026,77.0,1.044
ES,2026,78.0,0.84
ES,2026,79.0,0.569
ES,2026,80.0,0.286
ES,2026,81.0,0.158
ES,2026,82.0,0.03
ES,2026,83.0,0.002
ES,2026,84.0,0.0
ES,2026,85.0,0.0
ES,2026,86.0,-0.002
ES,2026,87.0,-0.005
ES,2026,88.0,-0.008
ES,2026,89.0,-0.01
ES,2026,90.0,-0.026
ES,2026,91.0,-0.105
ES,2026,92.0,-0.273
ES,2026,93.0,-0.44
ES,2026,94.0,-0.679
ES,2026,95.0,-0.841
ES,2026,96.0,-1.193
ES,2026,97.0,-2.038
ES,2026,98.0,-2.1
ES,2026,99.0,-4.0
ES,2026,100.0,-9.825
FR,2019,0.0,121.46
FR,2019,1.0,75.911
FR,2019,2.0,70.865
FR,2019,3.0,68.507
FR,2019,4.0,66.68
FR,2019,5.0,64.63
FR,2019,6.0,62.634
FR,2019,7.0,60.489
FR,2019,8.0,59.011
FR,2019,9.0,57.61
FR,2019,10.0,56.421
FR,2019,11.0,55.39
FR,2019,12.0,54.62
FR,2019,13.0,53.94
FR,2019,14.0,52.965
FR,2019,15.0,52.3
FR,2019,16.0,51.79
FR,2019,17.0,51.13
FR,2019,18.0,50.62
FR,2019,19.0,50.1
FR,2019,20.0,49.712
FR,2019,21.0,49.2
FR,2019,22.0,48.83
FR,2019,23.0,48.254
FR,2019,24.0,47.888
FR,2019,25.0,47.43
FR,2019,26.0,46.987
FR,2019,27.0,46.59
FR,2019,28.0,46.105
FR,2019,29.0,45.8
FR,2019,30.0,45.353
FR,2019,31.0,45.017
FR,2019,32.0,44.69
FR,2019,33.0,44.265
FR,2019,34.0,43.99
FR,2019,35.0,43.637
FR,2019,36.0,43.25
FR,2019,37.0,42.9
FR,2019,38.0,42.486
FR,2019,39.0,42.08
FR,2019,40.0,41.704
FR,2019,41.0,41.3
FR,2019,42.0,41.022
FR,2019,43.0,40.81
FR,2019,44.0,40.39
FR,2019,45.0,40.014
FR,2019,46.0,39.76
FR,2019,47.0,39.44
FR,2019,48.0,39.1
FR,2019,49.0,38.941
FR,2019,50.0,38.65
FR,2019,51.0,38.339
FR,2019,52.0,38.03
FR,2019,53.0,37.8
FR,2019,54.0,37.5
FR,2019,55.0,37.24
FR,2019,56.0,37.0
FR,2019,57.0,36.7
FR,2019,58.0,36.4
FR,2019,59.0,36.13
FR,2019,60.0,35.93
FR,2019,61.0,35.63
FR,2019,62.0,35.294
FR,2019,63.0,35.05
FR,2019,64.0,34.9
FR,2019,65.0,34.5
FR,2019,66.0,34.171
FR,2019,67.0,33.945
FR,2019,68.0,33.5
FR,2019,69.0,33.113
FR,2019,70.0,32.89
FR,2019,71.0,32.51
FR,2019,72.0,32.165
FR,2019,73.0,31.879
FR,2019,74.0,31.39
FR,2019,75.0,31.0
FR,2019,76.0,30.612
FR,2019,77.0,30.186
FR,2019,78.0,30.0
FR,2019,79.0,29.61
FR,2019,80.0,29.14
FR,2019,81.0,28.69
FR,2019,82.0,28.23
FR,2019,83.0,27.9
FR,2019,84.0,27.46
FR,2019,85.0,27.019
FR,2019,86.0,26.61
FR,2019,87.0,26.123
FR,2019,88.0,25.49
FR,2019,89.0,24.655
FR,2019,90.0,24.0
FR,2019,91.0,22.936
FR,2019,92.0,21.59
FR,2019,93.0,20.0
FR,2019,94.0,18.287
FR,2019,95.0,16.089
FR,2019,96.0,14.514
FR,2019,97.0,11.886
FR,2019,98.0,9.152
FR,2019,99.0,5.288
FR,2019,100.0,-24.92
FR,2020,0.0,200.04
FR,2020,1.0,75.378
FR,2020,2.0,65.777
FR,2020,3.0,61.886
FR,2020,4.0,59.171
FR,2020,5.0,56.898
FR,2020,6.0,55.221
FR,2020,7.0,54.0
FR,2020,8.0,53.0
FR,2020,9.0,52.031
FR,2020,10.0,50.9
FR,2020,11.0,50.0
FR,2020,12.0,49.121
FR,2020,13.0,48.342
FR,2020,14.0,47.674
FR,2020,15.0,46.986
FR,2020,16.0,46.214
FR,2020,17.0,45.689
FR,2020,18.0,45.1
FR,2020,19.0,44.71
FR,2020,20.0,44.18
FR,2020,21.0,43.71
FR,2020,22.0,43.13
FR,2020,23.0,42.639
FR,2020,24.0,42.11
FR,2020,25.0,41.74
FR,2020,26.0,41.334
FR,2020,27.0,40.9
FR,2020,28.0,40.45
FR,2020,29.0,40.039
FR,2020,30.0,39.821
FR,2020,31.0,39.385
FR,2020,32.0,39.01
FR,2020,33.0,38.69
FR,2020,34.0,38.258
FR,2020,35.0,37.97
FR,2020,36.0,37.601
FR,2020,37.0,37.123
FR,2020,38.0,36.85
FR,2020,39.0,36.436
FR,2020,40.0,36.07
FR,2020,41.0,35.74
FR,2020,42.0,35.28
FR,2020,43.0,35.0
FR,2020,44.0,34.645
FR,2020,45.0,34.206
FR,2020,46.0,33.948
FR,2020,47.0,33.5
FR,2020,48.0,33.1
FR,2020,49.0,32.8
FR,2020,50.0,32.37
FR,2020,51.0,32.01
FR,2020,52.0,31.658
FR,2020,53.0,31.16
FR,2020,54.0,30.74
FR,2020,55.0,30.287
FR,2020,56.0,30.0
FR,2020,57.0,29.6
FR,2020,58.0,29.099
FR,2020,59.0,28.75
FR,2020,60.0,28.302
FR,2020,61.0,27.934
FR,2020,62.0,27.5
FR,2020,63.0,27.01
FR,2020,64.0,26.608
FR,2020,65.0,26.1
FR,2020,66.0,25.75
FR,2020,67.0,25.33
FR,2020,68.0,25.0
FR,2020,69.0,24.507
FR,2020,70.0,24.1
FR,2020,71.0,23.601
FR,2020,72.0,22.98
FR,2020,73.0,22.504
FR,2020,74.0,21.85
FR,2020,75.0,21.2
FR,2020,76.0,20.64
FR,2020,77.0,20.06
FR,2020,78.0,19.73
FR,2020,79.0,19.12
FR,2020,80.0,18.666
FR,2020,81.0,18.12
FR,2020,82.0,17.569
FR,2020,83.0,17.041
FR,2020,84.0,16.433
FR,2020,85.0,15.914
FR,2020,86.0,15.27
FR,2020,87.0,14.816
FR,2020,88.0,14.06
FR,2020,89.0,13.45
FR,2020,90.0,12.71
FR,2020,91.0,12.0
FR,2020,92.0,11.25
FR,2020,93.0,10.516
FR,2020,94.0,9.599
FR,2020,95.0,8.391
FR,2020,96.0,6.693
FR,2020,97.0,4.985
FR,2020,98.0,2.227
FR,2020,99.0,-0.1
FR,2020,100.0,-75.82
FR,2021,0.0,620.0
FR,2021,1.0,399.278
FR,2021,2.0,351.568
FR,2021,3.0,326.921
FR,2021,4.0,305.813
FR,2021,5.0,287.75
FR,2021,6.0,272.261
FR,2021,7.0,258.452
FR,2021,8.0,248.948
FR,2021,9.0,240.0
FR,2021,10.0,230.246
FR,2021,11.0,223.241
FR,2021,12.0,216.709
FR,2021,13.0,209.803
FR,2021,14.0,203.647
FR,2021,15.0,198.003
FR,2021,16.0,192.121
FR,2021,17.0,186.0
FR,2021,18.0,181.281
FR,2021,19.0,176.52
FR,2021,20.0,170.664
FR,2021,21.0,164.883
FR,2021,22.0,159.99
FR,2021,23.0,152.604
FR,2021,24.0,146.042
FR,2021,25.0,140.548
FR,2021,26.0,134.933
FR,2021,27.0,129.418
FR,2021,28.0,122.862
FR,2021,29.0,117.009
FR,2021,30.0,112.103
FR,2021,31.0,108.771
FR,2021,32.0,105.612
FR,2021,33.0,102.817
FR,2021,34.0,100.146
FR,2021,35.0,98.678
FR,2021,36.0,96.506
FR,2021,37.0,95.0
FR,2021,38.0,93.276
FR,2021,39.0,91.74
FR,2021,40.0,90.034
FR,2021,41.0,88.818
FR,2021,42.0,87.1
FR,2021,43.0,85.836
FR,2021,44.0,84.711
FR,2021,45.0,83.67
FR,2021,46.0,82.35
FR,2021,47.0,81.2
FR,2021,48.0,80.094
FR,2021,49.0,79.461
FR,2021,50.0,78.455
FR,2021,51.0,77.719
FR,2021,52.0,76.393
FR,2021,53.0,75.297
FR,2021,54.0,74.47
FR,2021,55.0,73.491
FR,2021,56.0,72.178
FR,2021,57.0,71.24
FR,2021,58.0,70.273
FR,2021,59.0,69.552
FR,2021,60.0,68.606
FR,2021,61.0,67.64
FR,2021,62.0,66.574
FR,2021,63.0,65.81
FR,2021,64.0,65.022
FR,2021,65.0,64.24
FR,2021,66.0,63.261
FR,2021,67.0,62.365
FR,2021,68.0,61.644
FR,2021,69.0,60.773
FR,2021,70.0,60.057
FR,2021,71.0,59.451
FR,2021,72.0,58.595
FR,2021,73.0,57.779
FR,2021,74.0,56.79
FR,2021,75.0,56.0
FR,2021,76.0,55.152
FR,2021,77.0,54.306
FR,2021,78.0,53.48
FR,2021,79.0,52.678
FR,2021,80.0,51.6
FR,2021,81.0,50.562
FR,2021,82.0,49.766
FR,2021,83.0,48.901
FR,2021,84.0,48.019
FR,2021,85.0,46.78
FR,2021,86.0,45.725
FR,2021,87.0,44.737
FR,2021,88.0,43.681
FR,2021,89.0,42.335
FR,2021,90.0,41.04
FR,2021,91.0,39.943
FR,2021,92.0,38.082
FR,2021,93.0,35.761
FR,2021,94.0,32.511
FR,2021,95.0,28.125
FR,2021,96.0,22.061
FR,2021,97.0,15.978
FR,2021,98.0,7.453
FR,2021,99.0,0.08
FR,2021,100.0,-66.18
FR,2022,0.0,2987.78
FR,2022,1.0,703.627
FR,2022,2.0,650.0
FR,2022,3.0,610.126
FR,2022,4.0,577.373
FR,2022,5.0,553.304
FR,2022,6.0,534.025
FR,2022,7.0,516.436
FR,2022,8.0,501.794
FR,2022,9.0,485.005
FR,2022,10.0,472.389
FR,2022,11.0,461.155
FR,2022,12.0,450.935
FR,2022,13.0,441.983
FR,2022,14.0,433.284
FR,2022,15.0,425.056
FR,2022,16.0,415.614
FR,2022,17.0,408.897
FR,2022,18.0,400.07
FR,2022,19.0,393.403
FR,2022,20.0,385.278
FR,2022,21.0,378.037
FR,2022,22.0,371.131
FR,2022,23.0,363.563
FR,2022,24.0,355.434
FR,2022,25.0,350.0
FR,2022,26.0,344.636
FR,2022,27.0,336.531
FR,2022,28.0,330.499
FR,2022,29.0,324.559
FR,2022,30.0,318.453
FR,2022,31.0,312.28
FR,2022,32.0,307.586
FR,2022,33.0,301.705
FR,2022,34.0,298.285
FR,2022,35.0,294.407
FR,2022,36.0,288.995
FR,2022,37.0,284.762
FR,2022,38.0,279.883
FR,2022,39.0,275.45
FR,2022,40.0,271.932
FR,2022,41.0,268.59
FR,2022,42.0,265.0
FR,2022,43.0,261.297
FR,2022,44.0,258.082
FR,2022,45.0,254.944
FR,2022,46.0,251.737
FR,2022,47.0,248.891
FR,2022,48.0,245.26
FR,2022,49.0,241.932
FR,2022,50.0,239.335
FR,2022,51.0,236.909
FR,2022,52.0,233.6
FR,2022,53.0,230.631
FR,2022,54.0,228.578
FR,2022,55.0,225.682
FR,2022,56.0,223.499
FR,2022,57.0,220.724
FR,2022,58.0,218.95
FR,2022,59.0,216.455
FR,2022,60.0,214.782
FR,2022,61.0,212.691
FR,2022,62.0,210.137
FR,2022,63.0,207.988
FR,2022,64.0,206.0
FR,2022,65.0,203.732
FR,2022,66.0,201.45
FR,2022,67.0,199.925
FR,2022,68.0,197.496
FR,2022,69.0,195.953
FR,2022,70.0,194.297
FR,2022,71.0,191.991
FR,2022,72.0,190.0
FR,2022,73.0,188.139
FR,2022,74.0,185.55
FR,2022,75.0,183.03
FR,2022,76.0,180.092
FR,2022,77.0,177.89
FR,2022,78.0,174.89
FR,2022,79.0,171.818
FR,2022,80.0,169.324
FR,2022,81.0,166.692
FR,2022,82.0,163.537
FR,2022,83.0,160.422
FR,2022,84.0,156.686
FR,2022,85.0,152.386
FR,2022,86.0,147.545
FR,2022,87.0,143.42
FR,2022,88.0,139.28
FR,2022,89.0,134.725
FR,2022,90.0,128.272
FR,2022,91.0,121.99
FR,2022,92.0,114.695
FR,2022,93.0,107.457
FR,2022,94.0,100.745
FR,2022,95.0,95.895
FR,2022,96.0,88.424
FR,2022,97.0,79.087
FR,2022,98.0,60.589
FR,2022,99.0,33.085
FR,2022,100.0,-1.44
FR,2023,0.0,276.12
FR,2023,1.0,209.504
FR,2023,2.0,193.019
FR,2023,3.0,182.245
FR,2023,4.0,175.659
FR,2023,5.0,170.071
FR,2023,6.0,165.38
FR,2023,7.0,161.21
FR,2023,8.0,158.427
FR,2023,9.0,154.66
FR,2023,10.0,151.972
FR,2023,11.0,149.685
FR,2023,12.0,146.75
FR,2023,13.0,144.72
FR,2023,14.0,142.777
FR,2023,15.0,140.484
FR,2023,16.0,138.734
FR,2023,17.0,136.58
FR,2023,18.0,135.0
FR,2023,19.0,133.098
FR,2023,20.0,131.802
FR,2023,21.0,130.03
FR,2023,22.0,129.11
FR,2023,23.0,127.584
FR,2023,24.0,125.868
FR,2023,25.0,124.34
FR,2023,26.0,122.79
FR,2023,27.0,121.314
FR,2023,28.0,120.0
FR,2023,29.0,118.848
FR,2023,30.0,117.533
FR,2023,31.0,116.0
FR,2023,32.0,114.94
FR,2023,33.0,113.706
FR,2023,34.0,112.489
FR,2023,35.0,111.027
FR,2023,36.0,110.058
FR,2023,37.0,109.2
FR,2023,38.0,107.926
FR,2023,39.0,106.78
FR,2023,40.0,105.64
FR,2023,41.0,104.878
FR,2023,42.0,103.924
FR,2023,43.0,103.06
FR,2023,44.0,102.19
FR,2023,45.0,101.3
FR,2023,46.0,100.44
FR,2023,47.0,99.99
FR,2023,48.0,99.18
FR,2023,49.0,98.38
FR,2023,50.0,97.7
FR,2023,51.0,96.93
FR,2023,52.0,96.023
FR,2023,53.0,95.13
FR,2023,54.0,94.491
FR,2023,55.0,93.653
FR,2023,56.0,92.65
FR,2023,57.0,91.81
FR,2023,58.0,90.996
FR,2023,59.0,90.3
FR,2023,60.0,89.646
FR,2023,61.0,88.77
FR,2023,62.0,87.944
FR,2023,63.0,87.038
FR,2023,64.0,86.012
FR,2023,65.0,85.166
FR,2023,66.0,84.441
FR,2023,67.0,83.495
FR,2023,68.0,82.519
FR,2023,69.0,81.703
FR,2023,70.0,80.404
FR,2023,71.0,79.61
FR,2023,72.0,78.416
FR,2023,73.0,77.149
FR,2023,74.0,76.003
FR,2023,75.0,74.938
FR,2023,76.0,73.466
FR,2023,77.0,71.816
FR,2023,78.0,70.1
FR,2023,79.0,68.412
FR,2023,80.0,66.18
FR,2023,81.0,64.154
FR,2023,82.0,61.924
FR,2023,83.0,59.1
FR,2023,84.0,56.089
FR,2023,85.0,53.267
FR,2023,86.0,48.926
FR,2023,87.0,45.137
FR,2023,88.0,40.871
FR,2023,89.0,36.184
FR,2023,90.0,30.68
FR,2023,91.0,25.78
FR,2023,92.0,20.537
FR,2023,93.0,15.715
FR,2023,94.0,10.666
FR,2023,95.0,7.048
FR,2023,96.0,3.822
FR,2023,97.0,0.905
FR,2023,98.0,0.0
FR,2023,99.0,-0.08
FR,2023,100.0,-134.94
FR,2024,0.0,284.21
FR,2024,1.0,151.996
FR,2024,2.0,137.82
FR,2024,3.0,130.995
FR,2024,4.0,126.434
FR,2024,5.0,122.827
FR,2024,6.0,119.554
FR,2024,7.0,116.74
FR,2024,8.0,114.222
FR,2024,9.0,111.798
FR,2024,10.0,109.877
FR,2024,11.0,108.049
FR,2024,12.0,106.201
FR,2024,13.0,104.512
FR,2024,14.0,102.671
FR,2024,15.0,100.911
FR,2024,16.0,99.737
FR,2024,17.0,98.094
FR,2024,18.0,95.972
FR,2024,19.0,94.5
FR,2024,20.0,92.97
FR,2024,21.0,91.546
FR,2024,22.0,90.117
FR,2024,23.0,88.989
FR,2024,24.0,87.952
FR,2024,25.0,86.538
FR,2024,26.0,85.267
FR,2024,27.0,84.18
FR,2024,28.0,82.945
FR,2024,29.0,81.509
FR,2024,30.0,80.38
FR,2024,31.0,79.158
FR,2024,32.0,77.939
FR,2024,33.0,76.64
FR,2024,34.0,75.571
FR,2024,35.0,74.449
FR,2024,36.0,73.14
FR,2024,37.0,72.012
FR,2024,38.0,71.08
FR,2024,39.0,70.083
FR,2024,40.0,69.332
FR,2024,41.0,68.22
FR,2024,42.0,67.08
FR,2024,43.0,65.97
FR,2024,44.0,65.0
FR,2024,45.0,63.86
FR,2024,46.0,62.723
FR,2024,47.0,61.67
FR,2024,48.0,60.673
FR,2024,49.0,59.82
FR,2024,50.0,58.81
FR,2024,51.0,57.693
FR,2024,52.0,56.598
FR,2024,53.0,55.41
FR,2024,54.0,54.322
FR,2024,55.0,52.977
FR,2024,56.0,51.981
FR,2024,57.0,50.497
FR,2024,58.0,49.254
FR,2024,59.0,48.12
FR,2024,60.0,46.85
FR,2024,61.0,45.674
FR,2024,62.0,44.325
FR,2024,63.0,43.024
FR,2024,64.0,41.536
FR,2024,65.0,40.05
FR,2024,66.0,38.777
FR,2024,67.0,37.316
FR,2024,68.0,35.701
FR,2024,69.0,35.0
FR,2024,70.0,33.703
FR,2024,71.0,32.001
FR,2024,72.0,30.397
FR,2024,73.0,28.854
FR,2024,74.0,27.0
FR,2024,75.0,25.507
FR,2024,76.0,24.078
FR,2024,77.0,21.914
FR,2024,78.0,20.128
FR,2024,79.0,18.594
FR,2024,80.0,16.896
FR,2024,81.0,15.1
FR,2024,82.0,13.635
FR,2024,83.0,11.901
FR,2024,84.0,10.536
FR,2024,85.0,9.64
FR,2024,86.0,8.165
FR,2024,87.0,6.924
FR,2024,88.0,5.4
FR,2024,89.0,4.353
FR,2024,90.0,3.25
FR,2024,91.0,1.714
FR,2024,92.0,0.49
FR,2024,93.0,0.06
FR,2024,94.0,0.0
FR,2024,95.0,0.0
FR,2024,96.0,-0.007
FR,2024,97.0,-0.04
FR,2024,98.0,-1.503
FR,2024,99.0,-14.399
FR,2024,100.0,-87.29
FR,2025,0.0,473.28
FR,2025,1.0,175.816
FR,2025,2.0,160.158
FR,2025,3.0,150.962
FR,2025,4.0,143.629
FR,2025,5.0,138.022
FR,2025,6.0,133.698
FR,2025,7.0,129.779
FR,2025,8.0,125.958
FR,2025,9.0,123.817
FR,2025,10.0,121.32
FR,2025,11.0,119.39
FR,2025,12.0,117.0
FR,2025,13.0,114.643
FR,2025,14.0,112.36
FR,2025,15.0,110.194
FR,2025,16.0,108.096
FR,2025,17.0,105.869
FR,2025,18.0,104.18
FR,2025,19.0,102.518
FR,2025,20.0,100.692
FR,2025,21.0,99.398
FR,2025,22.0,98.0
FR,2025,23.0,96.297
FR,2025,24.0,94.896
FR,2025,25.0,93.2
FR,2025,26.0,91.854
FR,2025,27.0,90.458
FR,2025,28.0,89.434
FR,2025,29.0,88.218
FR,2025,30.0,87.03
FR,2025,31.0,85.889
FR,2025,32.0,84.99
FR,2025,33.0,83.794
FR,2025,34.0,82.449
FR,2025,35.0,81.095
FR,2025,36.0,80.017
FR,2025,37.0,78.952
FR,2025,38.0,77.711
FR,2025,39.0,76.19
FR,2025,40.0,74.951
FR,2025,41.0,73.5
FR,2025,42.0,72.13
FR,2025,43.0,70.782
FR,2025,44.0,69.431
FR,2025,45.0,68.114
FR,2025,46.0,66.496
FR,2025,47.0,64.852
FR,2025,48.0,63.179
FR,2025,49.0,61.41
FR,2025,50.0,60.0
FR,2025,51.0,58.018
FR,2025,52.0,56.012
FR,2025,53.0,53.949
FR,2025,54.0,52.121
FR,2025,55.0,50.741
FR,2025,56.0,49.278
FR,2025,57.0,47.44
FR,2025,58.0,45.284
FR,2025,59.0,43.468
FR,2025,60.0,41.506
FR,2025,61.0,40.14
FR,2025,62.0,38.8
FR,2025,63.0,37.534
FR,2025,64.0,36.098
FR,2025,65.0,35.01
FR,2025,66.0,33.811
FR,2025,67.0,32.142
FR,2025,68.0,30.725
FR,2025,69.0,29.35
FR,2025,70.0,27.948
FR,2025,71.0,26.28
FR,2025,72.0,25.2
FR,2025,73.0,23.699
FR,2025,74.0,22.333
FR,2025,75.0,20.958
FR,2025,76.0,19.888
FR,2025,77.0,18.481
FR,2025,78.0,17.44
FR,2025,79.0,16.276
FR,2025,80.0,15.329
FR,2025,81.0,14.109
FR,2025,82.0,13.0
FR,2025,83.0,11.971
FR,2025,84.0,10.504
FR,2025,85.0,9.206
FR,2025,86.0,7.74
FR,2025,87.0,5.987
FR,2025,88.0,4.567
FR,2025,89.0,3.34
FR,2025,90.0,1.5
FR,2025,91.0,0.2
FR,2025,92.0,0.0
FR,2025,93.0,0.0
FR,2025,94.0,0.0
FR,2025,95.0,-0.01
FR,2025,96.0,-0.01
FR,2025,97.0,-0.04
FR,2025,98.0,-1.565
FR,2025,99.0,-7.394
FR,2025,100.0,-118.01
FR,2026,0.0,313.355
FR,2026,1.0,174.389
FR,2026,2.0,163.281
FR,2026,3.0,153.811
FR,2026,4.0,147.845
FR,2026,5.0,142.379
FR,2026,6.0,138.495
FR,2026,7.0,135.113
FR,2026,8.0,132.612
FR,2026,9.0,129.424
FR,2026,10.0,127.396
FR,2026,11.0,125.783
FR,2026,12.0,123.924
FR,2026,13.0,122.188
FR,2026,14.0,120.834
FR,2026,15.0,119.205
FR,2026,16.0,117.993
FR,2026,17.0,116.257
FR,2026,18.0,114.839
FR,2026,19.0,113.662
FR,2026,20.0,112.342
FR,2026,21.0,111.044
FR,2026,22.0,109.73
FR,2026,23.0,108.293
FR,2026,24.0,107.108
FR,2026,25.0,105.524
FR,2026,26.0,104.198
FR,2026,27.0,102.96
FR,2026,28.0,101.611
FR,2026,29.0,100.426
FR,2026,30.0,99.059
FR,2026,31.0,98.053
FR,2026,32.0,96.837
FR,2026,33.0,95.324
FR,2026,34.0,94.147
FR,2026,35.0,93.001
FR,2026,36.0,91.511
FR,2026,37.0,90.274
FR,2026,38.0,89.092
FR,2026,39.0,87.495
FR,2026,40.0,86.244
FR,2026,41.0,84.861
FR,2026,42.0,83.297
FR,2026,43.0,81.986
FR,2026,44.0,80.432
FR,2026,45.0,78.617
FR,2026,46.0,76.823
FR,2026,47.0,74.72
FR,2026,48.0,73.009
FR,2026,49.0,70.513
FR,2026,50.0,68.316
FR,2026,51.0,66.305
FR,2026,52.0,64.629
FR,2026,53.0,62.565
FR,2026,54.0,60.695
FR,2026,55.0,57.421
FR,2026,56.0,54.365
FR,2026,57.0,51.931
FR,2026,58.0,49.303
FR,2026,59.0,46.897
FR,2026,60.0,44.242
FR,2026,61.0,41.26
FR,2026,62.0,38.897
FR,2026,63.0,36.252
FR,2026,64.0,34.159
FR,2026,65.0,32.333
FR,2026,66.0,30.445
FR,2026,67.0,28.599
FR,2026,68.0,26.717
FR,2026,69.0,25.004
FR,2026,70.0,23.428
FR,2026,71.0,21.849
FR,2026,72.0,19.952
FR,2026,73.0,18.53
FR,2026,74.0,17.196
FR,2026,75.0,15.534
FR,2026,76.0,14.459
FR,2026,77.0,13.022
FR,2026,78.0,11.754
FR,2026,79.0,10.476
FR,2026,80.0,8.843
FR,2026,81.0,7.303
FR,2026,82.0,5.711
FR,2026,83.0,4.324
FR,2026,84.0,3.271
FR,2026,85.0,2.22
FR,2026,86.0,1.144
FR,2026,87.0,0.422
FR,2026,88.0,0.025
FR,2026,89.0,0.0
FR,2026,90.0,0.0
FR,2026,91.0,-0.002
FR,2026,92.0,-0.005
FR,2026,93.0,-0.01
FR,2026,94.0,-0.01
FR,2026,95.0,-0.025
FR,2026,96.0,-0.108
FR,2026,97.0,-1.702
FR,2026,98.0,-9.385
FR,2026,99.0,-29.773
FR,2026,100.0,-496.862
IT,2019,0.0,108.491
IT,2019,1.0,82.924
IT,2019,2.0,79.886
IT,2019,3.0,77.343
IT,2019,4.0,75.424
IT,2019,5.0,74.283
IT,2019,6.0,73.412
IT,2019,7.0,72.491
IT,2019,8.0,71.561
IT,2019,9.0,70.687
IT,2019,10.0,69.729
IT,2019,11.0,68.653
IT,2019,12.0,67.857
IT,2019,13.0,66.968
IT,2019,14.0,66.26
IT,2019,15.0,65.426
IT,2019,16.0,64.897
IT,2019,17.0,64.23
IT,2019,18.0,63.55
IT,2019,19.0,62.95
IT,2019,20.0,62.389
IT,2019,21.0,61.92
IT,2019,22.0,61.357
IT,2019,23.0,60.922
IT,2019,24.0,60.569
IT,2019,25.0,60.128
IT,2019,26.0,59.801
IT,2019,27.0,59.371
IT,2019,28.0,59.001
IT,2019,29.0,58.642
IT,2019,30.0,58.28
IT,2019,31.0,57.851
IT,2019,32.0,57.516
IT,2019,33.0,57.085
IT,2019,34.0,56.77
IT,2019,35.0,56.425
IT,2019,36.0,56.1
IT,2019,37.0,55.8
IT,2019,38.0,55.496
IT,2019,39.0,55.15
IT,2019,40.0,54.845
IT,2019,41.0,54.489
IT,2019,42.0,54.15
IT,2019,43.0,53.838
IT,2019,44.0,53.42
IT,2019,45.0,53.007
IT,2019,46.0,52.753
IT,2019,47.0,52.457
IT,2019,48.0,52.08
IT,2019,49.0,51.78
IT,2019,50.0,51.405
IT,2019,51.0,51.048
IT,2019,52.0,50.773
IT,2019,53.0,50.419
IT,2019,54.0,50.02
IT,2019,55.0,49.841
IT,2019,56.0,49.541
IT,2019,57.0,49.229
IT,2019,58.0,48.952
IT,2019,59.0,48.63
IT,2019,60.0,48.279
IT,2019,61.0,48.0
IT,2019,62.0,47.69
IT,2019,63.0,47.37
IT,2019,64.0,47.077
IT,2019,65.0,46.762
IT,2019,66.0,46.39
IT,2019,67.0,46.104
IT,2019,68.0,45.823
IT,2019,69.0,45.542
IT,2019,70.0,45.21
IT,2019,71.0,45.0
IT,2019,72.0,44.663
IT,2019,73.0,44.363
IT,2019,74.0,44.066
IT,2019,75.0,43.768
IT,2019,76.0,43.465
IT,2019,77.0,43.129
IT,2019,78.0,42.706
IT,2019,79.0,42.417
IT,2019,80.0,42.046
IT,2019,81.0,41.697
IT,2019,82.0,41.269
IT,2019,83.0,40.83
IT,2019,84.0,40.408
IT,2019,85.0,40.0
IT,2019,86.0,39.758
IT,2019,87.0,39.158
IT,2019,88.0,38.81
IT,2019,89.0,38.19
IT,2019,90.0,37.646
IT,2019,91.0,36.99
IT,2019,92.0,36.329
IT,2019,93.0,35.51
IT,2019,94.0,34.97
IT,2019,95.0,34.008
IT,2019,96.0,32.85
IT,2019,97.0,31.266
IT,2019,98.0,29.181
IT,2019,99.0,22.195
IT,2019,100.0,1.0
IT,2020,0.0,162.596
IT,2020,1.0,77.94
IT,2020,2.0,72.343
IT,2020,3.0,69.119
IT,2020,4.0,66.217
IT,2020,5.0,64.444
IT,2020,6.0,62.676
IT,2020,7.0,61.144
IT,2020,8.0,59.575
IT,2020,9.0,58.349
IT,2020,10.0,57.258
IT,2020,11.0,56.054
IT,2020,12.0,55.163
IT,2020,13.0,54.426
IT,2020,14.0,53.541
IT,2020,15.0,52.865
IT,2020,16.0,52.129
IT,2020,17.0,51.47
IT,2020,18.0,50.915
IT,2020,19.0,50.271
IT,2020,20.0,49.946
IT,2020,21.0,49.331
IT,2020,22.0,48.797
IT,2020,23.0,48.364
IT,2020,24.0,47.906
IT,2020,25.0,47.383
IT,2020,26.0,46.95
IT,2020,27.0,46.487
IT,2020,28.0,46.027
IT,2020,29.0,45.705
IT,2020,30.0,45.292
IT,2020,31.0,44.95
IT,2020,32.0,44.551
IT,2020,33.0,44.165
IT,2020,34.0,43.863
IT,2020,35.0,43.461
IT,2020,36.0,43.13
IT,2020,37.0,42.806
IT,2020,38.0,42.464
IT,2020,39.0,42.14
IT,2020,40.0,41.833
IT,2020,41.0,41.44
IT,2020,42.0,41.09
IT,2020,43.0,40.746
IT,2020,44.0,40.348
IT,2020,45.0,40.0
IT,2020,46.0,39.8
IT,2020,47.0,39.475
IT,2020,48.0,39.141
IT,2020,49.0,38.874
IT,2020,50.0,38.466
IT,2020,51.0,38.102
IT,2020,52.0,37.854
IT,2020,53.0,37.52
IT,2020,54.0,37.2
IT,2020,55.0,36.945
IT,2020,56.0,36.605
IT,2020,57.0,36.221
IT,2020,58.0,35.909
IT,2020,59.0,35.5
IT,2020,60.0,35.1
IT,2020,61.0,34.874
IT,2020,62.0,34.434
IT,2020,63.0,34.0
IT,2020,64.0,33.533
IT,2020,65.0,33.0
IT,2020,66.0,32.611
IT,2020,67.0,32.13
IT,2020,68.0,31.711
IT,2020,69.0,31.13
IT,2020,70.0,30.723
IT,2020,71.0,30.282
IT,2020,72.0,30.0
IT,2020,73.0,29.603
IT,2020,74.0,29.049
IT,2020,75.0,28.67
IT,2020,76.0,28.149
IT,2020,77.0,27.71
IT,2020,78.0,27.268
IT,2020,79.0,26.648
IT,2020,80.0,26.111
IT,2020,81.0,25.72
IT,2020,82.0,25.3
IT,2020,83.0,25.0
IT,2020,84.0,24.761
IT,2020,85.0,24.1
IT,2020,86.0,23.513
IT,2020,87.0,22.899
IT,2020,88.0,22.06
IT,2020,89.0,21.4
IT,2020,90.0,20.65
IT,2020,91.0,20.0
IT,2020,92.0,19.64
IT,2020,93.0,18.994
IT,2020,94.0,18.01
IT,2020,95.0,16.96
IT,2020,96.0,15.893
IT,2020,97.0,14.77
IT,2020,98.0,11.585
IT,2020,99.0,8.0
IT,2020,100.0,0.0
IT,2021,0.0,533.19
IT,2021,1.0,381.166
IT,2021,2.0,339.577
IT,2021,3.0,319.275
IT,2021,4.0,304.341
IT,2021,5.0,290.508
IT,2021,6.0,277.881
IT,2021,7.0,267.209
IT,2021,8.0,256.282
IT,2021,9.0,250.007
IT,2021,10.0,243.023
IT,2021,11.0,236.882
IT,2021,12.0,231.239
IT,2021,13.0,226.701
IT,2021,14.0,221.99
IT,2021,15.0,217.857
IT,2021,16.0,213.103
IT,2021,17.0,208.496
IT,2021,18.0,203.871
IT,2021,19.0,198.9
IT,2021,20.0,193.84
IT,2021,21.0,189.04
IT,2021,22.0,184.7
IT,2021,23.0,180.284
IT,2021,24.0,177.576
IT,2021,25.0,173.586
IT,2021,26.0,168.69
IT,2021,27.0,163.502
IT,2021,28.0,158.489
IT,2021,29.0,152.728
IT,2021,30.0,146.265
IT,2021,31.0,141.427
IT,2021,32.0,137.19
IT,2021,33.0,132.058
IT,2021,34.0,127.902
IT,2021,35.0,124.402
IT,2021,36.0,121.085
IT,2021,37.0,119.239
IT,2021,38.0,117.092
IT,2021,39.0,114.996
IT,2021,40.0,112.828
IT,2021,41.0,110.908
IT,2021,42.0,109.2
IT,2021,43.0,106.859
IT,2021,44.0,105.0
IT,2021,45.0,102.939
IT,2021,46.0,101.339
IT,2021,47.0,99.822
IT,2021,48.0,98.14
IT,2021,49.0,96.091
IT,2021,50.0,94.517
IT,2021,51.0,92.434
IT,2021,52.0,90.24
IT,2021,53.0,88.589
IT,2021,54.0,87.131
IT,2021,55.0,85.947
IT,2021,56.0,84.979
IT,2021,57.0,83.431
IT,2021,58.0,82.234
IT,2021,59.0,81.0
IT,2021,60.0,79.963
IT,2021,61.0,78.683
IT,2021,62.0,77.426
IT,2021,63.0,76.353
IT,2021,64.0,75.298
IT,2021,65.0,74.336
IT,2021,66.0,73.446
IT,2021,67.0,72.593
IT,2021,68.0,71.65
IT,2021,69.0,70.723
IT,2021,70.0,69.962
IT,2021,71.0,69.175
IT,2021,72.0,68.32
IT,2021,73.0,67.63
IT,2021,74.0,66.78
IT,2021,75.0,65.857
IT,2021,76.0,65.102
IT,2021,77.0,64.461
IT,2021,78.0,63.66
IT,2021,79.0,62.941
IT,2021,80.0,62.194
IT,2021,81.0,61.305
IT,2021,82.0,60.606
IT,2021,83.0,60.0
IT,2021,84.0,59.313
IT,2021,85.0,58.339
IT,2021,86.0,57.651
IT,2021,87.0,56.547
IT,2021,88.0,55.73
IT,2021,89.0,54.688
IT,2021,90.0,53.71
IT,2021,91.0,52.767
IT,2021,92.0,51.76
IT,2021,93.0,50.231
IT,2021,94.0,49.276
IT,2021,95.0,47.9
IT,2021,96.0,46.019
IT,2021,97.0,43.733
IT,2021,98.0,40.1
IT,2021,99.0,34.873
IT,2021,100.0,3.0
IT,2022,0.0,870.0
IT,2022,1.0,702.936
IT,2022,2.0,650.0
IT,2022,3.0,619.353
IT,2022,4.0,592.901
IT,2022,5.0,571.362
IT,2022,6.0,551.8
IT,2022,7.0,534.979
IT,2022,8.0,518.485
IT,2022,9.0,502.686
IT,2022,10.0,493.048
IT,2022,11.0,480.207
IT,2022,12.0,470.311
IT,2022,13.0,462.3
IT,2022,14.0,454.512
IT,2022,15.0,450.0
IT,2022,16.0,443.595
IT,2022,17.0,435.7
IT,2022,18.0,429.683
IT,2022,19.0,423.076
IT,2022,20.0,416.777
IT,2022,21.0,410.392
IT,2022,22.0,403.701
IT,2022,23.0,396.41
IT,2022,24.0,388.156
IT,2022,25.0,380.528
IT,2022,26.0,374.646
IT,2022,27.0,369.002
IT,2022,28.0,361.899
IT,2022,29.0,356.158
IT,2022,30.0,350.0
IT,2022,31.0,344.387
IT,2022,32.0,337.002
IT,2022,33.0,330.964
IT,2022,34.0,326.223
IT,2022,35.0,320.04
IT,2022,36.0,314.69
IT,2022,37.0,309.782
IT,2022,38.0,304.742
IT,2022,39.0,300.0
IT,2022,40.0,297.132
IT,2022,41.0,293.2
IT,2022,42.0,290.0
IT,2022,43.0,286.459
IT,2022,44.0,281.98
IT,2022,45.0,278.479
IT,2022,46.0,275.17
IT,2022,47.0,272.47
IT,2022,48.0,268.964
IT,2022,49.0,266.508
IT,2022,50.0,264.265
IT,2022,51.0,261.127
IT,2022,52.0,258.899
IT,2022,53.0,256.494
IT,2022,54.0,253.467
IT,2022,55.0,250.0
IT,2022,56.0,248.258
IT,2022,57.0,245.62
IT,2022,58.0,243.039
IT,2022,59.0,241.035
IT,2022,60.0,239.3
IT,2022,61.0,236.935
IT,2022,62.0,234.911
IT,2022,63.0,232.63
IT,2022,64.0,230.679
IT,2022,65.0,228.876
IT,2022,66.0,227.091
IT,2022,67.0,225.0
IT,2022,68.0,223.109
IT,2022,69.0,221.37
IT,2022,70.0,219.417
IT,2022,71.0,217.901
IT,2022,72.0,215.85
IT,2022,73.0,214.368
IT,2022,74.0,212.745
IT,2022,75.0,210.792
IT,2022,76.0,209.312
IT,2022,77.0,207.419
IT,2022,78.0,205.21
IT,2022,79.0,203.385
IT,2022,80.0,201.198
IT,2022,81.0,199.882
IT,2022,82.0,197.766
IT,2022,83.0,195.7
IT,2022,84.0,193.456
IT,2022,85.0,190.92
IT,2022,86.0,188.421
IT,2022,87.0,185.0
IT,2022,88.0,182.072
IT,2022,89.0,179.347
IT,2022,90.0,174.618
IT,2022,91.0,169.848
IT,2022,92.0,164.987
IT,2022,93.0,157.815
IT,2022,94.0,151.177
IT,2022,95.0,144.02
IT,2022,96.0,134.408
IT,2022,97.0,121.614
IT,2022,98.0,106.035
IT,2022,99.0,92.873
IT,2022,100.0,10.0
IT,2023,0.0,295.0
IT,2023,1.0,225.349
IT,2023,2.0,213.429
IT,2023,3.0,204.02
IT,2023,4.0,198.223
IT,2023,5.0,193.672
IT,2023,6.0,189.985
IT,2023,7.0,186.209
IT,2023,8.0,182.095
IT,2023,9.0,179.657
IT,2023,10.0,175.465
IT,2023,11.0,172.81
IT,2023,12.0,170.0
IT,2023,13.0,167.66
IT,2023,14.0,165.0
IT,2023,15.0,162.96
IT,2023,16.0,160.891
IT,2023,17.0,159.308
IT,2023,18.0,157.233
IT,2023,19.0,155.0
IT,2023,20.0,153.493
IT,2023,21.0,151.558
IT,2023,22.0,150.07
IT,2023,23.0,149.494
IT,2023,24.0,147.998
IT,2023,25.0,146.55
IT,2023,26.0,145.113
IT,2023,27.0,143.831
IT,2023,28.0,142.373
IT,2023,29.0,141.296
IT,2023,30.0,140.223
IT,2023,31.0,139.543
IT,2023,32.0,138.282
IT,2023,33.0,137.105
IT,2023,34.0,135.798
IT,2023,35.0,135.0
IT,2023,36.0,133.935
IT,2023,37.0,133.012
IT,2023,38.0,132.037
IT,2023,39.0,131.14
IT,2023,40.0,130.179
IT,2023,41.0,129.698
IT,2023,42.0,128.682
IT,2023,43.0,127.925
IT,2023,44.0,126.83
IT,2023,45.0,125.915
IT,2023,46.0,125.0
IT,2023,47.0,124.383
IT,2023,48.0,123.71
IT,2023,49.0,123.0
IT,2023,50.0,122.065
IT,2023,51.0,121.317
IT,2023,52.0,120.3
IT,2023,53.0,119.76
IT,2023,54.0,118.98
IT,2023,55.0,118.065
IT,2023,56.0,117.229
IT,2023,57.0,116.466
IT,2023,58.0,115.59
IT,2023,59.0,115.04
IT,2023,60.0,114.643
IT,2023,61.0,113.94
IT,2023,62.0,113.366
IT,2023,63.0,112.657
IT,2023,64.0,111.981
IT,2023,65.0,111.23
IT,2023,66.0,110.534
IT,2023,67.0,110.0
IT,2023,68.0,109.52
IT,2023,69.0,108.946
IT,2023,70.0,108.2
IT,2023,71.0,107.5
IT,2023,72.0,106.925
IT,2023,73.0,106.199
IT,2023,74.0,105.5
IT,2023,75.0,104.867
IT,2023,76.0,104.002
IT,2023,77.0,103.128
IT,2023,78.0,102.52
IT,2023,79.0,101.543
IT,2023,80.0,100.735
IT,2023,81.0,100.0
IT,2023,82.0,99.5
IT,2023,83.0,98.499
IT,2023,84.0,97.504
IT,2023,85.0,96.568
IT,2023,86.0,95.523
IT,2023,87.0,94.9
IT,2023,88.0,93.78
IT,2023,89.0,92.68
IT,2023,90.0,91.077
IT,2023,91.0,89.588
IT,2023,92.0,87.601
IT,2023,93.0,85.599
IT,2023,94.0,83.551
IT,2023,95.0,80.099
IT,2023,96.0,76.686
IT,2023,97.0,70.09
IT,2023,98.0,55.669
IT,2023,99.0,35.143
IT,2023,100.0,2.361
IT,2024,0.0,275.078
IT,2024,1.0,192.457
IT,2024,2.0,178.883
IT,2024,3.0,171.176
IT,2024,4.0,166.513
IT,2024,5.0,162.076
IT,2024,6.0,158.418
IT,2024,7.0,154.701
IT,2024,8.0,151.663
IT,2024,9.0,148.969
IT,2024,10.0,145.722
IT,2024,11.0,143.395
IT,2024,12.0,141.047
IT,2024,13.0,139.25
IT,2024,14.0,136.826
IT,2024,15.0,135.046
IT,2024,16.0,133.759
IT,2024,17.0,131.698
IT,2024,18.0,130.232
IT,2024,19.0,129.256
IT,2024,20.0,127.558
IT,2024,21.0,125.966
IT,2024,22.0,125.0
IT,2024,23.0,123.91
IT,2024,24.0,123.061
IT,2024,25.0,122.04
IT,2024,26.0,121.039
IT,2024,27.0,120.1
IT,2024,28.0,119.862
IT,2024,29.0,119.06
IT,2024,30.0,118.185
IT,2024,31.0,117.543
IT,2024,32.0,116.89
IT,2024,33.0,116.124
IT,2024,34.0,115.427
IT,2024,35.0,115.0
IT,2024,36.0,114.349
IT,2024,37.0,113.685
IT,2024,38.0,112.911
IT,2024,39.0,112.0
IT,2024,40.0,111.268
IT,2024,41.0,110.707
IT,2024,42.0,110.061
IT,2024,43.0,109.926
IT,2024,44.0,109.307
IT,2024,45.0,108.77
IT,2024,46.0,108.118
IT,2024,47.0,107.54
IT,2024,48.0,106.992
IT,2024,49.0,106.389
IT,2024,50.0,105.826
IT,2024,51.0,105.217
IT,2024,52.0,105.0
IT,2024,53.0,104.65
IT,2024,54.0,104.049
IT,2024,55.0,103.46
IT,2024,56.0,103.0
IT,2024,57.0,102.378
IT,2024,58.0,101.82
IT,2024,59.0,101.29
IT,2024,60.0,100.796
IT,2024,61.0,100.176
IT,2024,62.0,100.0
IT,2024,63.0,99.457
IT,2024,64.0,99.0
IT,2024,65.0,98.472
IT,2024,66.0,97.9
IT,2024,67.0,97.228
IT,2024,68.0,96.723
IT,2024,69.0,96.0
IT,2024,70.0,95.382
IT,2024,71.0,95.0
IT,2024,72.0,94.344
IT,2024,73.0,93.668
IT,2024,74.0,92.93
IT,2024,75.0,92.056
IT,2024,76.0,91.308
IT,2024,77.0,90.603
IT,2024,78.0,90.09
IT,2024,79.0,89.694
IT,2024,80.0,88.779
IT,2024,81.0,87.807
IT,2024,82.0,86.629
IT,2024,83.0,85.703
IT,2024,84.0,85.0
IT,2024,85.0,84.0
IT,2024,86.0,83.0
IT,2024,87.0,81.537
IT,2024,88.0,80.0
IT,2024,89.0,78.78
IT,2024,90.0,77.121
IT,2024,91.0,75.335
IT,2024,92.0,73.276
IT,2024,93.0,71.0
IT,2024,94.0,69.18
IT,2024,95.0,65.616
IT,2024,96.0,61.873
IT,2024,97.0,56.292
IT,2024,98.0,46.482
IT,2024,99.0,29.997
IT,2024,100.0,0.1
IT,2025,0.0,289.0
IT,2025,1.0,185.841
IT,2025,2.0,175.678
IT,2025,3.0,170.0
IT,2025,4.0,165.059
IT,2025,5.0,161.321
IT,2025,6.0,158.799
IT,2025,7.0,155.85
IT,2025,8.0,153.677
IT,2025,9.0,151.785
IT,2025,10.0,150.054
IT,2025,11.0,148.95
IT,2025,12.0,147.322
IT,2025,13.0,145.688
IT,2025,14.0,144.239
IT,2025,15.0,143.0
IT,2025,16.0,141.592
IT,2025,17.0,140.289
IT,2025,18.0,139.524
IT,2025,19.0,138.092
IT,2025,20.0,136.762
IT,2025,21.0,135.709
IT,2025,22.0,135.0
IT,2025,23.0,134.133
IT,2025,24.0,133.19
IT,2025,25.0,132.312
IT,2025,26.0,131.575
IT,2025,27.0,130.651
IT,2025,28.0,130.0
IT,2025,29.0,129.299
IT,2025,30.0,128.504
IT,2025,31.0,127.6
IT,2025,32.0,126.78
IT,2025,33.0,125.952
IT,2025,34.0,125.15
IT,2025,35.0,124.901
IT,2025,36.0,124.038
IT,2025,37.0,123.174
IT,2025,38.0,122.34
IT,2025,39.0,121.534
IT,2025,40.0,120.826
IT,2025,41.0,120.088
IT,2025,42.0,119.966
IT,2025,43.0,119.217
IT,2025,44.0,118.506
IT,2025,45.0,117.9
IT,2025,46.0,117.254
IT,2025,47.0,116.663
IT,2025,48.0,115.916
IT,2025,49.0,115.207
IT,2025,50.0,114.993
IT,2025,51.0,114.47
IT,2025,52.0,114.0
IT,2025,53.0,113.366
IT,2025,54.0,112.804
IT,2025,55.0,112.09
IT,2025,56.0,111.655
IT,2025,57.0,111.1
IT,2025,58.0,110.585
IT,2025,59.0,110.03
IT,2025,60.0,109.825
IT,2025,61.0,109.218
IT,2025,62.0,108.606
IT,2025,63.0,108.01
IT,2025,64.0,107.551
IT,2025,65.0,106.969
IT,2025,66.0,106.46
IT,2025,67.0,105.93
IT,2025,68.0,105.41
IT,2025,69.0,105.1
IT,2025,70.0,105.1
IT,2025,71.0,104.781
IT,2025,72.0,104.25
IT,2025,73.0,103.679
IT,2025,74.0,102.965
IT,2025,75.0,102.35
IT,2025,76.0,101.855
IT,2025,77.0,101.237
IT,2025,78.0,100.44
IT,2025,79.0,99.978
IT,2025,80.0,99.233
IT,2025,81.0,98.51
IT,2025,82.0,97.673
IT,2025,83.0,97.1
IT,2025,84.0,96.218
IT,2025,85.0,95.12
IT,2025,86.0,94.4
IT,2025,87.0,93.467
IT,2025,88.0,91.745
IT,2025,89.0,90.0
IT,2025,90.0,88.39
IT,2025,91.0,85.919
IT,2025,92.0,83.073
IT,2025,93.0,79.53
IT,2025,94.0,74.331
IT,2025,95.0,68.417
IT,2025,96.0,59.067
IT,2025,97.0,46.151
IT,2025,98.0,25.594
IT,2025,99.0,13.994
IT,2025,100.0,0.0
IT,2026,0.0,284.506
IT,2026,1.0,195.753
IT,2026,2.0,186.837
IT,2026,3.0,180.125
IT,2026,4.0,176.995
IT,2026,5.0,174.352
IT,2026,6.0,172.62
IT,2026,7.0,170.386
IT,2026,8.0,168.773
IT,2026,9.0,166.747
IT,2026,10.0,165.148
IT,2026,11.0,163.283
IT,2026,12.0,161.92
IT,2026,13.0,160.426
IT,2026,14.0,159.373
IT,2026,15.0,158.05
IT,2026,16.0,156.914
IT,2026,17.0,155.525
IT,2026,18.0,154.529
IT,2026,19.0,153.625
IT,2026,20.0,152.814
IT,2026,21.0,151.882
IT,2026,22.0,151.158
IT,2026,23.0,150.322
IT,2026,24.0,149.747
IT,2026,25.0,148.991
IT,2026,26.0,148.055
IT,2026,27.0,147.406
IT,2026,28.0,146.444
IT,2026,29.0,145.763
IT,2026,30.0,145.1
IT,2026,31.0,144.617
IT,2026,32.0,143.624
IT,2026,33.0,143.0
IT,2026,34.0,142.35
IT,2026,35.0,141.758
IT,2026,36.0,141.055
IT,2026,37.0,140.421
IT,2026,38.0,140.0
IT,2026,39.0,139.565
IT,2026,40.0,139.072
IT,2026,41.0,138.38
IT,2026,42.0,137.552
IT,2026,43.0,136.736
IT,2026,44.0,136.052
IT,2026,45.0,135.448
IT,2026,46.0,135.0
IT,2026,47.0,134.38
IT,2026,48.0,133.805
IT,2026,49.0,133.077
IT,2026,50.0,132.584
IT,2026,51.0,131.826
IT,2026,52.0,130.94
IT,2026,53.0,130.102
IT,2026,54.0,130.1
IT,2026,55.0,130.0
IT,2026,56.0,129.57
IT,2026,57.0,128.891
IT,2026,58.0,128.234
IT,2026,59.0,127.655
IT,2026,60.0,126.905
IT,2026,61.0,126.241
IT,2026,62.0,125.589
IT,2026,63.0,124.938
IT,2026,64.0,124.039
IT,2026,65.0,123.367
IT,2026,66.0,122.699
IT,2026,67.0,122.045
IT,2026,68.0,121.347
IT,2026,69.0,120.68
IT,2026,70.0,120.046
IT,2026,71.0,119.19
IT,2026,72.0,118.29
IT,2026,73.0,117.288
IT,2026,74.0,116.455
IT,2026,75.0,115.35
IT,2026,76.0,114.366
IT,2026,77.0,113.186
IT,2026,78.0,112.062
IT,2026,79.0,110.279
IT,2026,80.0,109.236
IT,2026,81.0,107.751
IT,2026,82.0,106.468
IT,2026,83.0,105.1
IT,2026,84.0,104.23
IT,2026,85.0,102.434
IT,2026,86.0,100.197
IT,2026,87.0,98.686
IT,2026,88.0,96.497
IT,2026,89.0,94.972
IT,2026,90.0,92.251
IT,2026,91.0,88.431
IT,2026,92.0,81.67
IT,2026,93.0,74.09
IT,2026,94.0,62.671
IT,2026,95.0,53.257
IT,2026,96.0,38.379
IT,2026,97.0,28.699
IT,2026,98.0,13.601
IT,2026,99.0,6.596
IT,2026,100.0,0.0
PT,2019,0.0,74.74
PT,2019,1.0,69.807
PT,2019,2.0,68.4
PT,2019,3.0,67.662
PT,2019,4.0,66.496
PT,2019,5.0,65.0
PT,2019,6.0,63.645
PT,2019,7.0,62.01
PT,2019,8.0,60.796
PT,2019,9.0,59.974
PT,2019,10.0,59.381
PT,2019,11.0,58.9
PT,2019,12.0,58.58
PT,2019,13.0,58.09
PT,2019,14.0,57.75
PT,2019,15.0,57.316
PT,2019,16.0,56.94
PT,2019,17.0,56.56
PT,2019,18.0,56.26
PT,2019,19.0,56.02
PT,2019,20.0,55.78
PT,2019,21.0,55.51
PT,2019,22.0,55.26
PT,2019,23.0,55.04
PT,2019,24.0,54.94
PT,2019,25.0,54.66
PT,2019,26.0,54.47
PT,2019,27.0,54.101
PT,2019,28.0,53.965
PT,2019,29.0,53.6
PT,2019,30.0,53.293
PT,2019,31.0,53.027
PT,2019,32.0,52.841
PT,2019,33.0,52.54
PT,2019,34.0,52.27
PT,2019,35.0,52.0
PT,2019,36.0,51.798
PT,2019,37.0,51.59
PT,2019,38.0,51.382
PT,2019,39.0,51.19
PT,2019,40.0,51.0
PT,2019,41.0,50.87
PT,2019,42.0,50.55
PT,2019,43.0,50.45
PT,2019,44.0,50.24
PT,2019,45.0,50.1
PT,2019,46.0,50.0
PT,2019,47.0,49.87
PT,2019,48.0,49.527
PT,2019,49.0,49.201
PT,2019,50.0,49.0
PT,2019,51.0,48.87
PT,2019,52.0,48.56
PT,2019,53.0,48.34
PT,2019,54.0,48.03
PT,2019,55.0,47.796
PT,2019,56.0,47.5
PT,2019,57.0,47.254
PT,2019,58.0,47.01
PT,2019,59.0,46.85
PT,2019,60.0,46.5
PT,2019,61.0,46.18
PT,2019,62.0,46.0
PT,2019,63.0,45.77
PT,2019,64.0,45.5
PT,2019,65.0,45.166
PT,2019,66.0,45.0
PT,2019,67.0,44.71
PT,2019,68.0,44.4
PT,2019,69.0,44.07
PT,2019,70.0,43.81
PT,2019,71.0,43.5
PT,2019,72.0,43.1
PT,2019,73.0,42.85
PT,2019,74.0,42.51
PT,2019,75.0,42.208
PT,2019,76.0,41.952
PT,2019,77.0,41.54
PT,2019,78.0,41.1
PT,2019,79.0,40.85
PT,2019,80.0,40.46
PT,2019,81.0,40.0
PT,2019,82.0,39.676
PT,2019,83.0,39.2
PT,2019,84.0,38.884
PT,2019,85.0,38.226
PT,2019,86.0,37.805
PT,2019,87.0,37.0
PT,2019,88.0,36.291
PT,2019,89.0,35.82
PT,2019,90.0,35.259
PT,2019,91.0,34.663
PT,2019,92.0,33.68
PT,2019,93.0,32.51
PT,2019,94.0,31.5
PT,2019,95.0,30.01
PT,2019,96.0,29.0
PT,2019,97.0,26.508
PT,2019,98.0,20.622
PT,2019,99.0,6.461
PT,2019,100.0,0.01
PT,2020,0.0,68.9
PT,2020,1.0,56.624
PT,2020,2.0,54.557
PT,2020,3.0,53.28
PT,2020,4.0,52.53
PT,2020,5.0,51.73
PT,2020,6.0,50.92
PT,2020,7.0,50.274
PT,2020,8.0,49.87
PT,2020,9.0,49.16
PT,2020,10.0,48.42
PT,2020,11.0,47.86
PT,2020,12.0,47.081
PT,2020,13.0,46.534
PT,2020,14.0,46.07
PT,2020,15.0,45.561
PT,2020,16.0,45.07
PT,2020,17.0,44.86
PT,2020,18.0,44.451
PT,2020,19.0,44.01
PT,2020,20.0,43.664
PT,2020,21.0,43.206
PT,2020,22.0,42.93
PT,2020,23.0,42.61
PT,2020,24.0,42.221
PT,2020,25.0,41.94
PT,2020,26.0,41.634
PT,2020,27.0,41.362
PT,2020,28.0,41.06
PT,2020,29.0,40.699
PT,2020,30.0,40.371
PT,2020,31.0,40.1
PT,2020,32.0,40.0
PT,2020,33.0,39.79
PT,2020,34.0,39.53
PT,2020,35.0,39.189
PT,2020,36.0,38.99
PT,2020,37.0,38.613
PT,2020,38.0,38.3
PT,2020,39.0,38.05
PT,2020,40.0,37.818
PT,2020,41.0,37.55
PT,2020,42.0,37.21
PT,2020,43.0,37.0
PT,2020,44.0,36.7
PT,2020,45.0,36.29
PT,2020,46.0,36.058
PT,2020,47.0,35.66
PT,2020,48.0,35.212
PT,2020,49.0,35.0
PT,2020,50.0,34.64
PT,2020,51.0,34.267
PT,2020,52.0,34.01
PT,2020,53.0,33.64
PT,2020,54.0,33.322
PT,2020,55.0,33.01
PT,2020,56.0,32.705
PT,2020,57.0,32.317
PT,2020,58.0,32.049
PT,2020,59.0,31.66
PT,2020,60.0,31.262
PT,2020,61.0,30.957
PT,2020,62.0,30.575
PT,2020,63.0,30.287
PT,2020,64.0,30.02
PT,2020,65.0,29.9
PT,2020,66.0,29.512
PT,2020,67.0,29.1
PT,2020,68.0,28.876
PT,2020,69.0,28.5
PT,2020,70.0,28.1
PT,2020,71.0,27.921
PT,2020,72.0,27.522
PT,2020,73.0,27.2
PT,2020,74.0,27.0
PT,2020,75.0,26.51
PT,2020,76.0,26.2
PT,2020,77.0,26.0
PT,2020,78.0,25.51
PT,2020,79.0,25.09
PT,2020,80.0,24.818
PT,2020,81.0,24.3
PT,2020,82.0,24.0
PT,2020,83.0,23.191
PT,2020,84.0,22.67
PT,2020,85.0,22.0
PT,2020,86.0,21.25
PT,2020,87.0,20.64
PT,2020,88.0,20.01
PT,2020,89.0,19.51
PT,2020,90.0,18.833
PT,2020,91.0,18.02
PT,2020,92.0,17.01
PT,2020,93.0,16.01
PT,2020,94.0,15.0
PT,2020,95.0,14.01
PT,2020,96.0,12.663
PT,2020,97.0,11.344
PT,2020,98.0,9.826
PT,2020,99.0,5.926
PT,2020,100.0,1.02
PT,2021,0.0,409.0
PT,2021,1.0,334.552
PT,2021,2.0,307.924
PT,2021,3.0,285.23
PT,2021,4.0,265.346
PT,2021,5.0,254.758
PT,2021,6.0,248.019
PT,2021,7.0,240.45
PT,2021,8.0,234.036
PT,2021,9.0,228.864
PT,2021,10.0,223.001
PT,2021,11.0,218.302
PT,2021,12.0,214.477
PT,2021,13.0,207.763
PT,2021,14.0,202.0
PT,2021,15.0,198.41
PT,2021,16.0,194.06
PT,2021,17.0,190.829
PT,2021,18.0,187.815
PT,2021,19.0,184.579
PT,2021,20.0,180.3
PT,2021,21.0,177.0
PT,2021,22.0,173.891
PT,2021,23.0,168.843
PT,2021,24.0,162.816
PT,2021,25.0,157.7
PT,2021,26.0,152.536
PT,2021,27.0,147.35
PT,2021,28.0,141.418
PT,2021,29.0,137.78
PT,2021,30.0,132.5
PT,2021,31.0,127.384
PT,2021,32.0,122.81
PT,2021,33.0,119.97
PT,2021,34.0,116.727
PT,2021,35.0,113.05
PT,2021,36.0,110.0
PT,2021,37.0,107.49
PT,2021,38.0,105.117
PT,2021,39.0,103.55
PT,2021,40.0,101.466
PT,2021,41.0,100.03
PT,2021,42.0,99.194
PT,2021,43.0,97.91
PT,2021,44.0,96.081
PT,2021,45.0,95.0
PT,2021,46.0,93.509
PT,2021,47.0,92.54
PT,2021,48.0,91.45
PT,2021,49.0,90.073
PT,2021,50.0,89.5
PT,2021,51.0,88.608
PT,2021,52.0,87.343
PT,2021,53.0,86.6
PT,2021,54.0,85.081
PT,2021,55.0,84.27
PT,2021,56.0,83.35
PT,2021,57.0,82.544
PT,2021,58.0,81.068
PT,2021,59.0,80.0
PT,2021,60.0,79.19
PT,2021,61.0,78.02
PT,2021,62.0,76.723
PT,2021,63.0,75.567
PT,2021,64.0,74.53
PT,2021,65.0,73.35
PT,2021,66.0,72.02
PT,2021,67.0,70.68
PT,2021,68.0,69.61
PT,2021,69.0,68.262
PT,2021,70.0,66.844
PT,2021,71.0,65.712
PT,2021,72.0,64.695
PT,2021,73.0,63.149
PT,2021,74.0,62.01
PT,2021,75.0,61.018
PT,2021,76.0,60.002
PT,2021,77.0,58.961
PT,2021,78.0,57.459
PT,2021,79.0,56.053
PT,2021,80.0,54.99
PT,2021,81.0,53.582
PT,2021,82.0,52.01
PT,2021,83.0,50.401
PT,2021,84.0,48.668
PT,2021,85.0,46.832
PT,2021,86.0,44.705
PT,2021,87.0,43.047
PT,2021,88.0,40.521
PT,2021,89.0,38.5
PT,2021,90.0,36.463
PT,2021,91.0,33.619
PT,2021,92.0,29.8
PT,2021,93.0,26.412
PT,2021,94.0,22.742
PT,2021,95.0,18.397
PT,2021,96.0,14.0
PT,2021,97.0,9.405
PT,2021,98.0,3.5
PT,2021,99.0,1.95
PT,2021,100.0,0.0
PT,2022,0.0,651.0
PT,2022,1.0,395.651
PT,2022,2.0,330.066
PT,2022,3.0,291.011
PT,2022,4.0,277.998
PT,2022,5.0,268.044
PT,2022,6.0,260.79
PT,2022,7.0,255.0
PT,2022,8.0,250.0
PT,2022,9.0,247.371
PT,2022,10.0,243.47
PT,2022,11.0,240.0
PT,2022,12.0,237.198
PT,2022,13.0,233.96
PT,2022,14.0,230.042
PT,2022,15.0,227.98
PT,2022,16.0,225.006
PT,2022,17.0,222.78
PT,2022,18.0,220.26
PT,2022,19.0,218.5
PT,2022,20.0,216.01
PT,2022,21.0,214.9
PT,2022,22.0,212.6
PT,2022,23.0,210.254
PT,2022,24.0,208.968
PT,2022,25.0,206.402
PT,2022,26.0,204.86
PT,2022,27.0,202.6
PT,2022,28.0,200.49
PT,2022,29.0,199.836
PT,2022,30.0,197.65
PT,2022,31.0,195.98
PT,2022,32.0,194.597
PT,2022,33.0,192.421
PT,2022,34.0,190.198
PT,2022,35.0,189.0
PT,2022,36.0,186.43
PT,2022,37.0,184.94
PT,2022,38.0,182.486
PT,2022,39.0,180.18
PT,2022,40.0,179.902
PT,2022,41.0,178.04
PT,2022,42.0,176.07
PT,2022,43.0,174.963
PT,2022,44.0,172.772
PT,2022,45.0,171.042
PT,2022,46.0,170.0
PT,2022,47.0,168.516
PT,2022,48.0,166.777
PT,2022,49.0,165.02
PT,2022,50.0,163.95
PT,2022,51.0,162.118
PT,2022,52.0,160.956
PT,2022,53.0,160.0
PT,2022,54.0,158.26
PT,2022,55.0,156.17
PT,2022,56.0,155.0
PT,2022,57.0,153.33
PT,2022,58.0,151.936
PT,2022,59.0,150.302
PT,2022,60.0,149.95
PT,2022,61.0,148.58
PT,2022,62.0,147.617
PT,2022,63.0,146.0
PT,2022,64.0,144.952
PT,2022,65.0,143.0
PT,2022,66.0,141.114
PT,2022,67.0,140.0
PT,2022,68.0,138.53
PT,2022,69.0,136.242
PT,2022,70.0,135.0
PT,2022,71.0,133.1
PT,2022,72.0,131.0
PT,2022,73.0,129.989
PT,2022,74.0,127.851
PT,2022,75.0,125.333
PT,2022,76.0,123.385
PT,2022,77.0,121.0
PT,2022,78.0,120.0
PT,2022,79.0,117.99
PT,2022,80.0,115.55
PT,2022,81.0,114.129
PT,2022,82.0,111.996
PT,2022,83.0,110.0
PT,2022,84.0,107.414
PT,2022,85.0,105.0
PT,2022,86.0,102.003
PT,2022,87.0,100.0
PT,2022,88.0,97.8
PT,2022,89.0,95.01
PT,2022,90.0,92.154
PT,2022,91.0,89.74
PT,2022,92.0,86.0
PT,2022,93.0,80.274
PT,2022,94.0,75.486
PT,2022,95.0,66.184
PT,2022,96.0,55.0
PT,2022,97.0,45.0
PT,2022,98.0,21.024
PT,2022,99.0,4.11
PT,2022,100.0,0.0
PT,2023,0.0,220.0
PT,2023,1.0,165.218
PT,2023,2.0,159.37
PT,2023,3.0,153.932
PT,2023,4.0,150.0
PT,2023,5.0,146.731
PT,2023,6.0,143.9
PT,2023,7.0,141.386
PT,2023,8.0,139.476
PT,2023,9.0,137.667
PT,2023,10.0,135.716
PT,2023,11.0,134.0
PT,2023,12.0,132.239
PT,2023,13.0,130.443
PT,2023,14.0,129.735
PT,2023,15.0,128.36
PT,2023,16.0,126.96
PT,2023,17.0,125.639
PT,2023,18.0,124.588
PT,2023,19.0,123.0
PT,2023,20.0,121.88
PT,2023,21.0,120.582
PT,2023,22.0,119.96
PT,2023,23.0,118.76
PT,2023,24.0,117.618
PT,2023,25.0,116.085
PT,2023,26.0,115.09
PT,2023,27.0,114.21
PT,2023,28.0,113.21
PT,2023,29.0,112.159
PT,2023,30.0,111.0
PT,2023,31.0,110.01
PT,2023,32.0,109.481
PT,2023,33.0,108.255
PT,2023,34.0,107.0
PT,2023,35.0,105.834
PT,2023,36.0,105.0
PT,2023,37.0,104.0
PT,2023,38.0,103.09
PT,2023,39.0,102.0
PT,2023,40.0,101.0
PT,2023,41.0,100.0
PT,2023,42.0,99.7
PT,2023,43.0,99.0
PT,2023,44.0,97.96
PT,2023,45.0,96.94
PT,2023,46.0,95.697
PT,2023,47.0,95.0
PT,2023,48.0,94.09
PT,2023,49.0,93.32
PT,2023,50.0,92.495
PT,2023,51.0,91.818
PT,2023,52.0,91.003
PT,2023,53.0,90.3
PT,2023,54.0,90.0
PT,2023,55.0,89.416
PT,2023,56.0,88.439
PT,2023,57.0,87.455
PT,2023,58.0,86.243
PT,2023,59.0,85.2
PT,2023,60.0,84.82
PT,2023,61.0,83.9
PT,2023,62.0,82.85
PT,2023,63.0,81.758
PT,2023,64.0,80.5
PT,2023,65.0,80.0
PT,2023,66.0,78.85
PT,2023,67.0,77.62
PT,2023,68.0,76.2
PT,2023,69.0,75.0
PT,2023,70.0,73.997
PT,2023,71.0,72.52
PT,2023,72.0,70.805
PT,2023,73.0,69.99
PT,2023,74.0,68.003
PT,2023,75.0,65.88
PT,2023,76.0,64.802
PT,2023,77.0,62.483
PT,2023,78.0,60.0
PT,2023,79.0,57.878
PT,2023,80.0,55.0
PT,2023,81.0,52.0
PT,2023,82.0,49.99
PT,2023,83.0,47.0
PT,2023,84.0,44.94
PT,2023,85.0,41.579
PT,2023,86.0,40.0
PT,2023,87.0,36.484
PT,2023,88.0,33.101
PT,2023,89.0,30.0
PT,2023,90.0,25.6
PT,2023,91.0,22.8
PT,2023,92.0,18.888
PT,2023,93.0,15.0
PT,2023,94.0,10.0
PT,2023,95.0,5.0
PT,2023,96.0,4.3
PT,2023,97.0,4.16
PT,2023,98.0,1.737
PT,2023,99.0,0.1
PT,2023,100.0,0.0
PT,2024,0.0,193.0
PT,2024,1.0,158.467
PT,2024,2.0,150.0
PT,2024,3.0,144.38
PT,2024,4.0,140.094
PT,2024,5.0,136.59
PT,2024,6.0,133.021
PT,2024,7.0,130.0
PT,2024,8.0,127.319
PT,2024,9.0,124.976
PT,2024,10.0,122.585
PT,2024,11.0,120.72
PT,2024,12.0,119.0
PT,2024,13.0,117.106
PT,2024,14.0,115.744
PT,2024,15.0,114.296
PT,2024,16.0,112.834
PT,2024,17.0,111.357
PT,2024,18.0,110.0
PT,2024,19.0,108.785
PT,2024,20.0,107.198
PT,2024,21.0,105.631
PT,2024,22.0,104.435
PT,2024,23.0,102.98
PT,2024,24.0,101.721
PT,2024,25.0,100.285
PT,2024,26.0,99.64
PT,2024,27.0,98.596
PT,2024,28.0,96.898
PT,2024,29.0,95.409
PT,2024,30.0,94.2
PT,2024,31.0,92.283
PT,2024,32.0,90.574
PT,2024,33.0,89.732
PT,2024,34.0,87.986
PT,2024,35.0,86.11
PT,2024,36.0,85.0
PT,2024,37.0,83.82
PT,2024,38.0,82.294
PT,2024,39.0,81.169
PT,2024,40.0,79.956
PT,2024,41.0,78.05
PT,2024,42.0,76.151
PT,2024,43.0,75.0
PT,2024,44.0,73.549
PT,2024,45.0,71.936
PT,2024,46.0,70.741
PT,2024,47.0,69.74
PT,2024,48.0,68.002
PT,2024,49.0,66.007
PT,2024,50.0,64.93
PT,2024,51.0,63.093
PT,2024,52.0,61.28
PT,2024,53.0,60.0
PT,2024,54.0,58.829
PT,2024,55.0,56.832
PT,2024,56.0,55.2
PT,2024,57.0,54.0
PT,2024,58.0,51.987
PT,2024,59.0,50.2
PT,2024,60.0,49.046
PT,2024,61.0,47.225
PT,2024,62.0,45.385
PT,2024,63.0,43.643
PT,2024,64.0,41.795
PT,2024,65.0,40.08
PT,2024,66.0,38.511
PT,2024,67.0,35.788
PT,2024,68.0,35.01
PT,2024,69.0,35.0
PT,2024,70.0,35.0
PT,2024,71.0,33.0
PT,2024,72.0,30.1
PT,2024,73.0,27.033
PT,2024,74.0,24.222
PT,2024,75.0,20.1
PT,2024,76.0,17.037
PT,2024,77.0,14.201
PT,2024,78.0,11.413
PT,2024,79.0,10.0
PT,2024,80.0,7.576
PT,2024,81.0,6.0
PT,2024,82.0,5.0
PT,2024,83.0,3.74
PT,2024,84.0,3.286
PT,2024,85.0,3.215
PT,2024,86.0,3.2
PT,2024,87.0,2.346
PT,2024,88.0,1.499
PT,2024,89.0,0.501
PT,2024,90.0,0.43
PT,2024,91.0,0.1
PT,2024,92.0,0.0
PT,2024,93.0,0.0
PT,2024,94.0,0.0
PT,2024,95.0,0.0
PT,2024,96.0,0.0
PT,2024,97.0,0.0
PT,2024,98.0,-0.01
PT,2024,99.0,-0.07
PT,2024,100.0,-2.0
PT,2025,0.0,240.0
PT,2025,1.0,169.216
PT,2025,2.0,157.839
PT,2025,3.0,150.991
PT,2025,4.0,145.0
PT,2025,5.0,138.863
PT,2025,6.0,134.42
PT,2025,7.0,130.861
PT,2025,8.0,127.941
PT,2025,9.0,125.207
PT,2025,10.0,123.49
PT,2025,11.0,121.155
PT,2025,12.0,119.388
PT,2025,13.0,117.56
PT,2025,14.0,115.857
PT,2025,15.0,114.716
PT,2025,16.0,113.546
PT,2025,17.0,112.2
PT,2025,18.0,110.944
PT,2025,19.0,109.852
PT,2025,20.0,108.608
PT,2025,21.0,107.323
PT,2025,22.0,106.426
PT,2025,23.0,105.422
PT,2025,24.0,104.72
PT,2025,25.0,103.866
PT,2025,26.0,102.683
PT,2025,27.0,101.448
PT,2025,28.0,100.39
PT,2025,29.0,99.619
PT,2025,30.0,98.21
PT,2025,31.0,96.837
PT,2025,32.0,95.15
PT,2025,33.0,93.94
PT,2025,34.0,92.379
PT,2025,35.0,90.794
PT,2025,36.0,89.594
PT,2025,37.0,88.094
PT,2025,38.0,86.079
PT,2025,39.0,85.0
PT,2025,40.0,83.335
PT,2025,41.0,82.032
PT,2025,42.0,80.4
PT,2025,43.0,79.428
PT,2025,44.0,78.0
PT,2025,45.0,76.782
PT,2025,46.0,75.473
PT,2025,47.0,73.903
PT,2025,48.0,72.179
PT,2025,49.0,70.774
PT,2025,50.0,69.99
PT,2025,51.0,68.645
PT,2025,52.0,66.621
PT,2025,53.0,64.997
PT,2025,54.0,62.558
PT,2025,55.0,60.331
PT,2025,56.0,58.583
PT,2025,57.0,55.91
PT,2025,58.0,53.686
PT,2025,59.0,51.41
PT,2025,60.0,49.996
PT,2025,61.0,47.56
PT,2025,62.0,45.59
PT,2025,63.0,43.775
PT,2025,64.0,41.222
PT,2025,65.0,39.68
PT,2025,66.0,37.93
PT,2025,67.0,35.615
PT,2025,68.0,35.0
PT,2025,69.0,33.595
PT,2025,70.0,31.17
PT,2025,71.0,30.0
PT,2025,72.0,28.3
PT,2025,73.0,26.21
PT,2025,74.0,24.592
PT,2025,75.0,22.188
PT,2025,76.0,20.3
PT,2025,77.0,19.256
PT,2025,78.0,17.6
PT,2025,79.0,15.974
PT,2025,80.0,15.0
PT,2025,81.0,13.9
PT,2025,82.0,12.006
PT,2025,83.0,9.7
PT,2025,84.0,7.44
PT,2025,85.0,5.99
PT,2025,86.0,5.38
PT,2025,87.0,4.997
PT,2025,88.0,4.31
PT,2025,89.0,3.6
PT,2025,90.0,3.52
PT,2025,91.0,2.99
PT,2025,92.0,1.72
PT,2025,93.0,0.66
PT,2025,94.0,0.384
PT,2025,95.0,0.02
PT,2025,96.0,0.0
PT,2025,97.0,0.0
PT,2025,98.0,-0.01
PT,2025,99.0,-0.86
PT,2025,100.0,-5.0
PT,2026,0.0,205.415
PT,2026,1.0,163.795
PT,2026,2.0,153.551
PT,2026,3.0,148.24
PT,2026,4.0,140.607
PT,2026,5.0,135.34
PT,2026,6.0,131.491
PT,2026,7.0,127.775
PT,2026,8.0,125.416
PT,2026,9.0,122.952
PT,2026,10.0,120.813
PT,2026,11.0,119.041
PT,2026,12.0,116.746
PT,2026,13.0,115.028
PT,2026,14.0,113.033
PT,2026,15.0,111.026
PT,2026,16.0,108.521
PT,2026,17.0,106.812
PT,2026,18.0,104.708
PT,2026,19.0,103.179
PT,2026,20.0,101.686
PT,2026,21.0,100.167
PT,2026,22.0,98.724
PT,2026,23.0,97.39
PT,2026,24.0,95.654
PT,2026,25.0,94.402
PT,2026,26.0,93.396
PT,2026,27.0,91.677
PT,2026,28.0,89.679
PT,2026,29.0,88.222
PT,2026,30.0,86.69
PT,2026,31.0,84.994
PT,2026,32.0,83.307
PT,2026,33.0,81.808
PT,2026,34.0,80.613
PT,2026,35.0,78.82
PT,2026,36.0,77.499
PT,2026,37.0,76.075
PT,2026,38.0,74.361
PT,2026,39.0,72.15
PT,2026,40.0,69.432
PT,2026,41.0,66.438
PT,2026,42.0,64.56
PT,2026,43.0,62.563
PT,2026,44.0,60.487
PT,2026,45.0,57.945
PT,2026,46.0,54.528
PT,2026,47.0,52.574
PT,2026,48.0,49.183
PT,2026,49.0,45.847
PT,2026,50.0,42.635
PT,2026,51.0,39.632
PT,2026,52.0,36.428
PT,2026,53.0,35.008
PT,2026,54.0,33.194
PT,2026,55.0,31.014
PT,2026,56.0,28.965
PT,2026,57.0,26.838
PT,2026,58.0,24.342
PT,2026,59.0,23.0
PT,2026,60.0,20.823
PT,2026,61.0,18.886
PT,2026,62.0,16.186
PT,2026,63.0,14.324
PT,2026,64.0,12.411
PT,2026,65.0,11.018
PT,2026,66.0,9.595
PT,2026,67.0,8.181
PT,2026,68.0,6.879
PT,2026,69.0,5.573
PT,2026,70.0,4.613
PT,2026,71.0,3.9
PT,2026,72.0,3.599
PT,2026,73.0,2.957
PT,2026,74.0,2.36
PT,2026,75.0,2.001
PT,2026,76.0,1.69
PT,2026,77.0,1.325
PT,2026,78.0,1.077
PT,2026,79.0,0.902
PT,2026,80.0,0.61
PT,2026,81.0,0.423
PT,2026,82.0,0.27
PT,2026,83.0,0.16
PT,2026,84.0,0.062
PT,2026,85.0,0.009
PT,2026,86.0,0.001
PT,2026,87.0,0.0
PT,2026,88.0,0.0
PT,2026,89.0,-0.002
PT,2026,90.0,-0.005
PT,2026,91.0,-0.01
PT,2026,92.0,-0.032
PT,2026,93.0,-0.108
PT,2026,94.0,-0.327
PT,2026,95.0,-0.5
PT,2026,96.0,-0.828
PT,2026,97.0,-1.457
PT,2026,98.0,-2.01
PT,2026,99.0,-2.976
PT,2026,100.0,-9.825
