country,year,hour_utc,avg_price,indexed
DE,2019,0,29.082,0.7721
DE,2019,1,28.102,0.7461
DE,2019,2,27.825,0.7387
DE,2019,3,29.147,0.7738
DE,2019,4,34.109,0.9055
DE,2019,5,40.384,1.0721
DE,2019,6,44.311,1.1763
DE,2019,7,43.541,1.1559
DE,2019,8,41.133,1.092
DE,2019,9,39.205,1.0408
DE,2019,10,37.339,0.9913
DE,2019,11,35.227,0.9352
DE,2019,12,34.092,0.9051
DE,2019,13,34.839,0.9249
DE,2019,14,36.667,0.9734
DE,2019,15,40.824,1.0838
DE,2019,16,46.162,1.2255
DE,2019,17,49.624,1.3174
DE,2019,18,48.21,1.2799
DE,2019,19,43.727,1.1608
DE,2019,20,40.157,1.0661
DE,2019,21,36.779,0.9764
DE,2019,22,32.923,0.874
DE,2019,23,30.625,0.813
DE,2020,0,23.08,0.7574
DE,2020,1,21.901,0.7187
DE,2020,2,21.419,0.7029
DE,2020,3,22.726,0.7458
DE,2020,4,27.135,0.8905
DE,2020,5,32.502,1.0666
DE,2020,6,36.349,1.1929
DE,2020,7,35.777,1.1741
DE,2020,8,33.124,1.087
DE,2020,9,31.022,1.0181
DE,2020,10,29.261,0.9603
DE,2020,11,26.752,0.8779
DE,2020,12,25.186,0.8265
DE,2020,13,26.284,0.8626
DE,2020,14,28.923,0.9492
DE,2020,15,33.722,1.1067
DE,2020,16,39.957,1.3113
DE,2020,17,44.006,1.4441
DE,2020,18,41.61,1.3655
DE,2020,19,36.267,1.1902
DE,2020,20,32.962,1.0817
DE,2020,21,29.965,0.9834
DE,2020,22,26.786,0.879
DE,2020,23,24.605,0.8075
DE,2021,0,74.636,0.7706
DE,2021,1,72.209,0.7456
DE,2021,2,71.797,0.7413
DE,2021,3,75.533,0.7799
DE,2021,4,88.421,0.913
DE,2021,5,103.577,1.0695
DE,2021,6,115.041,1.1878
DE,2021,7,112.805,1.1647
DE,2021,8,106.462,1.0992
DE,2021,9,100.903,1.0419
DE,2021,10,96.6,0.9974
DE,2021,11,90.494,0.9344
DE,2021,12,86.774,0.896
DE,2021,13,89.462,0.9237
DE,2021,14,95.872,0.9899
DE,2021,15,108.256,1.1178
DE,2021,16,123.689,1.2771
DE,2021,17,129.798,1.3402
DE,2021,18,122.15,1.2612
DE,2021,19,109.415,1.1297
DE,2021,20,99.555,1.0279
DE,2021,21,90.626,0.9357
DE,2021,22,81.761,0.8442
DE,2021,23,78.559,0.8111
DE,2022,0,197.106,0.8372
DE,2022,1,191.729,0.8143
DE,2022,2,190.717,0.81
DE,2022,3,201.628,0.8564
DE,2022,4,232.498,0.9875
DE,2022,5,261.662,1.1114
DE,2022,6,277.602,1.1791
DE,2022,7,262.877,1.1165
DE,2022,8,239.561,1.0175
DE,2022,9,220.108,0.9349
DE,2022,10,205.8,0.8741
DE,2022,11,192.368,0.8171
DE,2022,12,186.938,0.794
DE,2022,13,197.547,0.8391
DE,2022,14,216.434,0.9193
DE,2022,15,252.178,1.0711
DE,2022,16,293.416,1.2462
DE,2022,17,318.906,1.3545
DE,2022,18,308.943,1.3122
DE,2022,19,281.227,1.1945
DE,2022,20,260.443,1.1062
DE,2022,21,237.253,1.0077
DE,2022,22,218.277,0.9271
DE,2022,23,205.337,0.8721
DE,2023,0,79.97,0.8402
DE,2023,1,77.681,0.8162
DE,2023,2,77.035,0.8094
DE,2023,3,80.797,0.8489
DE,2023,4,93.877,0.9863
DE,2023,5,108.708,1.1422
DE,2023,6,112.5,1.182
DE,2023,7,106.751,1.1216
DE,2023,8,94.683,0.9948
DE,2023,9,85.083,0.894
DE,2023,10,77.544,0.8147
DE,2023,11,70.501,0.7407
DE,2023,12,67.824,0.7126
DE,2023,13,73.829,0.7757
DE,2023,14,85.075,0.8939
DE,2023,15,101.052,1.0617
DE,2023,16,121.417,1.2757
DE,2023,17,138.245,1.4525
DE,2023,18,132.652,1.3938
DE,2023,19,118.533,1.2454
DE,2023,20,107.494,1.1294
DE,2023,21,98.413,1.034
DE,2023,22,90.514,0.951
DE,2023,23,84.048,0.8831
DE,2024,0,66.838,0.8513
DE,2024,1,65.155,0.8299
DE,2024,2,64.722,0.8244
DE,2024,3,68.348,0.8705
DE,2024,4,80.142,1.0208
DE,2024,5,91.462,1.1649
DE,2024,6,93.428,1.19
DE,2024,7,83.97,1.0695
DE,2024,8,71.25,0.9075
DE,2024,9,60.678,0.7729
DE,2024,10,53.194,0.6775
DE,2024,11,47.447,0.6043
DE,2024,12,46.955,0.5981
DE,2024,13,53.696,0.6839
DE,2024,14,67.607,0.8611
DE,2024,15,86.811,1.1057
DE,2024,16,110.443,1.4067
DE,2024,17,126.758,1.6145
DE,2024,18,124.662,1.5878
DE,2024,19,103.565,1.3191
DE,2024,20,90.158,1.1483
DE,2024,21,81.303,1.0355
DE,2024,22,75.085,0.9563
DE,2024,23,70.616,0.8994
DE,2025,0,81.934,0.9172
DE,2025,1,80.103,0.8967
DE,2025,2,80.465,0.9008
DE,2025,3,84.657,0.9477
DE,2025,4,94.94,1.0628
DE,2025,5,106.026,1.1869
DE,2025,6,107.541,1.2039
DE,2025,7,96.701,1.0825
DE,2025,8,77.801,0.871
DE,2025,9,63.113,0.7065
DE,2025,10,52.282,0.5853
DE,2025,11,45.957,0.5145
DE,2025,12,46.679,0.5226
DE,2025,13,56.304,0.6303
DE,2025,14,72.184,0.8081
DE,2025,15,95.863,1.0732
DE,2025,16,123.223,1.3794
DE,2025,17,141.024,1.5787
DE,2025,18,137.327,1.5373
DE,2025,19,120.37,1.3475
DE,2025,20,106.493,1.1921
DE,2025,21,97.097,1.087
DE,2025,22,90.107,1.0087
DE,2025,23,85.684,0.9592
DE,2026,0,102.065,1.0305
DE,2026,1,100.044,1.0101
DE,2026,2,100.162,1.0112
DE,2026,3,102.874,1.0386
DE,2026,4,111.101,1.1217
DE,2026,5,115.864,1.1698
DE,2026,6,112.356,1.1344
DE,2026,7,96.557,0.9749
DE,2026,8,77.281,0.7802
DE,2026,9,61.202,0.6179
DE,2026,10,47.652,0.4811
DE,2026,11,37.602,0.3796
DE,2026,12,38.068,0.3843
DE,2026,13,50.289,0.5077
DE,2026,14,69.862,0.7053
DE,2026,15,96.61,0.9754
DE,2026,16,126.449,1.2766
DE,2026,17,152.376,1.5384
DE,2026,18,163.175,1.6474
DE,2026,19,149.064,1.505
DE,2026,20,131.713,1.3298
DE,2026,21,118.737,1.1988
DE,2026,22,110.633,1.117
DE,2026,23,105.725,1.0674
ES,2019,0,43.203,0.9061
ES,2019,1,41.567,0.8718
ES,2019,2,40.741,0.8545
ES,2019,3,41.022,0.8604
ES,2019,4,42.645,0.8944
ES,2019,5,45.704,0.9586
ES,2019,6,49.093,1.0297
ES,2019,7,50.559,1.0604
ES,2019,8,50.852,1.0666
ES,2019,9,50.546,1.0601
ES,2019,10,50.127,1.0513
ES,2019,11,49.726,1.0429
ES,2019,12,48.436,1.0159
ES,2019,13,46.669,0.9788
ES,2019,14,45.675,0.958
ES,2019,15,46.218,0.9694
ES,2019,16,48.057,1.0079
ES,2019,17,50.68,1.063
ES,2019,18,52.884,1.1092
ES,2019,19,53.959,1.1317
ES,2019,20,52.118,1.0931
ES,2019,21,49.508,1.0384
ES,2019,22,48.41,1.0153
ES,2019,23,45.885,0.9624
ES,2020,0,29.717,0.8751
ES,2020,1,28.251,0.8319
ES,2020,2,27.544,0.8111
ES,2020,3,27.898,0.8215
ES,2020,4,30.079,0.8858
ES,2020,5,32.7,0.9629
ES,2020,6,35.161,1.0354
ES,2020,7,36.155,1.0647
ES,2020,8,35.867,1.0562
ES,2020,9,35.389,1.0421
ES,2020,10,35.167,1.0356
ES,2020,11,34.764,1.0237
ES,2020,12,33.849,0.9968
ES,2020,13,32.225,0.9489
ES,2020,14,31.598,0.9305
ES,2020,15,32.631,0.9609
ES,2020,16,35.07,1.0327
ES,2020,17,38.034,1.12
ES,2020,18,40.269,1.1858
ES,2020,19,40.86,1.2032
ES,2020,20,39.294,1.1571
ES,2020,21,36.294,1.0688
ES,2020,22,34.277,1.0094
ES,2020,23,31.922,0.94
ES,2021,0,103.593,0.9254
ES,2021,1,100.131,0.8945
ES,2021,2,97.092,0.8673
ES,2021,3,97.23,0.8686
ES,2021,4,103.746,0.9268
ES,2021,5,111.449,0.9956
ES,2021,6,118.698,1.0603
ES,2021,7,119.748,1.0697
ES,2021,8,116.72,1.0427
ES,2021,9,112.636,1.0062
ES,2021,10,109.41,0.9774
ES,2021,11,107.38,0.9592
ES,2021,12,104.853,0.9367
ES,2021,13,100.382,0.8967
ES,2021,14,99.754,0.8911
ES,2021,15,105.806,0.9452
ES,2021,16,115.627,1.0329
ES,2021,17,126.096,1.1264
ES,2021,18,132.612,1.1846
ES,2021,19,133.107,1.189
ES,2021,20,127.179,1.1361
ES,2021,21,119.106,1.064
ES,2021,22,114.288,1.0209
ES,2021,23,110.035,0.9829
ES,2022,0,158.81,0.9481
ES,2022,1,152.952,0.9131
ES,2022,2,150.079,0.896
ES,2022,3,151.773,0.9061
ES,2022,4,160.812,0.96
ES,2022,5,174.87,1.044
ES,2022,6,183.603,1.0961
ES,2022,7,180.168,1.0756
ES,2022,8,169.408,1.0114
ES,2022,9,158.952,0.9489
ES,2022,10,153.876,0.9186
ES,2022,11,150.979,0.9013
ES,2022,12,145.549,0.8689
ES,2022,13,140.761,0.8403
ES,2022,14,139.503,0.8328
ES,2022,15,146.759,0.8761
ES,2022,16,163.098,0.9737
ES,2022,17,185.832,1.1094
ES,2022,18,207.451,1.2385
ES,2022,19,213.222,1.2729
ES,2022,20,201.785,1.2047
ES,2022,21,184.511,1.1015
ES,2022,22,176.983,1.0566
ES,2022,23,168.391,1.0053
ES,2023,0,84.99,0.9757
ES,2023,1,82.211,0.9438
ES,2023,2,80.082,0.9194
ES,2023,3,81.038,0.9303
ES,2023,4,87.501,1.0045
ES,2023,5,96.12,1.1035
ES,2023,6,101.23,1.1621
ES,2023,7,96.23,1.1047
ES,2023,8,83.637,0.9602
ES,2023,9,73.695,0.846
ES,2023,10,69.155,0.7939
ES,2023,11,66.261,0.7607
ES,2023,12,62.924,0.7224
ES,2023,13,60.313,0.6924
ES,2023,14,61.465,0.7056
ES,2023,15,69.348,0.7961
ES,2023,16,83.369,0.9571
ES,2023,17,102.263,1.174
ES,2023,18,119.241,1.3689
ES,2023,19,122.33,1.4044
ES,2023,20,114.623,1.3159
ES,2023,21,104.335,1.1978
ES,2023,22,97.648,1.121
ES,2023,23,90.528,1.0393
ES,2024,0,64.234,1.0188
ES,2024,1,62.086,0.9847
ES,2024,2,60.315,0.9566
ES,2024,3,60.505,0.9597
ES,2024,4,64.97,1.0305
ES,2024,5,73.64,1.168
ES,2024,6,75.97,1.2049
ES,2024,7,69.22,1.0979
ES,2024,8,56.621,0.8981
ES,2024,9,46.83,0.7428
ES,2024,10,41.733,0.6619
ES,2024,11,39.486,0.6263
ES,2024,12,37.782,0.5992
ES,2024,13,36.74,0.5827
ES,2024,14,38.149,0.6051
ES,2024,15,46.296,0.7343
ES,2024,16,59.322,0.9409
ES,2024,17,75.956,1.2047
ES,2024,18,90.053,1.4283
ES,2024,19,98.775,1.5666
ES,2024,20,90.142,1.4297
ES,2024,21,80.981,1.2844
ES,2024,22,74.572,1.1828
ES,2024,23,68.793,1.0911
ES,2025,0,70.071,1.0733
ES,2025,1,66.472,1.0182
ES,2025,2,64.513,0.9882
ES,2025,3,65.022,0.996
ES,2025,4,70.14,1.0744
ES,2025,5,80.26,1.2294
ES,2025,6,83.275,1.2756
ES,2025,7,70.529,1.0803
ES,2025,8,51.226,0.7847
ES,2025,9,38.588,0.5911
ES,2025,10,32.573,0.4989
ES,2025,11,29.503,0.4519
ES,2025,12,27.654,0.4236
ES,2025,13,27.449,0.4205
ES,2025,14,31.003,0.4749
ES,2025,15,41.253,0.6319
ES,2025,16,58.958,0.9031
ES,2025,17,82.92,1.2701
ES,2025,18,105.431,1.6149
ES,2025,19,115.642,1.7713
ES,2025,20,104.249,1.5968
ES,2025,21,90.905,1.3924
ES,2025,22,83.637,1.2811
ES,2025,23,75.564,1.1575
ES,2026,0,67.953,1.2399
ES,2026,1,65.169,1.1891
ES,2026,2,63.238,1.1538
ES,2026,3,64.225,1.1718
ES,2026,4,69.254,1.2636
ES,2026,5,73.806,1.3467
ES,2026,6,67.803,1.2371
ES,2026,7,49.293,0.8994
ES,2026,8,31.237,0.57
ES,2026,9,21.8,0.3978
ES,2026,10,17.815,0.325
ES,2026,11,15.425,0.2814
ES,2026,12,15.293,0.279
ES,2026,13,15.543,0.2836
ES,2026,14,17.553,0.3203
ES,2026,15,22.198,0.405
ES,2026,16,33.54,0.612
ES,2026,17,61.294,1.1184
ES,2026,18,93.617,1.7081
ES,2026,19,108.358,1.9771
ES,2026,20,101.69,1.8554
ES,2026,21,87.365,1.5941
ES,2026,22,78.975,1.441
ES,2026,23,72.98,1.3316
FR,2019,0,31.967,0.8104
FR,2019,1,29.519,0.7483
FR,2019,2,27.523,0.6977
FR,2019,3,28.726,0.7282
FR,2019,4,33.017,0.837
FR,2019,5,39.706,1.0065
FR,2019,6,44.764,1.1347
FR,2019,7,45.641,1.157
FR,2019,8,44.37,1.1247
FR,2019,9,43.231,1.0959
FR,2019,10,41.939,1.0631
FR,2019,11,39.938,1.0124
FR,2019,12,37.805,0.9583
FR,2019,13,36.962,0.937
FR,2019,14,37.206,0.9432
FR,2019,15,40.011,1.0143
FR,2019,16,45.515,1.1538
FR,2019,17,49.503,1.2549
FR,2019,18,48.564,1.2311
FR,2019,19,44.997,1.1406
FR,2019,20,43.117,1.093
FR,2019,21,40.72,1.0322
FR,2019,22,37.42,0.9486
FR,2019,23,34.601,0.8771
FR,2020,0,25.288,0.7853
FR,2020,1,23.535,0.7308
FR,2020,2,22.084,0.6857
FR,2020,3,22.627,0.7026
FR,2020,4,26.199,0.8135
FR,2020,5,31.372,0.9742
FR,2020,6,35.919,1.1154
FR,2020,7,37.054,1.1506
FR,2020,8,36.026,1.1187
FR,2020,9,35.077,1.0892
FR,2020,10,34.667,1.0765
FR,2020,11,32.902,1.0217
FR,2020,12,30.595,0.95
FR,2020,13,29.323,0.9105
FR,2020,14,30.08,0.934
FR,2020,15,33.09,1.0275
FR,2020,16,38.517,1.196
FR,2020,17,43.517,1.3513
FR,2020,18,41.852,1.2996
FR,2020,19,37.459,1.1632
FR,2020,20,34.732,1.0785
FR,2020,21,33.116,1.0283
FR,2020,22,30.672,0.9524
FR,2020,23,27.194,0.8444
FR,2021,0,90.505,0.829
FR,2021,1,84.518,0.7741
FR,2021,2,79.124,0.7247
FR,2021,3,82.88,0.7591
FR,2021,4,96.149,0.8807
FR,2021,5,112.002,1.0259
FR,2021,6,125.401,1.1486
FR,2021,7,126.265,1.1565
FR,2021,8,121.478,1.1127
FR,2021,9,116.219,1.0645
FR,2021,10,113.511,1.0397
FR,2021,11,107.227,0.9822
FR,2021,12,100.611,0.9216
FR,2021,13,99.158,0.9082
FR,2021,14,102.214,0.9362
FR,2021,15,111.877,1.0247
FR,2021,16,127.367,1.1666
FR,2021,17,138.946,1.2727
FR,2021,18,136.163,1.2472
FR,2021,19,124.852,1.1436
FR,2021,20,116.57,1.0677
FR,2021,21,109.66,1.0044
FR,2021,22,101.951,0.9338
FR,2021,23,95.569,0.8754
FR,2022,0,232.288,0.842
FR,2022,1,221.567,0.8032
FR,2022,2,214.883,0.7789
FR,2022,3,223.023,0.8084
FR,2022,4,252.621,0.9157
FR,2022,5,290.904,1.0545
FR,2022,6,314.39,1.1396
FR,2022,7,307.066,1.1131
FR,2022,8,291.388,1.0563
FR,2022,9,283.256,1.0268
FR,2022,10,279.109,1.0117
FR,2022,11,264.963,0.9605
FR,2022,12,259.655,0.9412
FR,2022,13,255.844,0.9274
FR,2022,14,259.388,0.9403
FR,2022,15,281.401,1.0201
FR,2022,16,315.666,1.1443
FR,2022,17,345.018,1.2507
FR,2022,18,341.149,1.2366
FR,2022,19,315.782,1.1447
FR,2022,20,294.284,1.0668
FR,2022,21,279.009,1.0114
FR,2022,22,257.387,0.933
FR,2022,23,240.798,0.8729
FR,2023,0,83.301,0.8601
FR,2023,1,78.25,0.8079
FR,2023,2,73.449,0.7583
FR,2023,3,76.737,0.7923
FR,2023,4,87.202,0.9003
FR,2023,5,103.658,1.0702
FR,2023,6,113.648,1.1734
FR,2023,7,111.39,1.1501
FR,2023,8,101.888,1.052
FR,2023,9,93.205,0.9623
FR,2023,10,87.549,0.9039
FR,2023,11,79.577,0.8216
FR,2023,12,75.027,0.7746
FR,2023,13,77.828,0.8035
FR,2023,14,83.694,0.8641
FR,2023,15,96.084,0.992
FR,2023,16,115.822,1.1958
FR,2023,17,131.553,1.3582
FR,2023,18,131.912,1.3619
FR,2023,19,121.458,1.254
FR,2023,20,112.274,1.1592
FR,2023,21,104.325,1.0771
FR,2023,22,96.737,0.9988
FR,2023,23,87.972,0.9083
FR,2024,0,49.7,0.8566
FR,2024,1,44.568,0.7682
FR,2024,2,39.987,0.6892
FR,2024,3,42.23,0.7279
FR,2024,4,50.03,0.8623
FR,2024,5,63.171,1.0888
FR,2024,6,73.248,1.2625
FR,2024,7,69.278,1.194
FR,2024,8,59.287,1.0219
FR,2024,9,49.709,0.8568
FR,2024,10,44.844,0.7729
FR,2024,11,40.055,0.6904
FR,2024,12,36.7,0.6325
FR,2024,13,38.404,0.6619
FR,2024,14,44.374,0.7648
FR,2024,15,53.6,0.9238
FR,2024,16,69.621,1.2
FR,2024,17,86.532,1.4914
FR,2024,18,88.498,1.5253
FR,2024,19,81.725,1.4086
FR,2024,20,77.828,1.3414
FR,2024,21,72.42,1.2482
FR,2024,22,62.47,1.0767
FR,2024,23,54.187,0.9339
FR,2025,0,55.885,0.9149
FR,2025,1,50.341,0.8242
FR,2025,2,46.488,0.7611
FR,2025,3,47.561,0.7787
FR,2025,4,56.05,0.9176
FR,2025,5,69.337,1.1352
FR,2025,6,78.62,1.2872
FR,2025,7,73.483,1.2031
FR,2025,8,58.015,0.9498
FR,2025,9,45.81,0.75
FR,2025,10,40.438,0.662
FR,2025,11,35.529,0.5817
FR,2025,12,31.536,0.5163
FR,2025,13,33.506,0.5486
FR,2025,14,39.81,0.6518
FR,2025,15,51.673,0.846
FR,2025,16,70.85,1.1599
FR,2025,17,93.515,1.531
FR,2025,18,99.105,1.6225
FR,2025,19,91.921,1.5049
FR,2025,20,87.201,1.4276
FR,2025,21,79.601,1.3032
FR,2025,22,69.155,1.1322
FR,2025,23,60.508,0.9906
FR,2026,0,69.504,1.0692
FR,2026,1,62.616,0.9632
FR,2026,2,57.997,0.8922
FR,2026,3,60.232,0.9266
FR,2026,4,68.61,1.0554
FR,2026,5,79.401,1.2214
FR,2026,6,83.49,1.2843
FR,2026,7,70.565,1.0855
FR,2026,8,52.767,0.8117
FR,2026,9,38.88,0.5981
FR,2026,10,30.405,0.4677
FR,2026,11,22.888,0.3521
FR,2026,12,21.195,0.326
FR,2026,13,26.791,0.4121
FR,2026,14,33.711,0.5186
FR,2026,15,44.393,0.6829
FR,2026,16,66.423,1.0218
FR,2026,17,98.961,1.5223
FR,2026,18,113.723,1.7494
FR,2026,19,105.953,1.6299
FR,2026,20,100.001,1.5383
FR,2026,21,92.601,1.4245
FR,2026,22,82.707,1.2723
FR,2026,23,76.543,1.1775
IT,2019,0,43.739,0.8359
IT,2019,1,42.085,0.8043
IT,2019,2,41.341,0.79
IT,2019,3,42.427,0.8108
IT,2019,4,46.677,0.892
IT,2019,5,52.742,1.0079
IT,2019,6,57.183,1.0928
IT,2019,7,58.156,1.1114
IT,2019,8,55.812,1.0666
IT,2019,9,52.885,1.0106
IT,2019,10,49.374,0.9436
IT,2019,11,47.198,0.902
IT,2019,12,48.136,0.9199
IT,2019,13,50.46,0.9643
IT,2019,14,53.606,1.0244
IT,2019,15,56.579,1.0812
IT,2019,16,61.382,1.173
IT,2019,17,66.007,1.2614
IT,2019,18,66.646,1.2736
IT,2019,19,62.167,1.188
IT,2019,20,55.99,1.07
IT,2019,21,50.319,0.9616
IT,2019,22,48.431,0.9255
IT,2019,23,46.518,0.889
IT,2020,0,31.443,0.8083
IT,2020,1,29.767,0.7652
IT,2020,2,28.963,0.7445
IT,2020,3,30.009,0.7714
IT,2020,4,34.03,0.8747
IT,2020,5,39.492,1.0152
IT,2020,6,42.807,1.1004
IT,2020,7,43.485,1.1178
IT,2020,8,41.194,1.0589
IT,2020,9,39.042,1.0036
IT,2020,10,37.456,0.9628
IT,2020,11,35.523,0.9131
IT,2020,12,34.94,0.8981
IT,2020,13,36.208,0.9307
IT,2020,14,38.787,0.997
IT,2020,15,42.343,1.0884
IT,2020,16,47.451,1.2198
IT,2020,17,52.113,1.3396
IT,2020,18,51.895,1.334
IT,2020,19,46.868,1.2048
IT,2020,20,42.345,1.0885
IT,2020,21,37.866,0.9734
IT,2020,22,35.937,0.9238
IT,2020,23,33.687,0.8659
IT,2021,0,107.79,0.8591
IT,2021,1,104.107,0.8297
IT,2021,2,102.893,0.82
IT,2021,3,105.122,0.8378
IT,2021,4,114.892,0.9157
IT,2021,5,127.904,1.0194
IT,2021,6,138.119,1.1008
IT,2021,7,139.278,1.11
IT,2021,8,134.253,1.07
IT,2021,9,129.003,1.0281
IT,2021,10,124.253,0.9903
IT,2021,11,119.987,0.9563
IT,2021,12,119.254,0.9504
IT,2021,13,122.392,0.9754
IT,2021,14,127.967,1.0199
IT,2021,15,134.32,1.0705
IT,2021,16,144.192,1.1492
IT,2021,17,152.769,1.2175
IT,2021,18,149.136,1.1886
IT,2021,19,138.201,1.1014
IT,2021,20,127.382,1.0152
IT,2021,21,119.266,0.9505
IT,2021,22,115.98,0.9243
IT,2021,23,112.899,0.8998
IT,2022,0,265.06,0.872
IT,2022,1,258.176,0.8494
IT,2022,2,255.521,0.8407
IT,2022,3,261.029,0.8588
IT,2022,4,284.208,0.935
IT,2022,5,315.366,1.0375
IT,2022,6,334.639,1.101
IT,2022,7,327.972,1.079
IT,2022,8,309.965,1.0198
IT,2022,9,298.275,0.9813
IT,2022,10,288.075,0.9478
IT,2022,11,276.159,0.9086
IT,2022,12,276.842,0.9108
IT,2022,13,285.46,0.9392
IT,2022,14,301.519,0.992
IT,2022,15,320.907,1.0558
IT,2022,16,350.002,1.1515
IT,2022,17,379.551,1.2487
IT,2022,18,377.09,1.2406
IT,2022,19,346.835,1.1411
IT,2022,20,320.078,1.0531
IT,2022,21,300.975,0.9902
IT,2022,22,285.367,0.9389
IT,2022,23,275.795,0.9074
IT,2023,0,112.582,0.885
IT,2023,1,109.352,0.8596
IT,2023,2,107.925,0.8484
IT,2023,3,110.337,0.8673
IT,2023,4,119.642,0.9405
IT,2023,5,134.711,1.0589
IT,2023,6,143.311,1.1265
IT,2023,7,141.662,1.1136
IT,2023,8,131.087,1.0305
IT,2023,9,120.443,0.9468
IT,2023,10,112.146,0.8816
IT,2023,11,106.347,0.836
IT,2023,12,106.617,0.8381
IT,2023,13,112.825,0.8869
IT,2023,14,121.405,0.9543
IT,2023,15,132.492,1.0415
IT,2023,16,147.115,1.1565
IT,2023,17,165.482,1.3008
IT,2023,18,167.043,1.3131
IT,2023,19,150.497,1.183
IT,2023,20,134.823,1.0598
IT,2023,21,126.465,0.9941
IT,2023,22,121.648,0.9563
IT,2023,23,117.152,0.9209
IT,2024,0,95.528,0.8802
IT,2024,1,93.058,0.8575
IT,2024,2,92.31,0.8506
IT,2024,3,94.379,0.8697
IT,2024,4,102.912,0.9483
IT,2024,5,116.056,1.0694
IT,2024,6,122.809,1.1316
IT,2024,7,119.978,1.1055
IT,2024,8,109.723,1.011
IT,2024,9,100.751,0.9284
IT,2024,10,92.254,0.8501
IT,2024,11,87.785,0.8089
IT,2024,12,89.357,0.8234
IT,2024,13,95.374,0.8788
IT,2024,14,105.304,0.9703
IT,2024,15,115.622,1.0654
IT,2024,16,128.375,1.1829
IT,2024,17,143.826,1.3253
IT,2024,18,144.032,1.3272
IT,2024,19,128.88,1.1876
IT,2024,20,115.157,1.0611
IT,2024,21,107.882,0.9941
IT,2024,22,103.621,0.9548
IT,2024,23,99.614,0.9179
IT,2025,0,106.34,0.9174
IT,2025,1,104.605,0.9024
IT,2025,2,104.074,0.8978
IT,2025,3,106.257,0.9167
IT,2025,4,115.565,0.997
IT,2025,5,126.73,1.0933
IT,2025,6,130.606,1.1267
IT,2025,7,125.659,1.084
IT,2025,8,114.149,0.9847
IT,2025,9,103.496,0.8928
IT,2025,10,94.235,0.813
IT,2025,11,89.725,0.774
IT,2025,12,92.121,0.7947
IT,2025,13,98.407,0.8489
IT,2025,14,109.61,0.9456
IT,2025,15,122.977,1.0609
IT,2025,16,135.234,1.1666
IT,2025,17,146.622,1.2649
IT,2025,18,149.432,1.2891
IT,2025,19,136.768,1.1799
IT,2025,20,125.931,1.0864
IT,2025,21,118.869,1.0255
IT,2025,22,114.391,0.9868
IT,2025,23,110.213,0.9508
IT,2026,0,126.587,0.9795
IT,2026,1,124.822,0.9658
IT,2026,2,124.463,0.963
IT,2026,3,126.146,0.976
IT,2026,4,134.539,1.041
IT,2026,5,143.168,1.1077
IT,2026,6,144.087,1.1149
IT,2026,7,136.106,1.0531
IT,2026,8,121.545,0.9404
IT,2026,9,108.923,0.8428
IT,2026,10,96.651,0.7478
IT,2026,11,91.098,0.7049
IT,2026,12,93.811,0.7259
IT,2026,13,100.127,0.7747
IT,2026,14,112.965,0.8741
IT,2026,15,131.167,1.0149
IT,2026,16,148.529,1.1492
IT,2026,17,162.223,1.2552
IT,2026,18,166.461,1.288
IT,2026,19,157.03,1.215
IT,2026,20,148.127,1.1461
IT,2026,21,138.008,1.0678
IT,2026,22,134.563,1.0412
IT,2026,23,130.689,1.0112
PT,2019,0,43.723,0.9134
PT,2019,1,41.993,0.8773
PT,2019,2,41.109,0.8588
PT,2019,3,41.322,0.8633
PT,2019,4,42.813,0.8944
PT,2019,5,45.782,0.9565
PT,2019,6,49.038,1.0245
PT,2019,7,50.455,1.0541
PT,2019,8,50.798,1.0613
PT,2019,9,50.559,1.0563
PT,2019,10,50.224,1.0493
PT,2019,11,49.856,1.0416
PT,2019,12,48.629,1.0159
PT,2019,13,47.092,0.9838
PT,2019,14,46.283,0.9669
PT,2019,15,46.696,0.9756
PT,2019,16,48.308,1.0092
PT,2019,17,50.693,1.0591
PT,2019,18,52.868,1.1045
PT,2019,19,53.963,1.1274
PT,2019,20,52.157,1.0897
PT,2019,21,49.58,1.0358
PT,2019,22,48.55,1.0143
PT,2019,23,46.291,0.9671
PT,2020,0,29.785,0.8764
PT,2020,1,28.348,0.8341
PT,2020,2,27.652,0.8136
PT,2020,3,28.0,0.8239
PT,2020,4,30.163,0.8875
PT,2020,5,32.709,0.9624
PT,2020,6,35.041,1.031
PT,2020,7,35.977,1.0586
PT,2020,8,35.827,1.0542
PT,2020,9,35.394,1.0414
PT,2020,10,35.209,1.036
PT,2020,11,34.812,1.0243
PT,2020,12,33.912,0.9978
PT,2020,13,32.334,0.9514
PT,2020,14,31.845,0.937
PT,2020,15,32.837,0.9662
PT,2020,16,35.097,1.0327
PT,2020,17,37.959,1.1169
PT,2020,18,40.169,1.1819
PT,2020,19,40.768,1.1996
PT,2020,20,39.259,1.1552
PT,2020,21,36.282,1.0676
PT,2020,22,34.29,1.0089
PT,2020,23,31.995,0.9414
PT,2021,0,103.727,0.926
PT,2021,1,100.263,0.895
PT,2021,2,97.256,0.8682
PT,2021,3,97.428,0.8697
PT,2021,4,103.843,0.927
PT,2021,5,111.334,0.9939
PT,2021,6,118.249,1.0556
PT,2021,7,119.477,1.0666
PT,2021,8,116.686,1.0416
PT,2021,9,112.757,1.0066
PT,2021,10,109.55,0.9779
PT,2021,11,107.482,0.9595
PT,2021,12,104.981,0.9372
PT,2021,13,100.782,0.8997
PT,2021,14,100.282,0.8952
PT,2021,15,106.093,0.9471
PT,2021,16,115.681,1.0327
PT,2021,17,126.042,1.1252
PT,2021,18,132.563,1.1834
PT,2021,19,133.146,1.1886
PT,2021,20,127.202,1.1355
PT,2021,21,119.037,1.0626
PT,2021,22,114.438,1.0216
PT,2021,23,110.196,0.9837
PT,2022,0,159.034,0.9473
PT,2022,1,153.129,0.9122
PT,2022,2,150.151,0.8944
PT,2022,3,151.988,0.9054
PT,2022,4,160.864,0.9582
PT,2022,5,174.958,1.0422
PT,2022,6,183.456,1.0928
PT,2022,7,180.181,1.0733
PT,2022,8,170.303,1.0145
PT,2022,9,160.389,0.9554
PT,2022,10,154.751,0.9218
PT,2022,11,151.864,0.9046
PT,2022,12,146.443,0.8723
PT,2022,13,141.555,0.8432
PT,2022,14,140.492,0.8369
PT,2022,15,147.296,0.8774
PT,2022,16,163.424,0.9735
PT,2022,17,185.879,1.1072
PT,2022,18,207.404,1.2355
PT,2022,19,213.23,1.2702
PT,2022,20,201.824,1.2022
PT,2022,21,184.578,1.0995
PT,2022,22,177.13,1.0551
PT,2022,23,168.663,1.0047
PT,2023,0,85.033,0.9632
PT,2023,1,82.217,0.9313
PT,2023,2,80.087,0.9072
PT,2023,3,81.07,0.9184
PT,2023,4,87.535,0.9916
PT,2023,5,96.076,1.0883
PT,2023,6,101.18,1.1462
PT,2023,7,96.272,1.0906
PT,2023,8,84.675,0.9592
PT,2023,9,77.141,0.8738
PT,2023,10,72.784,0.8245
PT,2023,11,70.114,0.7942
PT,2023,12,66.552,0.7539
PT,2023,13,64.615,0.7319
PT,2023,14,65.433,0.7412
PT,2023,15,72.277,0.8187
PT,2023,16,84.999,0.9629
PT,2023,17,102.064,1.1562
PT,2023,18,119.09,1.349
PT,2023,19,122.254,1.3849
PT,2023,20,114.551,1.2976
PT,2023,21,104.39,1.1825
PT,2023,22,97.653,1.1062
PT,2023,23,90.602,1.0263
PT,2024,0,64.591,1.0178
PT,2024,1,62.519,0.9852
PT,2024,2,60.689,0.9563
PT,2024,3,60.757,0.9574
PT,2024,4,64.928,1.0231
PT,2024,5,72.828,1.1476
PT,2024,6,74.724,1.1775
PT,2024,7,68.554,1.0803
PT,2024,8,57.029,0.8987
PT,2024,9,48.193,0.7594
PT,2024,10,43.45,0.6847
PT,2024,11,40.901,0.6445
PT,2024,12,39.044,0.6153
PT,2024,13,38.744,0.6105
PT,2024,14,39.926,0.6291
PT,2024,15,47.45,0.7477
PT,2024,16,59.56,0.9385
PT,2024,17,76.099,1.1992
PT,2024,18,89.649,1.4127
PT,2024,19,98.692,1.5552
PT,2024,20,90.07,1.4193
PT,2024,21,80.961,1.2758
PT,2024,22,74.711,1.1773
PT,2024,23,68.977,1.0869
PT,2025,0,70.526,1.0656
PT,2025,1,66.954,1.0116
PT,2025,2,64.899,0.9806
PT,2025,3,65.238,0.9857
PT,2025,4,69.928,1.0566
PT,2025,5,79.395,1.1996
PT,2025,6,82.288,1.2433
PT,2025,7,71.16,1.0752
PT,2025,8,53.469,0.8079
PT,2025,9,41.142,0.6216
PT,2025,10,35.05,0.5296
PT,2025,11,32.072,0.4846
PT,2025,12,30.043,0.4539
PT,2025,13,30.039,0.4539
PT,2025,14,33.239,0.5022
PT,2025,15,42.983,0.6495
PT,2025,16,60.291,0.911
PT,2025,17,83.714,1.2649
PT,2025,18,105.449,1.5933
PT,2025,19,115.134,1.7396
PT,2025,20,104.072,1.5725
PT,2025,21,91.2,1.378
PT,2025,22,83.955,1.2685
PT,2025,23,76.171,1.1509
PT,2026,0,67.864,1.2552
PT,2026,1,65.027,1.2028
PT,2026,2,63.085,1.1668
PT,2026,3,64.077,1.1852
PT,2026,4,69.031,1.2768
PT,2026,5,73.008,1.3504
PT,2026,6,64.796,1.1985
PT,2026,7,46.429,0.8588
PT,2026,8,31.169,0.5765
PT,2026,9,23.365,0.4322
PT,2026,10,19.579,0.3621
PT,2026,11,17.232,0.3187
PT,2026,12,16.394,0.3032
PT,2026,13,16.611,0.3072
PT,2026,14,18.291,0.3383
PT,2026,15,22.528,0.4167
PT,2026,16,33.204,0.6142
PT,2026,17,58.381,1.0798
PT,2026,18,88.036,1.6284
PT,2026,19,103.599,1.9162
PT,2026,20,98.473,1.8214
PT,2026,21,85.938,1.5896
PT,2026,22,78.65,1.4547
PT,2026,23,72.811,1.3468
