month,GB_Nuclear,GB_Lignite,GB_Hard coal,GB_Gas,GB_Oil & other fossil,GB_Biomass,GB_Waste,GB_Geothermal,GB_Hydro run-of-river,GB_Hydro reservoir,GB_Hydro pumped (production),GB_Onshore wind,GB_Offshore wind,GB_Solar,GB_Marine,GB_Other renewable,GB_Other
2019-01,68.22,,79.42,72.54,,72.23,,,72.24,,83.65,63.86,64.86,70.78,,,69.18
2019-02,56.27,,62.36,58.4,,56.59,,,58.11,,64.11,54.43,53.74,53.26,,,56.15
2019-03,50.82,,54.8,53.26,,51.0,,,52.38,,59.2,50.01,50.14,47.5,,,51.56
2019-04,50.14,,53.64,51.92,,50.82,,,53.13,,61.54,49.52,49.22,48.53,,,50.58
2019-05,46.74,,48.64,49.3,,46.22,,,49.96,,57.22,44.78,44.14,45.34,,,50.06
2019-06,43.99,,50.67,46.62,47.73,44.04,,,47.88,,56.37,42.82,42.79,43.38,,,45.17
2019-07,45.39,,49.38,47.18,,45.32,,,48.84,,55.51,44.95,43.99,46.73,,,45.82
2019-08,40.51,,43.49,43.95,,41.03,,,42.8,,49.51,37.91,37.8,40.7,,,41.11
2019-09,37.95,,40.67,41.73,,37.83,,,39.48,,49.18,35.68,35.31,38.2,,,38.19
2019-10,41.21,,45.12,44.7,,41.38,,,42.9,,52.27,39.78,39.38,40.97,,,41.85
2019-11,50.83,,55.08,54.18,,51.15,,,53.54,,63.76,49.48,50.01,51.37,,,52.32
2019-12,43.63,,48.76,49.03,,44.43,,,45.26,,56.11,42.5,41.79,45.29,,,44.83
2020-01,40.86,,43.6,45.71,,41.71,,,42.39,,53.84,39.93,38.76,43.34,,,42.27
2020-02,35.09,,37.73,39.55,,36.62,,,36.4,,46.3,34.4,34.24,36.28,,,36.21
2020-03,32.12,,40.56,36.78,,33.8,,,33.7,,48.12,29.5,29.51,29.25,,,33.2
2020-04,26.18,,31.56,29.37,,27.65,,,29.47,,35.49,23.56,22.03,22.48,,,27.34
2020-05,24.82,,,27.88,,27.11,,,27.45,,32.44,20.19,17.79,23.23,,,25.75
2020-06,28.37,,32.8,32.05,,30.63,,,31.47,,35.72,24.78,22.86,28.65,,,30.38
2020-07,30.67,,,33.19,,31.85,,,33.02,,39.71,29.42,27.39,31.41,,,32.26
2020-08,38.86,,49.85,41.3,,39.12,,,40.71,,48.76,37.32,37.35,40.03,,,40.9
2020-09,47.48,,81.66,52.63,,47.68,,,54.4,,75.22,43.71,41.82,46.84,,,52.95
2020-10,45.66,,54.0,50.25,,47.38,,,48.22,,59.88,44.4,43.58,47.86,,,48.85
2020-11,46.72,,55.64,51.73,,48.38,,,48.88,,64.26,43.92,42.11,48.26,,,51.14
2020-12,59.63,,74.98,68.9,,62.38,,,63.2,,90.72,54.11,54.31,66.41,,,69.33
2021-01,79.73,,97.78,89.61,,83.18,,,93.92,,150.66,71.35,72.12,77.5,,,97.71
2021-02,65.51,,77.4,73.46,,66.94,,,66.2,,96.92,61.81,61.28,67.15,,,73.83
2021-03,62.85,,93.35,71.21,,64.61,,,68.89,,102.31,56.05,56.28,59.22,,,73.8
2021-04,77.7,,104.02,82.41,,80.66,,,79.8,,109.06,68.07,69.91,72.78,,,84.77
2021-05,84.79,,97.82,89.31,,86.42,,,91.47,,101.92,77.9,78.13,86.43,,,90.06
2021-06,90.82,,104.83,94.24,,91.1,,,97.13,,108.34,89.52,90.89,90.62,,,98.84
2021-07,109.65,,116.28,113.26,,111.2,,,117.55,,132.19,105.17,103.58,111.92,,,116.25
2021-08,124.88,,128.57,129.22,,124.61,,,132.46,,146.27,123.13,122.2,128.24,,,133.12
2021-09,200.44,,242.12,217.71,,191.99,,,237.93,,324.9,175.42,186.63,209.08,,,254.16
2021-10,191.09,,250.73,214.82,,196.88,,,204.03,,258.03,187.0,184.82,195.72,,,222.89
2021-11,215.59,,253.49,241.24,,222.12,,,228.75,,330.12,206.74,199.92,211.8,,,267.55
2021-12,264.67,,326.11,307.26,,272.39,,,285.5,,334.22,230.25,235.08,277.52,,,321.5
2022-01,211.26,,310.42,260.57,,236.98,,,253.98,,321.14,192.82,179.7,227.94,,,295.45
2022-02,187.23,,204.02,202.66,,193.07,,,195.87,,235.81,185.52,184.17,187.73,,,201.96
2022-03,285.75,,317.39,297.68,,301.22,,,309.43,,345.97,280.52,281.86,258.33,,,306.58
2022-04,208.02,,264.28,216.47,,215.48,,,219.25,,239.05,200.84,208.34,197.92,,,218.91
2022-05,143.9,,212.74,152.3,,152.23,,,151.91,,183.68,123.28,125.85,136.53,,,165.65
2022-06,170.31,,267.07,187.22,,177.62,,,192.76,,228.33,151.02,144.12,173.7,,,198.71
2022-07,274.63,,316.49,285.26,,285.42,,,311.7,,360.9,264.61,262.16,268.09,,,321.05
2022-08,414.66,,499.44,430.4,,437.6,,,443.12,,509.44,371.19,397.28,389.97,,,481.29
2022-09,306.35,,331.93,317.97,,311.69,,,333.81,,383.36,290.42,282.29,312.82,,,347.85
2022-10,137.78,,217.56,148.94,,159.27,,,145.05,,187.98,131.89,124.17,124.51,,,166.54
2022-11,150.08,,255.38,179.99,,161.92,,,164.95,,207.11,134.08,128.71,158.3,,,202.02
2022-12,,,,,,,,,,,,227.57,226.7,349.81,,,
2023-01,164.53,,174.05,181.38,,171.66,,,171.39,,197.91,137.76,135.13,167.89,,,186.68
2023-02,154.85,,170.25,163.07,,154.47,,,161.2,,179.41,147.94,142.05,149.39,,,167.77
2023-03,134.69,,166.29,150.14,,140.92,,,142.54,,166.14,124.68,126.19,121.54,,,154.72
2023-04,112.47,,132.93,122.35,,115.54,,,124.16,,134.72,106.22,107.88,105.21,,,123.06
2023-05,86.57,,,94.52,,92.37,,,99.53,,109.11,88.5,88.63,81.18,,,95.76
2023-06,99.08,,125.21,105.19,,100.08,,,108.67,,119.92,98.11,98.71,93.38,,,111.67
2023-07,78.28,,86.41,90.85,,86.19,,,95.23,,106.39,63.78,58.13,69.52,,,89.47
2023-08,95.81,,111.97,100.59,,94.67,,,103.63,,112.53,91.21,87.61,87.65,,,105.64
2023-09,95.66,,109.51,105.35,,100.58,,,102.68,,121.59,87.37,81.42,91.02,,,108.74
2023-10,99.44,,126.25,116.12,,109.08,,,103.85,,130.63,91.62,87.08,93.4,,,114.9
2023-11,104.85,,112.85,118.4,,107.79,,,111.88,,130.12,97.04,98.65,110.48,,,118.49
2023-12,76.55,,104.2,103.19,,88.56,,,73.71,,97.2,65.92,67.89,96.46,,,87.91
2024-01,83.23,,92.27,92.22,,86.32,,,83.32,,96.57,77.64,80.5,85.6,,,90.08
2024-02,64.64,,69.85,72.25,,68.76,,,66.24,,83.48,64.78,65.34,70.0,,,71.21
2024-03,73.15,,81.12,81.46,,77.33,,,79.0,,91.91,67.09,67.88,71.54,,,81.55
2024-04,58.39,,70.84,74.24,,66.09,,,61.41,,79.06,40.81,39.49,49.89,,,63.57
2024-05,85.14,,89.87,90.39,,86.46,,,93.48,,102.42,82.85,80.85,79.74,,,91.56
2024-06,82.57,,93.25,93.4,,87.71,,,94.89,,107.01,72.03,73.63,73.42,,,91.82
2024-07,82.95,,95.29,90.42,,86.19,,,91.25,,104.31,76.65,77.1,81.99,,,90.63
2024-08,67.33,,101.68,81.97,,75.07,,,76.73,,93.62,56.32,56.89,57.86,,,77.18
2024-09,91.98,,104.82,99.91,,96.91,,,98.28,,112.56,84.27,85.52,85.74,,,103.3
2024-10,98.49,,,111.89,,105.21,,,109.52,,132.58,89.12,87.31,98.36,,,114.87
2024-11,114.13,,,123.5,,118.71,,,123.43,,139.77,105.2,106.13,120.12,,,127.13
2024-12,102.7,,,136.76,,116.22,,,112.16,,143.31,87.46,89.34,111.44,,,131.26
2025-01,135.79,,,155.43,,141.85,,,148.45,,210.36,119.37,118.5,134.15,,,177.47
2025-02,122.56,,,135.43,,129.19,,,125.64,,143.2,116.65,117.72,111.29,,,132.2
2025-03,114.79,,,122.29,,118.1,,,118.22,,142.82,97.26,99.15,93.46,,,125.03
2025-04,89.33,,,99.69,,95.06,,,99.63,,113.03,84.3,86.09,73.38,,,98.02
2025-05,82.58,,,95.89,,91.74,,,92.2,,102.28,66.01,72.71,71.03,,,88.61
2025-06,78.71,,,95.26,,92.94,,,95.88,,107.58,64.85,67.81,65.17,,,88.54
2025-07,92.14,,,98.04,,93.92,,,97.49,,108.37,81.97,85.07,82.71,,,96.39
2025-08,81.16,,,93.23,,91.06,,,90.52,,106.54,66.36,73.26,68.54,,,88.8
2025-09,74.65,,,90.63,,87.88,,,85.35,,102.92,62.24,62.78,60.58,,,85.28
2025-10,83.55,,,102.55,,94.07,,,92.51,,109.87,66.36,67.08,77.03,,,97.69
2025-11,86.35,,,97.65,,89.39,,,88.24,,105.07,81.42,82.74,86.52,,,95.67
2025-12,85.77,,,92.69,,89.19,,,87.05,,100.43,82.18,82.9,88.75,,,91.56
2026-01,111.96,,,122.55,,115.28,,,119.87,,146.19,107.58,106.25,111.04,,,126.58
2026-02,91.74,,,98.58,,94.61,,,94.67,,107.52,88.32,89.16,86.39,,,99.06
2026-03,109.11,,,130.72,,119.97,,,119.74,,138.4,92.51,90.07,97.38,,,120.09
2026-04,91.58,,,109.18,,102.14,,,101.59,,119.72,86.91,85.2,72.07,,,101.81
2026-05,121.83,,,130.12,,123.94,,,128.9,,145.4,119.83,119.26,109.2,,,128.47
2026-06,114.82,,,132.1,,123.26,,,127.64,,156.23,101.37,105.36,98.53,,,133.48
2026-07,101.04,,,117.8,,113.97,,,115.4,,129.87,108.65,112.02,103.51,,,104.84
2026-08,154.1,,,168.84,,158.81,,,165.9,,184.05,142.84,149.07,125.7,,,162.59
2026-09,125.09,,,157.74,,136.45,,,141.57,,194.96,106.48,107.86,56.79,,,139.84
2026-10,,,,,,,,,,,,,,,,,
2026-11,,,,,,,,,,,,,,,,,
2026-12,,,,,,,,,,,,,,,,,
2027-01,,,,,,,,,,,,,,,,,
2027-02,,,,,,,,,,,,,,,,,
2027-03,,,,,,,,,,,,,,,,,
2027-04,,,,,,,,,,,,,,,,,
2027-05,,,,,,,,,,,,,,,,,
2027-06,,,,,,,,,,,,,,,,,
2027-07,,,,,,,,,,,,,,,,,
2027-08,,,,,,,,,,,,,,,,,
2027-09,,,,,,,,,,,,,,,,,
2027-10,,,,,,,,,,,,,,,,,
2027-11,,,,,,,,,,,,,,,,,
2027-12,,,,,,,,,,,,,,,,,
2028-01,,,,,,,,,,,,,,,,,
2028-02,,,,,,,,,,,,,,,,,
2028-03,,,,,,,,,,,,,,,,,
2028-04,,,,,,,,,,,,,,,,,
2028-05,,,,,,,,,,,,,,,,,
2028-06,,,,,,,,,,,,,,,,,
2028-07,,,,,,,,,,,,,,,,,
2028-08,,,,,,,,,,,,,,,,,
2028-09,,,,,,,,,,,,,,,,,
2028-10,,,,,,,,,,,,,,,,,
2028-11,,,,,,,,,,,,,,,,,
2028-12,,,,,,,,,,,,,,,,,
2029-01,,,,,,,,,,,,,,,,,
2029-02,,,,,,,,,,,,,,,,,
2029-03,,,,,,,,,,,,,,,,,
2029-04,,,,,,,,,,,,,,,,,
2029-05,,,,,,,,,,,,,,,,,
2029-06,,,,,,,,,,,,,,,,,
2029-07,,,,,,,,,,,,,,,,,
2029-08,,,,,,,,,,,,,,,,,
2029-09,,,,,,,,,,,,,,,,,
2029-10,,,,,,,,,,,,,,,,,
2029-11,,,,,,,,,,,,,,,,,
2029-12,,,,,,,,,,,,,,,,,
2030-01,,,,,,,,,,,,,,,,,
2030-02,,,,,,,,,,,,,,,,,
2030-03,,,,,,,,,,,,,,,,,
2030-04,,,,,,,,,,,,,,,,,
2030-05,,,,,,,,,,,,,,,,,
2030-06,,,,,,,,,,,,,,,,,
2030-07,,,,,,,,,,,,,,,,,
2030-08,,,,,,,,,,,,,,,,,
2030-09,,,,,,,,,,,,,,,,,
2030-10,,,,,,,,,,,,,,,,,
2030-11,,,,,,,,,,,,,,,,,
2030-12,,,,,,,,,,,,,,,,,
2031-01,,,,,,,,,,,,,,,,,
2031-02,,,,,,,,,,,,,,,,,
2031-03,,,,,,,,,,,,,,,,,
2031-04,,,,,,,,,,,,,,,,,
2031-05,,,,,,,,,,,,,,,,,
2031-06,,,,,,,,,,,,,,,,,
2031-07,,,,,,,,,,,,,,,,,
2031-08,,,,,,,,,,,,,,,,,
2031-09,,,,,,,,,,,,,,,,,
2031-10,,,,,,,,,,,,,,,,,
2031-11,,,,,,,,,,,,,,,,,
2031-12,,,,,,,,,,,,,,,,,
2032-01,,,,,,,,,,,,,,,,,
2032-02,,,,,,,,,,,,,,,,,
2032-03,,,,,,,,,,,,,,,,,
2032-04,,,,,,,,,,,,,,,,,
2032-05,,,,,,,,,,,,,,,,,
2032-06,,,,,,,,,,,,,,,,,
2032-07,,,,,,,,,,,,,,,,,
2032-08,,,,,,,,,,,,,,,,,
2032-09,,,,,,,,,,,,,,,,,
2032-10,,,,,,,,,,,,,,,,,
2032-11,,,,,,,,,,,,,,,,,
2032-12,,,,,,,,,,,,,,,,,
2033-01,,,,,,,,,,,,,,,,,
2033-02,,,,,,,,,,,,,,,,,
2033-03,,,,,,,,,,,,,,,,,
2033-04,,,,,,,,,,,,,,,,,
2033-05,,,,,,,,,,,,,,,,,
2033-06,,,,,,,,,,,,,,,,,
2033-07,,,,,,,,,,,,,,,,,
2033-08,,,,,,,,,,,,,,,,,
2033-09,,,,,,,,,,,,,,,,,
2033-10,,,,,,,,,,,,,,,,,
2033-11,,,,,,,,,,,,,,,,,
2033-12,,,,,,,,,,,,,,,,,
2034-01,,,,,,,,,,,,,,,,,
2034-02,,,,,,,,,,,,,,,,,
2034-03,,,,,,,,,,,,,,,,,
2034-04,,,,,,,,,,,,,,,,,
2034-05,,,,,,,,,,,,,,,,,
2034-06,,,,,,,,,,,,,,,,,
2034-07,,,,,,,,,,,,,,,,,
2034-08,,,,,,,,,,,,,,,,,
2034-09,,,,,,,,,,,,,,,,,
2034-10,,,,,,,,,,,,,,,,,
2034-11,,,,,,,,,,,,,,,,,
2034-12,,,,,,,,,,,,,,,,,
2035-01,,,,,,,,,,,,,,,,,
2035-02,,,,,,,,,,,,,,,,,
2035-03,,,,,,,,,,,,,,,,,
2035-04,,,,,,,,,,,,,,,,,
2035-05,,,,,,,,,,,,,,,,,
2035-06,,,,,,,,,,,,,,,,,
2035-07,,,,,,,,,,,,,,,,,
2035-08,,,,,,,,,,,,,,,,,
2035-09,,,,,,,,,,,,,,,,,
2035-10,,,,,,,,,,,,,,,,,
2035-11,,,,,,,,,,,,,,,,,
2035-12,,,,,,,,,,,,,,,,,
