month,DE_Nuclear,DE_Lignite,DE_Hard coal,DE_Gas,DE_Oil & other fossil,DE_Biomass,DE_Waste,DE_Geothermal,DE_Hydro run-of-river,DE_Hydro reservoir,DE_Hydro pumped (production),DE_Onshore wind,DE_Offshore wind,DE_Solar,DE_Marine,DE_Other renewable,DE_Other,ES_Nuclear,ES_Lignite,ES_Hard coal,ES_Gas,ES_Oil & other fossil,ES_Biomass,ES_Waste,ES_Geothermal,ES_Hydro run-of-river,ES_Hydro reservoir,ES_Hydro pumped (production),ES_Onshore wind,ES_Offshore wind,ES_Solar,ES_Marine,ES_Other renewable,ES_Other,PT_Nuclear,PT_Lignite,PT_Hard coal,PT_Gas,PT_Oil & other fossil,PT_Biomass,PT_Waste,PT_Geothermal,PT_Hydro run-of-river,PT_Hydro reservoir,PT_Hydro pumped (production),PT_Onshore wind,PT_Offshore wind,PT_Solar,PT_Marine,PT_Other renewable,PT_Other,FR_Nuclear,FR_Lignite,FR_Hard coal,FR_Gas,FR_Oil & other fossil,FR_Biomass,FR_Waste,FR_Geothermal,FR_Hydro run-of-river,FR_Hydro reservoir,FR_Hydro pumped (production),FR_Onshore wind,FR_Offshore wind,FR_Solar,FR_Marine,FR_Other renewable,FR_Other,IT_Nuclear,IT_Lignite,IT_Hard coal,IT_Gas,IT_Oil & other fossil,IT_Biomass,IT_Waste,IT_Geothermal,IT_Hydro run-of-river,IT_Hydro reservoir,IT_Hydro pumped (production),IT_Onshore wind,IT_Offshore wind,IT_Solar,IT_Marine,IT_Other renewable,IT_Other
2019-01,50.53,54.08,57.59,55.73,50.74,49.65,49.12,49.51,49.75,63.43,63.62,39.11,45.65,59.14,,50.99,50.62,61.89,64.16,63.74,64.16,62.38,61.91,61.93,,61.85,65.46,,60.44,,64.36,,62.28,62.15,,,64.2,65.33,,62.77,,,66.12,67.12,68.34,60.68,,64.97,,,62.64,61.31,,67.0,63.55,64.68,61.14,61.1,,63.86,69.16,74.2,57.86,,67.01,,,,,,69.48,71.16,72.28,67.58,67.54,67.63,72.07,74.76,79.74,66.44,,68.81,,,70.07
2019-02,43.15,44.61,46.69,45.44,43.1,42.94,42.78,42.59,42.89,47.34,50.47,38.44,41.95,42.12,,43.26,43.38,54.02,57.47,56.01,56.18,54.65,54.13,54.03,,54.36,56.45,,51.31,,54.63,,54.18,53.63,,,56.95,57.8,,54.68,,,57.03,57.09,58.9,51.32,,55.6,,,54.79,46.8,,51.06,48.83,47.25,46.52,46.58,,48.07,51.81,55.69,44.27,,46.59,,,,,,59.23,60.47,60.82,57.7,57.73,57.64,61.27,63.01,69.54,56.08,,54.05,,,59.4
2019-03,31.42,35.12,36.03,33.76,29.13,30.87,31.08,30.52,30.74,34.69,38.71,24.71,27.64,30.8,,31.56,32.04,48.84,54.38,50.75,50.16,49.26,49.01,48.82,,49.29,51.9,,46.67,,49.22,,49.08,48.92,,,52.45,51.33,,49.28,,,51.27,53.0,53.68,46.17,,49.66,,,49.18,34.58,,37.8,36.87,34.15,33.8,33.82,,34.93,39.15,43.75,30.65,,33.45,,,,,,54.09,55.39,55.54,52.88,52.74,52.82,56.45,58.73,65.19,52.53,,48.67,,,54.36
2019-04,38.44,39.44,40.99,39.78,36.8,37.07,37.39,37.2,37.17,38.61,45.27,34.09,35.26,31.73,,37.82,37.76,50.18,,52.49,52.32,51.01,50.64,50.52,,50.46,53.27,,47.41,,52.44,,50.47,52.37,,,55.06,53.79,,50.54,,,52.98,55.37,55.18,46.95,,51.32,,,50.02,38.59,,44.4,42.58,38.54,38.09,38.08,,39.05,41.72,45.8,36.56,,37.1,,,,,,54.99,56.32,53.48,53.46,53.21,53.33,54.72,57.64,63.8,51.48,,51.15,,,54.86
2019-05,38.03,39.65,41.36,39.88,37.96,37.89,37.61,37.69,37.69,41.53,45.91,35.92,35.53,35.27,,38.06,38.5,48.25,,49.94,50.03,49.24,48.64,48.3,,48.6,50.7,,45.84,,48.68,,48.52,48.39,,,54.01,51.59,,48.72,,,50.53,53.96,54.49,46.73,,49.2,,,48.89,37.61,,36.67,40.91,37.21,37.15,37.18,,37.73,40.59,45.8,36.82,,35.65,,,,,,51.84,52.67,49.54,50.7,51.09,50.63,51.26,52.78,56.03,49.86,,50.32,,,51.92
2019-06,32.94,36.34,38.38,36.93,33.33,32.6,32.6,31.91,32.54,37.17,44.43,24.32,27.61,29.08,,32.43,32.38,47.12,,47.7,47.71,47.31,47.18,47.15,,47.3,48.68,,45.98,,47.0,,47.19,48.03,,,48.7,48.19,,47.19,,,49.46,50.8,50.8,45.72,,46.97,,,47.14,30.0,,28.7,34.6,29.19,28.95,29.22,,29.87,31.94,38.44,26.58,,29.34,,,,,,51.2,51.26,50.54,48.54,48.76,48.5,49.53,51.66,55.8,48.12,,47.69,,,50.16
2019-07,39.64,41.15,43.61,41.45,39.78,39.65,39.47,39.63,39.56,41.51,46.6,36.58,36.47,39.15,,39.88,39.96,51.47,,52.22,52.02,51.79,51.45,51.44,,51.9,53.52,,50.74,,52.88,,51.6,51.95,,,53.37,52.63,,51.38,,,54.67,55.36,55.41,50.37,,53.11,,,51.5,37.71,,45.7,40.09,39.61,37.71,37.67,,37.66,39.8,44.01,36.25,,38.43,,,,,,55.41,54.38,53.95,52.24,51.64,52.29,53.9,55.09,60.7,49.24,,52.78,,,53.6
2019-08,37.32,39.2,41.91,39.62,36.81,36.96,36.76,36.96,36.87,40.43,46.07,30.67,32.34,33.76,,37.08,37.27,44.9,,46.09,45.68,45.31,44.92,44.93,,45.35,46.51,,43.81,,45.71,,45.12,44.22,,,50.16,46.28,,44.94,,,47.66,49.5,48.63,43.86,,45.88,,,44.87,33.8,,41.18,36.98,34.23,32.48,33.37,,34.04,35.82,41.26,29.31,,33.39,,,,,,52.95,51.78,52.3,49.44,49.8,49.56,51.49,52.68,61.37,47.36,,45.87,,,51.24
2019-09,36.07,38.29,41.09,38.49,35.85,35.92,36.16,36.18,36.01,41.27,44.73,30.91,33.42,33.44,,36.01,36.02,42.12,,42.74,43.73,42.89,42.01,42.2,,42.56,44.98,,39.2,,43.0,,42.13,42.14,,,50.34,44.46,,42.02,,,46.4,49.03,47.28,38.93,,42.54,,,42.1,35.86,,37.78,38.09,35.67,35.59,35.56,,36.56,39.48,45.58,34.15,,36.27,,,,,,52.99,52.94,52.36,51.09,51.06,51.09,54.01,55.9,61.76,50.79,,50.38,,,52.74
2019-10,37.31,39.29,43.71,40.05,37.04,37.11,37.04,37.19,36.91,42.26,43.27,32.29,33.45,37.86,,37.24,37.92,47.16,,47.93,48.2,47.82,47.2,47.24,,47.93,51.1,,45.41,,46.86,,47.25,47.29,,,51.5,49.09,,47.27,,,52.76,53.73,53.78,45.47,,46.35,,,47.26,38.92,,41.12,41.88,38.76,38.68,38.56,,40.09,45.07,50.77,36.93,,40.02,,,,,,55.34,54.97,54.53,52.62,53.67,52.8,55.54,60.63,66.57,53.66,,52.57,,,54.43
2019-11,40.96,42.51,45.83,44.0,41.8,41.09,40.69,40.84,41.28,46.58,49.76,37.09,38.36,43.82,,41.33,41.33,42.0,,45.72,45.65,43.9,42.62,42.44,,43.19,46.47,,39.99,,42.58,,42.59,42.93,,,53.65,46.06,,41.77,,,47.08,49.72,49.25,39.98,,42.89,,,40.04,46.24,,54.66,48.42,49.32,45.92,45.85,,46.74,50.39,57.98,43.21,,50.24,,,,,,50.25,51.42,49.5,48.03,48.01,48.08,50.38,53.27,57.4,47.2,,49.86,,,50.43
2019-12,32.72,36.61,40.08,37.37,32.17,32.11,32.24,32.11,32.48,37.53,41.48,26.53,30.3,36.96,,32.91,33.58,34.05,,42.94,38.51,37.44,35.06,34.98,,33.72,33.57,,31.98,,36.01,,34.75,34.33,,,48.88,41.03,,33.91,,,33.57,32.25,33.12,30.42,,38.09,,,36.33,36.67,,53.75,42.49,41.64,36.36,36.56,,36.53,38.72,47.74,33.04,,39.85,,,,,,45.24,47.7,46.47,43.41,43.6,42.91,45.38,47.51,51.73,41.77,,43.64,,,46.75
2020-01,35.22,37.27,40.1,38.12,35.31,35.17,34.53,34.75,34.86,40.05,34.4,31.07,33.74,38.32,,35.1,35.27,41.08,,42.46,43.11,42.31,41.11,41.13,,41.43,43.41,,38.91,,41.66,,41.28,41.65,,,50.06,43.81,,40.93,,,42.6,42.99,46.38,39.3,,41.06,,,40.97,38.1,,45.23,39.53,39.26,37.97,37.97,,39.3,42.12,46.06,36.43,,40.33,,,,,,48.44,49.88,47.69,47.37,47.41,47.41,51.03,52.68,56.25,45.03,,47.05,,,49.06
2020-02,23.25,27.37,27.93,27.52,22.06,22.14,22.21,22.58,22.64,26.34,22.02,17.56,20.27,23.2,,23.34,24.13,36.05,,37.11,37.56,36.79,35.99,35.66,,36.31,38.98,,33.01,,35.15,,36.05,36.4,,,43.11,39.41,,35.94,,,38.75,38.2,40.5,32.36,,35.64,,,35.74,26.74,,31.76,29.39,26.96,26.24,26.18,,27.25,29.94,36.53,24.52,,27.94,,,,,,40.23,41.16,40.66,39.24,39.26,39.24,42.85,45.1,48.52,38.71,,37.77,,,40.42
2020-03,23.51,26.28,28.66,26.75,22.58,22.66,22.44,22.22,22.77,25.28,22.31,18.44,19.48,16.21,,23.44,23.87,27.95,,28.95,28.44,28.48,27.71,27.62,,28.3,30.17,,25.88,,27.91,,27.96,28.11,,,38.06,30.77,,27.9,,,30.5,31.44,32.3,25.19,,27.97,,,27.94,24.76,,32.03,27.58,25.12,23.75,23.69,,25.01,26.55,33.05,22.02,,20.11,,,,,,32.28,34.73,32.8,31.73,31.53,31.97,35.07,38.24,42.1,31.02,,29.32,,,32.99
2020-04,17.9,20.44,18.16,20.68,17.1,17.24,17.9,17.32,17.52,19.37,16.34,11.16,13.2,8.95,,17.48,17.98,18.0,,18.47,18.14,18.14,17.62,17.68,,17.49,18.51,,15.47,,16.86,,17.69,17.72,,,,20.1,,17.8,,,17.04,20.33,20.41,15.2,,17.29,,,17.9,14.09,,13.22,15.68,13.39,13.4,13.41,,14.18,16.25,19.04,10.88,,11.02,,,,,,25.14,26.26,25.17,24.82,24.46,24.8,26.79,28.73,32.9,24.12,,19.57,,,25.66
2020-05,17.82,20.72,18.05,21.27,17.66,17.7,18.81,17.77,18.07,21.1,17.64,13.08,14.18,14.11,,18.01,18.77,21.33,,22.73,22.31,22.12,21.4,21.12,,21.04,22.54,,19.42,,20.88,,21.65,21.35,,,29.56,24.92,,21.38,,,21.94,23.8,24.26,19.04,35.4,20.73,,,21.83,15.54,,16.67,17.88,14.82,14.91,14.79,,15.67,16.42,20.72,14.24,,12.98,,,,,,21.98,23.15,22.9,21.72,21.73,21.77,22.64,23.84,27.46,21.4,,18.89,,,22.59
2020-06,26.12,29.71,28.66,28.96,26.34,26.3,26.24,26.29,26.58,29.7,25.9,22.32,22.41,24.7,,26.02,26.2,30.75,,31.04,31.7,30.95,30.41,30.7,,30.63,32.34,,28.44,,30.2,,30.64,29.6,,,39.0,32.31,,30.29,,,33.53,35.3,34.76,29.26,30.02,30.1,,,30.47,25.88,,27.04,28.67,26.77,25.85,25.73,,26.55,26.78,32.14,23.95,,25.92,,,,,,27.81,29.94,29.49,28.09,27.01,28.06,28.86,30.23,32.98,26.84,,26.54,,,29.38
2020-07,30.59,33.43,33.96,32.94,29.75,30.29,30.57,30.48,30.29,34.58,30.14,21.8,24.1,26.22,,30.13,30.07,34.64,,35.27,35.49,35.33,34.66,34.53,,34.77,37.17,,33.91,,35.24,,34.62,35.71,,,39.24,36.01,,34.61,,,38.54,39.08,39.52,33.89,33.88,35.42,,,34.73,33.93,,39.04,35.01,34.75,33.45,33.56,,34.23,35.64,40.57,30.82,,33.92,,,,,,39.72,40.08,40.8,37.89,38.19,37.88,39.57,41.4,45.33,34.58,,37.88,,,39.36
2020-08,35.13,36.96,39.25,36.48,34.99,35.08,35.0,34.88,35.04,38.57,36.34,30.14,32.04,33.18,,34.94,34.86,36.22,,36.67,37.19,37.09,36.28,36.29,,36.61,39.18,,35.39,,36.21,,36.26,36.29,,,39.93,37.66,,36.12,,,40.15,41.36,41.51,35.53,35.0,36.11,,,36.19,36.89,,45.03,37.8,37.25,36.76,36.6,,37.32,39.77,44.7,35.88,,36.98,,,,,,40.55,41.91,41.93,40.27,40.29,40.29,41.92,43.82,49.36,39.81,,37.77,,,41.28
2020-09,43.75,45.38,50.15,46.42,44.14,43.93,44.06,43.41,43.63,51.61,48.68,38.06,38.43,39.76,,43.88,44.19,42.01,,43.02,44.2,43.23,41.89,42.03,,42.41,46.43,,38.25,,41.74,,41.98,42.49,,,45.86,44.59,,41.81,,,47.38,50.34,49.78,38.29,39.04,41.54,,,42.13,47.45,,52.8,49.12,51.73,47.19,46.89,,48.47,53.89,61.53,43.11,,47.97,,,,,,51.57,51.43,52.56,48.58,48.75,48.59,51.05,54.28,62.46,46.45,,48.56,,,50.73
2020-10,34.11,37.03,40.47,38.36,33.92,34.25,34.3,33.82,33.9,38.8,35.36,30.05,31.72,32.65,,34.59,35.09,36.58,,38.5,39.17,38.36,36.82,36.77,,37.12,41.73,,33.34,,35.82,,36.78,36.29,,,41.76,40.91,,36.33,,,41.37,42.94,43.74,31.99,34.13,35.79,,,36.09,38.35,,47.02,42.46,38.44,37.84,37.87,,38.23,41.33,48.71,35.81,,39.32,,,,,,44.67,46.4,45.2,43.61,42.67,43.52,45.07,46.85,51.8,42.14,,42.27,,,45.0
2020-11,39.23,41.97,45.56,43.38,39.26,39.13,38.5,39.13,38.54,44.33,38.0,32.19,35.24,39.96,,39.72,40.2,42.24,,43.34,44.26,43.14,42.04,42.06,,42.47,46.12,,39.58,,42.12,,42.05,42.3,,,43.85,45.52,,42.28,,,45.35,44.0,46.96,39.82,39.05,42.8,,,42.8,40.78,,52.43,43.59,40.14,40.15,39.76,,41.42,46.79,51.23,34.9,,43.0,,,,,,50.39,51.5,51.54,48.41,49.13,48.74,51.18,54.87,59.32,47.76,,48.82,,,50.56
2020-12,44.09,48.76,53.6,49.25,45.63,43.83,42.33,43.4,43.7,55.19,43.19,33.84,39.9,48.08,,44.47,46.11,41.98,,43.26,45.25,44.62,42.23,42.17,,42.52,46.91,,39.64,,43.26,,42.32,42.39,,,50.9,48.0,,42.07,,,46.28,45.82,49.75,38.64,42.19,43.57,,,42.23,48.5,,60.02,53.47,54.1,48.38,47.91,,49.66,58.3,67.87,44.25,,56.02,,,,,,57.27,59.03,57.27,53.7,54.0,54.1,58.65,62.49,69.15,51.26,,59.36,,,57.78
2021-01,53.08,54.72,57.52,56.34,52.8,53.06,52.95,52.4,53.1,57.6,63.63,46.66,48.93,55.42,,52.98,53.27,61.03,,77.14,67.37,65.26,58.72,61.49,,58.82,67.44,,53.35,,63.95,,60.19,60.93,,,78.29,75.12,,60.23,,,64.05,70.08,72.55,51.63,,65.88,,,62.1,59.76,,66.07,63.19,62.15,59.44,59.51,,60.68,65.12,74.83,56.98,,66.19,,,,,,63.09,64.55,63.86,60.64,60.97,60.65,63.79,65.88,72.0,59.35,,65.87,,,63.23
2021-02,48.94,52.25,55.75,52.82,49.28,48.96,48.66,48.49,49.11,54.26,59.74,44.0,47.46,44.88,,48.95,49.49,29.12,,30.77,32.92,32.39,28.52,28.98,,29.54,31.81,,25.09,,27.16,,29.58,29.33,,,54.64,36.24,,28.38,,,29.3,31.58,33.74,22.86,,24.76,,,28.43,49.52,,55.85,53.68,52.09,49.0,48.64,,50.43,53.7,65.99,48.38,,48.66,,,,,,57.78,60.32,58.79,56.58,55.88,56.54,60.26,62.02,70.97,55.31,,56.27,,,59.24
2021-03,47.88,52.62,54.73,52.56,47.38,47.44,47.37,47.0,47.41,53.02,60.04,35.07,39.74,41.02,,48.18,48.66,45.7,,46.5,48.88,47.09,45.65,45.51,,46.94,50.9,,40.55,,41.14,,45.76,45.5,,,65.04,52.74,,45.56,,,47.87,52.8,55.5,40.43,,40.61,,,45.26,50.65,,54.03,53.77,52.26,50.3,50.21,,52.17,57.34,63.67,44.98,,45.52,,,,,,61.38,62.5,62.22,60.28,60.59,60.4,63.16,65.18,73.79,58.62,,57.95,,,61.81
2021-04,54.64,59.41,61.59,59.24,53.75,53.97,54.01,52.86,53.45,60.83,67.27,45.04,46.92,45.47,,54.52,53.91,64.91,,66.03,68.66,67.91,64.98,64.8,,65.55,70.58,,61.12,,59.62,,65.36,69.33,,,74.66,70.81,,64.87,,,69.96,75.94,72.88,63.01,,59.52,,,64.55,63.42,,71.22,69.71,68.21,63.42,63.03,,64.65,69.73,75.81,57.69,,56.47,,,,,,70.61,72.24,72.93,68.9,68.73,69.02,71.3,74.5,81.07,66.98,,65.55,,,70.14
2021-05,54.04,61.12,61.14,59.32,53.38,53.74,53.68,54.03,54.74,63.14,70.12,43.22,41.71,41.9,,54.26,55.49,66.11,,70.18,71.38,70.71,67.27,67.51,,67.3,74.82,,59.86,,62.76,,67.68,66.03,,,87.1,75.9,,66.95,,,73.19,82.92,79.69,61.12,65.14,61.88,,,67.61,56.76,,55.27,64.56,56.41,55.24,55.01,,56.37,59.3,75.03,48.43,,48.85,,,,,,69.61,72.87,73.3,69.98,69.49,69.87,71.9,74.44,81.08,68.73,,67.32,,,71.52
2021-06,74.29,77.62,81.08,79.54,74.2,74.21,73.8,72.99,74.2,80.85,87.49,64.18,69.58,68.58,,74.16,74.08,83.38,,84.04,85.28,85.07,83.35,83.56,,83.61,87.22,,80.84,,81.2,,83.64,83.47,,,91.42,86.62,,83.25,,,88.4,89.24,90.84,80.25,82.59,80.33,,,83.43,74.12,,80.52,80.89,75.97,73.55,73.66,,74.15,76.39,87.19,73.55,,69.42,,,,,,88.06,89.32,91.42,84.59,85.35,84.8,86.48,89.35,93.87,85.27,,83.61,,,88.02
2021-07,81.46,84.75,89.43,87.67,82.6,81.79,80.22,81.73,81.65,87.56,95.11,69.45,73.6,74.08,,81.38,81.15,92.37,,93.68,94.65,93.51,92.34,92.32,,92.95,95.04,,89.59,,90.3,,92.64,92.45,,,101.2,96.1,,92.55,,,95.59,99.04,101.02,90.18,91.33,89.7,,,92.75,78.56,,87.96,88.78,78.68,75.69,78.04,,79.61,83.48,94.52,73.29,,76.0,,,,,,105.15,105.78,105.72,102.72,102.36,102.65,104.67,106.23,112.42,100.35,,104.03,,,104.46
2021-08,83.45,86.82,94.87,88.14,82.78,83.34,82.86,83.24,83.02,91.21,99.55,73.72,76.72,76.8,,82.98,83.39,106.06,,107.79,109.7,107.14,106.17,106.28,,106.38,110.24,,102.34,,101.11,,106.41,106.15,,,117.56,112.81,,106.2,,,110.38,116.02,116.22,101.26,104.54,100.74,,,106.94,78.94,,94.94,87.1,77.64,77.13,77.04,,77.52,85.85,99.73,68.12,,74.53,,,,,,113.61,115.9,113.86,112.58,112.62,112.62,114.6,116.11,125.71,110.33,,109.08,,,114.01
2021-09,128.52,130.32,135.63,136.22,129.08,129.27,128.58,127.98,127.91,141.94,158.57,118.25,125.44,117.04,,128.75,129.37,156.5,,158.26,158.41,157.61,156.66,156.8,,156.24,160.84,,155.28,,148.9,,157.23,156.67,,,158.77,159.52,,156.62,,,165.03,170.13,172.98,156.34,163.3,149.74,,,156.15,135.34,,136.25,148.28,136.49,135.47,135.25,,138.52,146.28,160.83,133.12,,131.5,,,,,,167.82,162.12,158.84,157.9,153.8,158.58,161.86,163.17,177.52,159.54,,154.34,,,160.35
2021-10,140.14,149.07,169.61,160.04,142.09,141.03,141.4,139.54,142.85,167.65,182.59,112.0,128.54,128.05,,143.43,147.68,199.83,,203.07,211.49,203.88,199.19,200.13,,200.71,220.29,,181.34,,192.8,,200.71,198.3,,,225.41,216.64,,198.66,,,221.72,222.65,235.02,174.44,186.94,191.21,,,201.55,174.32,,194.26,203.53,186.02,172.17,171.13,,179.88,199.0,232.11,148.93,,178.72,,,,,,218.03,226.47,225.13,217.76,215.17,217.59,228.64,236.15,257.03,214.91,,212.96,,,222.84
2021-11,177.76,182.45,193.81,200.02,185.64,177.89,176.1,175.27,176.48,216.08,224.06,142.73,159.37,182.82,,180.4,185.48,189.04,,200.17,206.11,197.18,193.94,191.86,,195.78,215.17,,187.46,,181.59,,194.38,196.14,,,188.15,207.1,,194.83,,,214.93,207.75,220.17,192.44,203.28,183.29,,,194.86,218.4,,220.0,227.69,237.04,217.33,215.83,,222.78,255.2,268.24,217.23,,217.93,,,,,,228.31,236.42,242.94,226.46,223.96,225.38,238.4,253.42,278.52,224.48,,236.48,,,234.11
2021-12,224.98,236.16,256.57,262.6,244.94,223.82,221.09,224.63,216.67,290.43,274.56,165.48,189.42,271.24,,230.53,228.63,240.56,,247.11,271.73,246.34,241.1,242.32,,239.74,261.11,,210.43,,226.99,,241.87,223.85,,,,269.38,,238.76,,,273.69,280.76,268.92,229.44,227.19,233.61,,,237.35,276.33,,296.59,300.54,297.52,274.48,273.53,,273.08,304.54,336.64,250.89,,310.59,,,,,,292.84,305.45,308.47,281.55,277.63,279.87,293.56,302.55,329.5,268.43,,299.02,,,292.2
2022-01,168.9,183.28,190.52,194.32,172.6,169.78,165.23,169.48,168.9,211.31,210.43,132.53,148.92,178.32,,174.17,175.16,203.26,,202.18,212.83,204.16,200.75,203.01,,201.26,219.72,,194.59,,196.9,,203.13,189.13,,,,214.37,,202.1,,,223.22,221.59,228.63,194.24,183.37,197.49,,,201.5,214.63,,236.72,226.85,230.14,211.5,211.8,,213.63,246.89,262.01,184.4,,225.55,,,,,,228.12,237.04,229.59,226.42,221.52,224.27,238.75,249.01,263.04,224.45,,228.8,,,231.85
2022-02,129.72,146.11,147.65,142.49,131.66,130.55,129.49,129.18,127.79,146.86,165.38,110.72,123.72,118.74,,134.52,137.07,200.31,,204.38,206.85,201.32,200.63,201.9,,201.57,219.96,,194.19,,184.88,,200.8,201.72,,,,208.43,,200.88,,,227.47,235.33,231.68,191.07,187.43,185.48,,,200.33,187.01,,204.01,197.12,185.76,183.89,184.91,,188.56,210.0,224.63,168.89,,184.65,,,,,,213.64,217.52,217.44,212.56,210.42,211.61,224.58,235.42,244.29,208.8,,206.64,,,215.26
2022-03,253.67,261.07,273.83,275.59,251.08,254.56,253.08,250.88,251.71,289.1,316.87,205.65,221.63,207.12,,260.76,264.56,287.7,,289.28,291.31,286.09,285.9,285.37,,280.15,303.24,,269.95,,278.74,,284.35,274.0,,,,298.93,,284.03,,,294.17,303.26,331.08,272.98,293.92,280.8,,,290.62,302.23,,320.3,304.05,313.92,302.23,294.51,,308.15,337.09,354.36,292.94,,274.74,,,,,,306.07,316.61,382.62,313.0,301.65,307.72,328.2,351.76,359.69,314.12,,292.75,,,320.98
2022-04,166.31,178.0,185.68,181.66,166.17,167.49,168.16,163.18,166.35,196.17,209.67,131.34,140.94,145.63,,169.91,171.83,189.25,,203.16,212.2,204.98,192.64,191.9,,191.75,218.91,,179.0,,160.28,,193.03,183.59,,,,222.98,,191.41,,,222.8,239.21,226.7,176.41,173.96,157.03,,,186.95,235.92,,309.69,261.38,296.67,225.94,230.71,,238.0,288.77,315.82,241.86,,208.21,,,,,,257.81,261.34,254.56,245.54,245.02,245.56,257.47,275.17,288.31,236.88,,219.06,,,248.66
2022-05,179.01,189.56,199.12,195.8,177.25,179.4,177.55,178.04,174.59,204.88,215.39,140.43,148.99,151.35,,177.59,178.91,187.61,,190.39,193.47,191.25,187.66,187.53,,188.35,201.45,,184.35,,171.3,,187.62,184.61,,,,194.68,,187.34,,,206.36,215.92,216.78,183.24,184.39,167.85,,,187.4,198.67,,206.98,208.57,199.66,197.39,196.96,,200.86,213.35,231.13,193.08,,183.84,,,,,,235.56,238.21,239.96,230.58,227.31,229.8,235.03,246.4,263.1,229.04,,217.38,,,233.17
2022-06,225.12,223.69,244.46,238.04,219.25,219.54,215.21,214.73,217.63,246.24,281.18,198.91,198.06,189.53,,218.04,218.92,167.67,,166.72,172.93,181.52,168.34,167.16,,173.39,183.78,,165.14,,154.35,,170.8,157.37,,,,173.87,,169.36,,,197.05,198.56,193.52,164.15,166.76,152.86,,,171.36,249.64,,237.25,260.8,277.53,236.04,249.94,,251.94,271.0,295.73,236.1,,246.66,,,,,,284.94,288.74,343.42,273.45,273.39,271.21,281.15,292.68,314.29,253.82,235.52,263.18,,,280.83
2022-07,317.4,326.26,335.54,358.42,315.29,318.45,313.65,309.11,315.25,359.05,406.6,283.38,294.81,260.64,,314.1,315.01,142.59,,142.16,144.74,145.71,143.05,142.49,,143.74,151.63,,142.08,,136.43,,142.79,142.99,,,,145.51,,143.76,,,160.76,162.0,163.93,144.1,145.16,136.24,,,144.51,401.19,,406.15,425.45,442.3,400.95,395.62,,407.32,437.84,495.92,393.83,,402.64,,,,,,445.65,464.42,449.31,444.24,444.34,441.25,460.62,481.25,534.28,421.45,406.4,435.28,,,454.43
2022-08,465.98,468.67,489.3,512.68,465.09,470.27,480.05,466.62,466.58,506.0,545.43,462.22,476.89,399.02,,467.58,467.43,154.99,,154.73,159.88,157.4,155.54,154.46,,155.41,172.16,,155.14,,135.68,,155.52,154.5,,,,160.43,,157.4,,,179.65,178.78,185.38,156.29,159.24,137.54,,,157.2,490.25,,507.71,518.65,504.69,492.26,493.52,,499.62,523.01,587.54,462.88,,468.19,,,,,,550.26,566.28,554.38,544.93,543.64,543.31,559.24,580.62,625.26,520.0,499.68,512.31,,,553.39
2022-09,344.71,356.93,376.66,388.78,342.74,349.12,343.84,342.02,343.48,407.36,440.36,286.4,305.14,316.55,,344.56,346.94,141.7,,142.93,151.84,149.33,143.84,140.42,,143.72,156.93,,132.25,,116.06,,141.72,142.36,,,,149.02,,141.8,,,155.8,186.72,187.01,131.96,131.81,109.47,,,144.24,392.9,,389.8,410.0,409.1,385.46,395.68,,402.32,430.05,488.11,369.74,,389.22,,,,,,427.14,455.08,433.3,429.53,428.44,428.64,455.83,474.48,488.16,409.84,396.79,414.59,,,438.06
2022-10,157.54,160.08,188.34,167.46,154.64,155.04,151.01,152.15,153.36,198.92,219.21,129.48,141.4,128.78,,151.63,151.27,128.9,,138.72,138.86,139.0,128.36,128.18,,126.52,148.88,,113.37,,109.88,,127.73,134.9,,,,136.52,,127.19,,,155.84,152.3,170.73,109.99,111.81,109.48,,,127.37,179.12,,161.13,184.18,188.55,181.22,177.97,,182.04,206.91,239.82,151.05,,175.29,,,,,,214.78,222.16,216.28,207.2,211.0,211.23,216.06,256.48,284.16,211.05,260.97,195.29,,,221.06
2022-11,172.93,186.4,211.01,212.95,189.31,175.86,174.34,170.66,174.74,218.99,227.63,138.99,151.95,153.24,,181.9,186.97,115.56,,122.3,125.33,120.74,117.08,116.38,,116.91,130.1,,106.75,,105.46,,116.65,116.47,,,,125.86,,115.0,,,125.4,126.06,138.25,104.73,111.01,104.78,,,110.57,197.12,,273.07,209.3,195.85,198.84,190.82,,203.04,247.88,255.05,174.04,,190.24,,,,,,230.58,244.55,211.55,225.1,218.54,225.08,242.39,269.88,254.62,228.42,233.5,217.16,,,233.72
2022-12,254.74,295.76,316.46,320.65,286.58,253.77,253.57,249.94,238.54,347.38,323.24,152.8,214.86,249.14,,272.82,278.49,96.56,,115.12,125.61,115.78,109.14,97.72,,94.77,104.59,88.63,81.38,,84.72,,98.15,96.52,,,,133.25,,94.67,,,97.3,90.84,91.32,79.39,77.55,88.78,,,96.65,280.16,,373.57,335.34,350.84,262.91,263.88,,267.52,367.48,373.87,188.32,,302.01,,,,,,290.32,338.84,280.31,295.99,288.55,294.37,320.99,344.81,348.03,304.24,349.03,296.09,,,312.35
2023-01,117.28,138.16,143.59,141.56,123.12,119.98,119.56,119.21,119.59,153.11,151.5,90.04,102.13,123.06,,124.04,124.13,71.44,,80.98,89.05,86.33,79.93,71.07,,71.03,80.94,98.96,56.38,,64.74,,72.25,71.22,,,,103.44,,68.92,,,77.81,72.82,90.18,46.62,52.52,64.4,,,69.43,135.44,,173.79,153.48,150.13,136.02,130.28,,137.42,166.86,174.99,112.02,,146.34,,,,,,175.08,183.41,176.43,174.38,172.92,174.37,182.69,188.62,203.21,168.71,168.06,176.28,,,178.16
2023-02,128.53,136.37,138.62,138.76,128.33,129.56,128.61,128.63,128.63,153.17,159.15,107.59,118.0,123.37,,130.91,132.13,133.66,,137.26,139.74,136.86,134.58,133.91,,134.8,141.64,152.68,127.77,,120.41,,134.3,135.63,,,,140.44,,134.39,,,141.31,141.71,154.29,134.16,138.22,122.08,,,134.51,149.26,,159.83,152.79,153.21,148.45,148.25,,155.08,168.22,179.09,144.93,,140.97,,,,,,161.5,168.89,160.75,161.28,160.96,161.01,170.6,176.21,193.86,157.38,155.72,154.07,,,165.32
2023-03,102.75,113.31,114.24,115.19,103.22,103.82,101.6,105.42,101.73,121.55,129.7,87.17,94.01,88.87,,106.6,106.7,89.26,,93.31,111.48,102.57,97.94,91.92,,88.5,107.07,115.06,78.33,,70.04,,89.97,87.82,,,,124.11,,89.49,,,108.7,116.04,106.28,74.46,76.32,66.06,,,90.08,113.92,,146.77,127.06,124.97,113.97,112.79,,109.68,125.13,149.76,96.92,,101.47,,,,,,138.23,145.46,137.9,136.95,135.86,136.47,145.94,156.7,173.7,132.8,132.71,116.4,,,139.96
2023-04,101.16,108.31,111.16,109.22,99.67,101.96,100.46,101.59,100.75,112.29,129.52,91.35,93.09,80.3,,103.3,103.87,73.2,,71.76,87.78,81.9,82.88,75.2,,75.91,91.5,104.74,66.3,,47.83,,75.85,73.62,,,,99.97,,76.4,,,92.35,93.71,97.55,68.05,70.47,50.43,,,72.8,107.63,,105.25,117.32,111.06,106.42,105.42,,109.37,118.06,131.47,99.54,,95.43,,,,,,134.86,144.54,133.9,136.3,134.28,134.71,142.61,158.96,174.52,131.94,132.15,115.79,,,139.37
2023-05,,90.9,87.7,90.92,79.36,82.83,80.64,83.95,81.97,93.95,110.01,82.46,83.12,54.03,,83.2,84.06,74.6,,74.83,81.83,77.26,76.63,75.9,,75.52,85.43,95.28,69.94,,54.94,,75.01,74.26,,,,90.61,,76.72,,,89.12,79.12,91.22,73.22,68.25,55.63,,,75.26,79.08,,88.72,89.67,77.87,77.95,76.32,,80.21,88.35,100.13,75.71,79.1,61.88,,,,,,101.76,113.75,115.94,102.92,106.17,105.69,107.45,110.72,121.35,106.11,107.92,92.02,,,109.66
2023-06,,105.36,108.7,104.61,96.02,95.67,96.18,93.03,94.38,105.12,120.86,93.25,94.94,71.39,,94.74,94.8,93.38,,92.94,98.22,94.61,94.28,93.92,,94.76,100.36,105.72,95.14,,80.94,,93.6,94.79,,,,98.75,,95.67,,,103.54,109.65,110.83,95.74,98.19,84.01,,,95.38,92.27,,93.16,102.21,93.0,91.42,90.67,,93.27,98.86,103.63,89.27,87.01,74.68,,,,,,108.62,112.28,104.97,105.95,105.37,105.36,106.95,110.56,117.43,107.65,104.98,97.26,,,109.95
2023-07,,88.34,85.88,91.54,77.17,79.06,77.97,77.6,78.79,93.71,107.31,62.06,70.32,52.47,,77.01,77.49,90.5,,91.33,98.76,96.64,92.31,90.62,,91.84,98.74,108.92,91.57,,75.24,,91.28,91.65,,,,100.12,,93.61,,,105.34,114.67,110.26,94.78,96.82,78.5,,,93.85,79.81,,73.74,94.78,79.96,77.4,77.66,,80.89,90.45,96.76,68.28,67.74,65.21,,,,,,113.59,116.74,115.82,111.9,112.2,112.01,115.77,117.33,129.36,111.47,110.14,104.53,,,114.81
2023-08,,106.32,108.86,108.06,94.22,95.71,96.09,92.16,93.33,104.54,124.35,69.37,83.84,75.65,,94.61,94.7,95.98,,100.25,107.34,104.75,98.62,95.7,,97.29,106.0,112.9,91.98,,80.53,,96.68,96.13,,,,109.19,,98.42,,,115.9,108.66,114.06,93.88,91.8,80.92,,,98.8,92.58,,84.97,105.97,93.96,89.88,88.07,,94.0,102.26,114.34,76.87,84.15,78.16,,,,,,117.08,120.98,125.6,111.53,110.31,111.54,116.46,118.82,137.61,108.23,107.19,98.71,,,115.46
2023-09,,108.79,115.07,112.08,101.64,102.58,100.38,99.97,100.36,119.08,147.4,88.44,98.04,74.65,,102.57,103.22,103.36,,104.47,111.41,107.54,104.35,103.56,,103.94,115.03,126.11,97.28,,87.36,,104.63,104.22,,,,110.21,,104.27,,,120.74,130.28,126.97,93.66,96.37,86.5,,,104.7,89.81,,67.3,101.9,89.75,88.2,88.95,,90.08,97.97,102.94,80.84,76.4,76.44,,,,,,119.87,121.96,120.42,115.6,116.3,115.59,119.6,122.5,136.22,111.98,109.85,103.28,,,118.53
2023-10,,103.86,107.02,103.57,88.57,89.09,88.14,88.1,87.49,113.61,122.89,70.56,80.1,67.68,,90.48,91.69,91.45,,102.55,106.57,104.24,97.94,92.63,,78.24,89.71,113.37,69.74,,78.86,,91.45,85.05,,,,115.97,,90.01,,,92.22,92.31,92.43,69.41,79.38,76.35,,,100.82,86.37,,92.42,103.48,85.15,84.04,82.16,,86.43,95.81,120.48,74.23,78.35,74.63,,,,,,138.51,142.78,134.7,134.56,134.33,134.17,137.6,144.29,156.63,131.58,130.4,120.56,,,138.83
2023-11,,105.64,110.76,107.28,93.48,92.63,89.84,92.01,91.42,117.54,118.61,77.36,81.86,85.19,,97.02,97.95,68.83,,65.06,80.24,81.67,72.24,65.73,,63.91,72.14,86.39,51.32,,54.57,,65.75,61.99,,,,94.49,,63.97,,,74.16,67.52,75.27,42.18,53.68,50.44,,,71.24,91.86,,116.44,107.7,90.93,91.87,87.64,,90.64,97.96,122.58,76.92,78.1,90.26,,,,,,125.45,133.16,121.04,123.84,121.51,121.85,122.68,130.14,139.29,117.75,114.79,111.82,,,125.87
2023-12,,91.94,95.15,90.54,73.16,69.67,66.6,69.06,68.47,97.63,86.0,46.41,58.67,65.81,,76.1,76.06,72.14,,72.8,82.12,82.54,76.6,72.17,,73.19,78.66,89.32,63.88,,61.68,,72.91,73.14,,,,92.54,,72.04,,,80.34,83.35,89.98,66.71,66.95,59.64,,,71.85,70.79,,102.54,91.14,72.29,73.31,66.57,,70.04,83.26,94.8,55.6,50.35,72.29,,,,,,119.54,122.1,115.22,116.02,114.74,115.46,120.4,125.09,131.58,112.18,112.03,113.73,,,119.44
2024-01,,87.43,86.04,84.86,78.79,77.58,77.92,76.83,77.01,94.33,95.22,65.74,73.72,75.24,,79.44,80.37,74.32,,77.65,84.72,78.96,76.49,75.4,,75.07,80.2,90.55,67.02,,64.11,,75.26,77.36,,,,92.69,,73.75,,,79.31,82.22,86.06,69.16,69.06,62.75,,,74.07,77.76,,87.09,86.7,79.0,76.83,74.93,,78.64,84.24,95.1,67.05,72.3,76.82,,,,,,99.87,104.3,99.88,98.84,99.06,99.01,104.83,108.78,114.61,96.94,96.08,96.0,,,101.03
2024-02,,67.63,64.89,65.68,61.59,62.14,61.31,61.41,61.56,68.7,76.53,54.12,58.1,58.78,,62.17,63.0,42.27,,39.44,48.38,52.63,44.47,41.8,,39.05,46.81,54.15,30.47,,31.6,,40.57,37.88,,,,53.59,,39.89,,,46.63,51.25,52.24,26.96,28.27,29.94,,,40.13,58.58,,67.02,62.36,59.23,58.39,58.68,,60.16,62.39,72.34,55.52,56.5,55.81,,,,,,90.59,92.7,90.67,87.2,87.64,87.59,92.42,96.1,105.18,86.12,83.08,83.29,,,90.24
2024-03,,72.89,71.83,71.72,64.58,65.58,64.71,64.88,65.07,70.5,87.13,56.1,59.68,49.49,,64.48,66.71,19.28,,20.33,32.72,34.08,21.29,19.88,,22.1,24.62,39.2,12.22,,10.11,,22.89,23.54,,,,38.76,,18.8,,,23.59,24.93,30.75,10.19,14.43,8.68,,,19.26,55.06,,67.72,62.38,56.15,53.76,52.97,,54.75,58.77,71.31,47.54,49.61,42.51,,,,,,89.33,94.75,89.51,88.84,88.56,88.88,92.32,95.02,104.71,86.95,84.08,77.33,,,91.8
2024-04,,75.77,72.36,76.16,62.47,64.1,62.42,64.32,63.82,75.36,93.23,50.64,57.76,38.75,,62.51,67.3,13.34,,12.76,20.39,21.35,15.09,15.32,,13.76,16.16,26.25,11.94,,5.56,,15.8,14.16,,,,16.32,,13.73,,,15.24,17.79,23.85,12.69,11.38,4.43,,,13.86,31.38,,,44.28,31.77,28.15,26.91,,29.36,39.14,55.52,20.43,17.76,16.82,,,,,,87.66,95.22,85.97,86.65,86.27,86.83,89.91,94.51,106.21,86.29,75.56,69.76,,,89.56
2024-05,,79.65,71.6,80.03,67.61,69.19,66.07,68.13,69.39,83.46,100.84,60.12,63.5,32.78,,69.05,66.65,29.77,,27.86,36.78,34.46,31.71,31.88,,32.4,39.46,49.51,28.67,,13.89,,32.23,30.15,,,,36.15,,30.47,,,40.32,44.27,49.34,28.28,30.19,12.08,,,28.83,28.86,,,28.25,28.37,27.1,26.99,,28.47,32.58,49.66,24.89,23.42,14.25,,,,,,96.36,103.24,94.74,95.13,94.81,94.78,98.39,101.57,110.72,91.83,91.43,80.58,,,98.72
2024-06,,87.99,87.83,88.75,74.14,75.05,73.96,73.21,73.33,91.31,111.55,59.85,68.16,44.48,,72.41,72.9,56.87,,55.39,70.32,69.13,57.72,58.7,,59.04,74.52,80.25,53.77,,34.96,,59.47,56.4,,,,70.7,,57.88,,,77.44,68.31,79.53,50.66,52.87,35.26,,,59.49,40.42,,,45.8,37.9,37.58,37.99,,38.8,43.77,63.75,31.19,33.23,23.66,,,,,,103.44,111.06,99.94,103.17,103.21,103.14,105.26,107.74,114.54,98.6,99.14,90.82,,,106.28
2024-07,,81.17,86.69,82.36,66.56,70.03,68.43,68.68,68.34,84.55,106.13,53.91,59.18,35.82,,67.56,67.88,72.69,,71.8,88.16,81.41,73.71,73.4,,73.7,88.54,96.59,73.08,,49.78,,74.5,80.2,,,,84.8,,74.47,,,90.59,89.12,97.69,74.21,68.61,49.39,,,75.4,49.53,,,61.95,50.58,47.13,46.85,,48.37,53.58,79.07,40.19,35.74,30.69,,,,,,113.27,117.86,117.12,112.17,112.28,112.35,114.14,115.94,125.6,111.32,110.82,103.4,,,114.41
2024-08,,94.65,101.87,98.89,80.26,84.68,81.82,83.65,83.13,107.46,126.54,67.05,76.47,43.13,,81.8,83.6,91.1,,90.84,105.29,98.94,92.51,92.47,,93.37,108.27,115.24,93.33,,67.09,,93.38,91.09,,,,93.57,,91.11,,,108.14,112.97,116.88,94.18,89.75,63.6,,,91.73,56.76,,,69.4,56.71,54.64,54.61,,57.1,64.93,93.09,50.89,49.17,34.97,,,,,,129.28,134.09,130.14,128.77,128.16,128.49,133.06,136.06,158.05,128.2,126.79,115.4,,,130.65
2024-09,,88.48,94.71,94.92,76.54,80.45,77.88,77.49,77.36,105.69,120.27,64.8,70.81,45.17,,77.09,80.42,72.48,,72.0,91.29,85.72,76.18,76.51,,74.72,94.28,102.99,65.93,,43.09,,74.38,70.39,,,,76.68,,74.22,,,100.67,102.24,102.41,68.15,80.24,42.47,,,71.94,53.94,,50.69,72.35,55.52,51.28,49.95,,53.47,66.62,83.97,41.61,43.4,33.1,,,,,,118.1,126.6,121.98,117.43,116.97,116.81,121.09,124.33,141.42,110.56,107.0,104.57,,,122.99
2024-10,,94.8,102.03,100.26,86.63,88.28,85.79,86.41,85.5,109.25,124.6,70.22,79.24,67.37,,86.52,90.26,68.64,,70.24,81.44,76.47,70.52,70.52,,69.7,80.38,92.32,63.03,,48.24,,69.79,68.7,,,,72.94,,69.96,,,84.01,80.65,93.1,63.65,64.42,49.21,,,70.21,64.42,,74.65,77.88,72.28,63.18,62.08,,63.96,70.58,95.02,51.6,50.81,51.74,,,,,,117.15,124.2,116.3,116.71,116.25,116.66,118.61,121.56,130.14,114.07,116.15,106.44,,,121.51
2024-11,,122.19,126.12,129.27,124.31,116.08,114.09,113.17,115.51,162.19,164.09,91.14,100.86,100.63,,113.23,118.55,105.09,,112.17,116.7,112.67,105.83,106.18,,106.22,115.29,122.78,93.08,,87.21,,105.86,98.32,,,,107.9,,104.63,,,119.1,122.86,129.26,94.56,104.38,85.27,,,105.43,101.97,,113.91,110.75,103.87,100.76,99.66,,102.96,111.57,129.78,86.88,92.8,96.26,,,,,,131.99,138.37,129.64,130.59,130.14,128.03,134.71,137.67,148.54,132.67,131.58,123.91,,,138.16
2024-12,,124.54,126.37,138.85,120.14,110.36,111.79,108.01,112.4,214.6,165.36,73.34,87.43,111.54,,107.96,119.14,111.74,,119.82,127.8,120.9,111.75,113.23,,112.54,128.42,135.22,92.56,,91.86,,112.7,118.21,,,,120.32,,111.25,,,136.18,136.14,136.76,92.97,73.4,89.96,,,111.53,100.15,,139.37,120.67,113.15,98.07,97.56,,102.72,124.66,137.78,74.36,81.75,104.86,,,,,,135.53,150.38,137.78,134.84,133.54,145.46,145.36,155.86,176.1,124.21,118.96,129.95,,138.7,145.37
2025-01,,126.64,128.23,132.71,120.42,117.49,111.81,114.75,116.87,165.42,161.26,87.27,104.03,115.57,,115.17,120.49,97.16,,108.2,118.72,107.71,100.06,99.98,,95.83,108.53,123.95,85.53,,86.73,,98.63,107.43,,,,108.06,,97.09,,,104.23,103.13,115.14,81.83,105.56,80.7,,,96.74,105.72,,139.99,125.45,125.76,104.58,102.1,,107.62,126.89,141.15,73.43,72.44,106.94,,,,,,144.17,152.49,139.69,142.9,142.22,132.86,147.1,155.7,175.8,137.86,137.93,140.9,,176.25,144.2
2025-02,,131.75,134.15,137.3,131.21,130.06,128.54,128.42,130.51,160.24,161.83,116.17,118.77,110.9,,128.9,129.42,108.1,,111.68,124.24,114.62,107.42,109.83,,110.88,119.62,131.51,102.56,,76.88,,110.02,103.46,,,,116.65,,108.65,,,117.61,124.88,138.42,102.26,105.65,74.2,,,108.52,123.63,,148.28,135.46,126.54,122.66,122.33,,127.61,132.94,148.59,112.58,111.73,112.21,,,,,,152.69,155.62,147.96,150.02,145.9,,153.69,161.49,170.47,148.26,149.01,142.41,,174.17,151.41
2025-03,,106.27,110.48,110.98,96.31,97.64,96.04,95.47,94.26,121.69,139.69,80.16,88.5,50.8,,94.06,100.74,55.7,,50.44,69.72,64.68,58.79,56.87,,54.65,60.89,76.29,51.33,,26.22,,56.42,60.0,,,,63.88,,52.13,,,59.37,67.83,77.36,45.18,49.48,25.79,,,57.8,79.74,,,92.41,84.79,78.64,76.39,,83.64,94.45,109.58,69.7,71.92,51.14,,,,,,121.66,128.49,126.7,120.4,121.88,,123.68,132.26,145.09,118.21,119.68,102.09,,149.21,122.44
2025-04,,90.55,96.95,94.48,78.89,81.08,81.22,79.89,78.09,103.04,122.69,77.57,78.71,31.34,,77.71,80.49,28.5,,27.29,35.57,33.72,28.67,28.7,,29.93,36.94,51.38,24.77,,8.02,,28.96,25.42,,,,29.59,,25.81,,,32.76,38.09,52.33,18.7,25.21,6.52,,,25.6,44.16,,,59.24,52.89,42.07,41.84,,47.01,56.47,70.78,42.26,41.25,17.88,,,,,,101.66,112.45,99.49,99.38,96.34,,101.95,110.26,122.48,103.08,104.08,76.43,,132.48,102.45
2025-05,,83.4,87.16,86.01,67.19,71.28,70.3,69.86,68.5,96.94,113.26,65.55,71.32,21.66,,67.74,67.48,18.87,,16.6,20.32,21.64,17.86,17.06,,19.02,24.6,34.17,18.41,,3.0,,18.67,16.2,,,,26.37,,25.77,,,29.98,37.58,43.66,22.1,24.38,15.61,,,25.74,21.47,,,20.45,22.5,19.72,19.43,,21.94,29.84,38.17,18.89,19.55,4.04,,,16.11,,,95.57,108.28,92.23,93.19,91.1,87.94,98.7,106.51,120.02,89.53,80.13,65.06,,128.14,96.86
2025-06,,82.12,90.39,83.47,62.82,68.29,64.46,66.23,65.21,93.17,112.64,56.99,69.09,20.06,,64.47,63.4,74.34,,76.17,86.66,79.31,75.0,74.35,,75.2,97.55,110.32,77.9,,37.76,,76.79,71.85,,,,78.65,,75.08,,,97.28,110.99,113.43,76.88,58.25,36.21,,,75.09,43.21,,,71.52,58.27,43.85,41.55,,40.66,51.73,68.14,39.04,40.25,19.1,,,35.3,,,112.82,122.19,121.18,111.74,112.08,111.76,113.99,121.33,134.95,105.8,97.59,96.12,,138.84,113.88
2025-07,,95.72,100.33,99.54,89.09,90.18,88.13,88.71,88.2,101.41,119.23,82.97,85.68,59.83,,87.47,88.26,69.43,,104.75,84.56,84.14,72.85,73.0,,75.25,93.19,98.72,71.64,,43.86,,73.06,68.18,,,,72.94,,69.5,,,99.35,111.02,103.83,69.54,68.16,39.2,,,70.49,59.6,,,79.64,70.73,60.56,57.93,,61.36,71.01,85.89,50.11,55.16,38.09,,,54.75,,,112.43,119.88,113.23,112.95,111.28,122.23,115.63,119.7,129.6,109.86,108.44,101.92,,149.96,114.69
2025-08,,89.77,101.37,93.99,77.12,80.06,77.94,79.5,76.87,94.25,116.16,70.64,71.67,39.06,,76.73,77.05,68.32,,,81.65,77.67,71.18,69.8,,72.75,92.15,100.41,71.15,,34.09,,70.96,68.3,,,,69.87,,68.91,,,99.29,106.09,102.64,69.72,77.79,31.74,,,68.95,57.09,,,75.86,59.87,54.27,54.22,,56.32,68.84,85.69,52.4,55.54,25.63,,,46.77,,,109.07,115.47,109.29,108.67,107.09,,111.44,116.58,127.63,106.31,107.33,93.96,,,110.89
2025-09,,100.34,107.81,104.96,84.96,88.03,87.42,86.64,85.66,108.91,137.81,66.24,73.56,44.28,,84.35,85.9,60.86,,96.91,74.84,71.75,64.3,62.55,,67.33,87.89,97.1,61.34,,25.41,,64.4,62.6,,,,63.99,,61.63,,,93.05,105.39,100.2,58.08,58.02,21.95,,,61.48,38.0,,,47.59,45.8,34.38,35.04,,37.59,48.75,62.43,24.29,23.81,17.55,,,33.48,,,111.81,115.52,110.95,108.81,109.71,108.97,112.28,118.28,132.0,109.19,111.9,93.52,,,112.7
2025-10,,102.5,107.82,106.08,84.78,86.62,85.85,83.35,85.77,106.08,122.3,58.86,73.26,71.72,,85.77,90.98,75.62,,111.24,90.46,84.72,78.08,76.79,,81.22,101.33,104.86,63.15,,43.78,,77.57,76.81,,,,80.07,,76.09,,,99.87,112.41,110.6,61.29,52.24,43.38,,,77.5,59.89,,,84.14,67.09,57.65,56.76,,57.34,74.9,86.53,43.35,46.93,44.69,,,50.68,,,112.29,119.6,117.18,110.47,110.28,111.56,115.1,123.18,135.85,104.86,105.74,96.3,,,118.4
2025-11,,109.35,114.85,114.13,104.72,103.74,101.69,101.99,103.64,129.89,141.72,89.62,93.23,92.05,,101.68,105.04,59.63,,102.6,69.09,65.53,60.81,60.01,,63.31,80.43,89.44,53.1,,31.7,,60.71,58.4,,,,62.37,,58.98,,,73.12,80.9,88.67,49.42,55.86,32.3,,,58.64,61.24,,73.16,76.16,71.04,61.1,58.88,,63.32,76.17,83.36,54.51,55.53,49.21,,,68.76,,,120.63,122.91,114.11,117.16,119.15,116.26,120.64,129.81,144.15,118.47,121.85,110.93,,,122.63
2025-12,,101.46,102.08,101.23,94.37,94.45,93.99,93.31,95.37,119.14,119.93,83.79,86.6,94.5,,93.58,95.08,77.95,,90.53,85.75,82.94,78.0,78.51,,78.88,89.08,92.33,70.78,,64.33,,78.31,80.26,,,,81.34,,77.79,,,85.27,86.31,95.23,72.53,71.06,67.7,,,76.87,69.32,,88.57,80.05,69.45,68.03,68.49,,70.61,80.01,85.29,58.14,61.67,65.47,,,75.03,,,113.53,120.62,115.89,115.14,115.84,119.11,119.28,127.85,137.4,112.55,113.67,111.87,,,121.15
2026-01,,117.95,116.35,117.68,111.18,111.88,111.69,109.63,112.16,142.03,146.11,97.02,108.35,111.26,,109.84,112.06,71.19,,30.93,86.12,79.93,74.89,73.93,,70.24,76.04,91.34,61.14,,64.13,,72.15,84.55,,,,75.41,,74.8,,,77.28,74.28,79.19,60.86,76.32,64.76,,,68.9,102.69,,107.62,109.56,117.78,103.62,102.5,,105.89,108.34,122.86,96.44,98.38,103.02,,,108.03,,,136.68,138.61,138.78,131.72,129.94,131.79,136.18,143.95,156.99,129.07,126.21,133.65,,,134.85
2026-02,,102.54,106.45,103.85,98.83,98.06,96.44,98.19,94.41,109.74,119.54,88.0,93.6,78.69,,96.43,99.01,16.47,,,23.5,19.27,18.86,17.42,,18.78,21.32,36.39,14.81,,3.03,,17.49,30.17,,,,12.88,,10.64,,,17.13,13.39,14.0,5.86,7.13,3.64,,,11.34,47.37,,,60.0,57.61,45.28,45.64,,46.06,52.94,70.7,38.34,42.11,32.0,,,49.16,,,119.76,121.1,109.01,112.22,114.3,109.74,115.85,118.5,128.27,113.62,112.71,101.9,,,116.22
2026-03,,114.23,114.97,117.12,102.21,103.89,100.75,101.44,101.13,127.57,148.71,79.84,83.66,57.5,,99.95,105.76,39.72,,108.53,57.13,49.46,44.92,43.92,,48.5,61.07,71.45,33.5,,15.62,,43.6,40.06,,,,46.68,,40.32,,,54.32,71.81,72.52,34.87,31.84,15.84,,,40.99,66.27,,,76.56,86.49,64.24,64.16,,69.47,80.97,105.31,53.71,52.9,30.56,,,70.57,,,148.4,150.59,143.46,143.45,146.71,143.45,147.2,155.8,173.2,140.77,139.61,123.7,,,147.14
2026-04,,101.32,107.84,104.09,84.12,84.12,81.62,81.7,80.7,94.14,128.29,71.47,77.17,20.26,,79.36,87.27,43.43,,,53.28,45.29,42.98,45.11,,47.53,66.93,77.39,42.07,,11.69,,44.42,49.23,,,,42.56,,42.86,,,59.04,75.5,74.49,35.48,32.98,9.6,,,42.24,44.07,,,82.56,42.05,39.69,39.59,,46.04,67.28,71.74,36.99,37.18,4.06,,,48.34,,,121.73,135.94,118.92,119.62,,119.38,123.76,135.31,147.74,123.31,126.52,83.98,,,125.42
2026-05,,116.28,123.99,118.08,96.89,100.81,100.01,97.61,99.25,126.55,151.87,101.51,100.46,38.11,,98.26,103.62,54.22,,61.78,68.53,59.63,56.37,54.32,,58.5,82.4,99.56,58.38,,16.73,,56.96,65.11,,,,55.72,,54.3,,,80.86,96.85,97.84,51.11,53.66,12.52,,,54.12,55.58,,,71.95,71.48,52.27,52.03,,58.56,76.25,90.19,49.95,49.8,14.37,,,71.62,,,123.74,136.88,124.69,118.94,,119.31,125.82,142.17,152.28,119.7,116.53,79.4,,,125.2
2026-06,,131.25,138.25,136.71,114.85,111.9,109.34,109.53,110.99,154.64,183.63,87.96,90.05,64.66,,108.73,112.41,71.82,,99.07,88.98,87.23,71.78,70.09,,74.57,100.88,112.59,78.28,,32.01,,71.65,74.62,,,,73.36,,70.5,,,97.64,118.59,111.49,69.17,68.54,28.27,,,68.22,67.47,,,122.2,115.46,66.42,65.63,,69.15,95.71,109.05,54.57,46.92,41.88,,,92.35,,,132.42,147.47,142.44,132.29,,132.37,136.76,151.09,167.84,129.12,125.08,109.6,,,137.24
2026-07,,122.44,128.13,121.84,102.49,103.82,103.42,102.24,101.43,124.71,150.69,89.77,95.39,56.73,,102.75,102.18,97.49,,137.44,122.96,109.29,103.79,99.45,,103.72,130.84,137.44,100.26,,56.66,,100.75,101.03,,,,108.46,,101.17,,,134.49,144.61,145.03,90.59,82.91,60.62,,,102.23,94.76,,,130.89,115.51,93.05,93.26,,98.38,117.96,133.77,104.76,108.28,50.93,,,118.77,,,150.33,156.48,150.12,149.26,,147.67,151.71,161.98,177.42,141.91,136.41,131.21,,,150.85
2026-08,,,,,,,,,,,,,,,,,,,,,,,,,,,,,,,,,,,,,,,,,,,,,,,,,,,,,,,,,,,,,,,,,,,,,,,,,,,,,,,,,,,,,
2026-09,,,,,,,,,,,,,,,,,,,,,,,,,,,,,,,,,,,,,,,,,,,,,,,,,,,,,,,,,,,,,,,,,,,,,,,,,,,,,,,,,,,,,
2026-10,,,,,,,,,,,,,,,,,,,,,,,,,,,,,,,,,,,,,,,,,,,,,,,,,,,,,,,,,,,,,,,,,,,,,,,,,,,,,,,,,,,,,
2026-11,,,,,,,,,,,,,,,,,,,,,,,,,,,,,,,,,,,,,,,,,,,,,,,,,,,,,,,,,,,,,,,,,,,,,,,,,,,,,,,,,,,,,
2026-12,,,,,,,,,,,,,,,,,,,,,,,,,,,,,,,,,,,,,,,,,,,,,,,,,,,,,,,,,,,,,,,,,,,,,,,,,,,,,,,,,,,,,
2027-01,,,,,,,,,,,,,,,,,,,,,,,,,,,,,,,,,,,,,,,,,,,,,,,,,,,,,,,,,,,,,,,,,,,,,,,,,,,,,,,,,,,,,
2027-02,,,,,,,,,,,,,,,,,,,,,,,,,,,,,,,,,,,,,,,,,,,,,,,,,,,,,,,,,,,,,,,,,,,,,,,,,,,,,,,,,,,,,
2027-03,,,,,,,,,,,,,,,,,,,,,,,,,,,,,,,,,,,,,,,,,,,,,,,,,,,,,,,,,,,,,,,,,,,,,,,,,,,,,,,,,,,,,
2027-04,,,,,,,,,,,,,,,,,,,,,,,,,,,,,,,,,,,,,,,,,,,,,,,,,,,,,,,,,,,,,,,,,,,,,,,,,,,,,,,,,,,,,
2027-05,,,,,,,,,,,,,,,,,,,,,,,,,,,,,,,,,,,,,,,,,,,,,,,,,,,,,,,,,,,,,,,,,,,,,,,,,,,,,,,,,,,,,
2027-06,,,,,,,,,,,,,,,,,,,,,,,,,,,,,,,,,,,,,,,,,,,,,,,,,,,,,,,,,,,,,,,,,,,,,,,,,,,,,,,,,,,,,
2027-07,,,,,,,,,,,,,,,,,,,,,,,,,,,,,,,,,,,,,,,,,,,,,,,,,,,,,,,,,,,,,,,,,,,,,,,,,,,,,,,,,,,,,
2027-08,,,,,,,,,,,,,,,,,,,,,,,,,,,,,,,,,,,,,,,,,,,,,,,,,,,,,,,,,,,,,,,,,,,,,,,,,,,,,,,,,,,,,
2027-09,,,,,,,,,,,,,,,,,,,,,,,,,,,,,,,,,,,,,,,,,,,,,,,,,,,,,,,,,,,,,,,,,,,,,,,,,,,,,,,,,,,,,
2027-10,,,,,,,,,,,,,,,,,,,,,,,,,,,,,,,,,,,,,,,,,,,,,,,,,,,,,,,,,,,,,,,,,,,,,,,,,,,,,,,,,,,,,
2027-11,,,,,,,,,,,,,,,,,,,,,,,,,,,,,,,,,,,,,,,,,,,,,,,,,,,,,,,,,,,,,,,,,,,,,,,,,,,,,,,,,,,,,
2027-12,,,,,,,,,,,,,,,,,,,,,,,,,,,,,,,,,,,,,,,,,,,,,,,,,,,,,,,,,,,,,,,,,,,,,,,,,,,,,,,,,,,,,
2028-01,,,,,,,,,,,,,,,,,,,,,,,,,,,,,,,,,,,,,,,,,,,,,,,,,,,,,,,,,,,,,,,,,,,,,,,,,,,,,,,,,,,,,
2028-02,,,,,,,,,,,,,,,,,,,,,,,,,,,,,,,,,,,,,,,,,,,,,,,,,,,,,,,,,,,,,,,,,,,,,,,,,,,,,,,,,,,,,
2028-03,,,,,,,,,,,,,,,,,,,,,,,,,,,,,,,,,,,,,,,,,,,,,,,,,,,,,,,,,,,,,,,,,,,,,,,,,,,,,,,,,,,,,
2028-04,,,,,,,,,,,,,,,,,,,,,,,,,,,,,,,,,,,,,,,,,,,,,,,,,,,,,,,,,,,,,,,,,,,,,,,,,,,,,,,,,,,,,
2028-05,,,,,,,,,,,,,,,,,,,,,,,,,,,,,,,,,,,,,,,,,,,,,,,,,,,,,,,,,,,,,,,,,,,,,,,,,,,,,,,,,,,,,
2028-06,,,,,,,,,,,,,,,,,,,,,,,,,,,,,,,,,,,,,,,,,,,,,,,,,,,,,,,,,,,,,,,,,,,,,,,,,,,,,,,,,,,,,
2028-07,,,,,,,,,,,,,,,,,,,,,,,,,,,,,,,,,,,,,,,,,,,,,,,,,,,,,,,,,,,,,,,,,,,,,,,,,,,,,,,,,,,,,
2028-08,,,,,,,,,,,,,,,,,,,,,,,,,,,,,,,,,,,,,,,,,,,,,,,,,,,,,,,,,,,,,,,,,,,,,,,,,,,,,,,,,,,,,
2028-09,,,,,,,,,,,,,,,,,,,,,,,,,,,,,,,,,,,,,,,,,,,,,,,,,,,,,,,,,,,,,,,,,,,,,,,,,,,,,,,,,,,,,
2028-10,,,,,,,,,,,,,,,,,,,,,,,,,,,,,,,,,,,,,,,,,,,,,,,,,,,,,,,,,,,,,,,,,,,,,,,,,,,,,,,,,,,,,
2028-11,,,,,,,,,,,,,,,,,,,,,,,,,,,,,,,,,,,,,,,,,,,,,,,,,,,,,,,,,,,,,,,,,,,,,,,,,,,,,,,,,,,,,
2028-12,,,,,,,,,,,,,,,,,,,,,,,,,,,,,,,,,,,,,,,,,,,,,,,,,,,,,,,,,,,,,,,,,,,,,,,,,,,,,,,,,,,,,
2029-01,,,,,,,,,,,,,,,,,,,,,,,,,,,,,,,,,,,,,,,,,,,,,,,,,,,,,,,,,,,,,,,,,,,,,,,,,,,,,,,,,,,,,
2029-02,,,,,,,,,,,,,,,,,,,,,,,,,,,,,,,,,,,,,,,,,,,,,,,,,,,,,,,,,,,,,,,,,,,,,,,,,,,,,,,,,,,,,
2029-03,,,,,,,,,,,,,,,,,,,,,,,,,,,,,,,,,,,,,,,,,,,,,,,,,,,,,,,,,,,,,,,,,,,,,,,,,,,,,,,,,,,,,
2029-04,,,,,,,,,,,,,,,,,,,,,,,,,,,,,,,,,,,,,,,,,,,,,,,,,,,,,,,,,,,,,,,,,,,,,,,,,,,,,,,,,,,,,
2029-05,,,,,,,,,,,,,,,,,,,,,,,,,,,,,,,,,,,,,,,,,,,,,,,,,,,,,,,,,,,,,,,,,,,,,,,,,,,,,,,,,,,,,
2029-06,,,,,,,,,,,,,,,,,,,,,,,,,,,,,,,,,,,,,,,,,,,,,,,,,,,,,,,,,,,,,,,,,,,,,,,,,,,,,,,,,,,,,
2029-07,,,,,,,,,,,,,,,,,,,,,,,,,,,,,,,,,,,,,,,,,,,,,,,,,,,,,,,,,,,,,,,,,,,,,,,,,,,,,,,,,,,,,
2029-08,,,,,,,,,,,,,,,,,,,,,,,,,,,,,,,,,,,,,,,,,,,,,,,,,,,,,,,,,,,,,,,,,,,,,,,,,,,,,,,,,,,,,
2029-09,,,,,,,,,,,,,,,,,,,,,,,,,,,,,,,,,,,,,,,,,,,,,,,,,,,,,,,,,,,,,,,,,,,,,,,,,,,,,,,,,,,,,
2029-10,,,,,,,,,,,,,,,,,,,,,,,,,,,,,,,,,,,,,,,,,,,,,,,,,,,,,,,,,,,,,,,,,,,,,,,,,,,,,,,,,,,,,
2029-11,,,,,,,,,,,,,,,,,,,,,,,,,,,,,,,,,,,,,,,,,,,,,,,,,,,,,,,,,,,,,,,,,,,,,,,,,,,,,,,,,,,,,
2029-12,,,,,,,,,,,,,,,,,,,,,,,,,,,,,,,,,,,,,,,,,,,,,,,,,,,,,,,,,,,,,,,,,,,,,,,,,,,,,,,,,,,,,
2030-01,,,,,,,,,,,,,,,,,,,,,,,,,,,,,,,,,,,,,,,,,,,,,,,,,,,,,,,,,,,,,,,,,,,,,,,,,,,,,,,,,,,,,
2030-02,,,,,,,,,,,,,,,,,,,,,,,,,,,,,,,,,,,,,,,,,,,,,,,,,,,,,,,,,,,,,,,,,,,,,,,,,,,,,,,,,,,,,
2030-03,,,,,,,,,,,,,,,,,,,,,,,,,,,,,,,,,,,,,,,,,,,,,,,,,,,,,,,,,,,,,,,,,,,,,,,,,,,,,,,,,,,,,
2030-04,,,,,,,,,,,,,,,,,,,,,,,,,,,,,,,,,,,,,,,,,,,,,,,,,,,,,,,,,,,,,,,,,,,,,,,,,,,,,,,,,,,,,
2030-05,,,,,,,,,,,,,,,,,,,,,,,,,,,,,,,,,,,,,,,,,,,,,,,,,,,,,,,,,,,,,,,,,,,,,,,,,,,,,,,,,,,,,
2030-06,,,,,,,,,,,,,,,,,,,,,,,,,,,,,,,,,,,,,,,,,,,,,,,,,,,,,,,,,,,,,,,,,,,,,,,,,,,,,,,,,,,,,
2030-07,,,,,,,,,,,,,,,,,,,,,,,,,,,,,,,,,,,,,,,,,,,,,,,,,,,,,,,,,,,,,,,,,,,,,,,,,,,,,,,,,,,,,
2030-08,,,,,,,,,,,,,,,,,,,,,,,,,,,,,,,,,,,,,,,,,,,,,,,,,,,,,,,,,,,,,,,,,,,,,,,,,,,,,,,,,,,,,
2030-09,,,,,,,,,,,,,,,,,,,,,,,,,,,,,,,,,,,,,,,,,,,,,,,,,,,,,,,,,,,,,,,,,,,,,,,,,,,,,,,,,,,,,
2030-10,,,,,,,,,,,,,,,,,,,,,,,,,,,,,,,,,,,,,,,,,,,,,,,,,,,,,,,,,,,,,,,,,,,,,,,,,,,,,,,,,,,,,
2030-11,,,,,,,,,,,,,,,,,,,,,,,,,,,,,,,,,,,,,,,,,,,,,,,,,,,,,,,,,,,,,,,,,,,,,,,,,,,,,,,,,,,,,
2030-12,,,,,,,,,,,,,,,,,,,,,,,,,,,,,,,,,,,,,,,,,,,,,,,,,,,,,,,,,,,,,,,,,,,,,,,,,,,,,,,,,,,,,
2031-01,,,,,,,,,,,,,,,,,,,,,,,,,,,,,,,,,,,,,,,,,,,,,,,,,,,,,,,,,,,,,,,,,,,,,,,,,,,,,,,,,,,,,
2031-02,,,,,,,,,,,,,,,,,,,,,,,,,,,,,,,,,,,,,,,,,,,,,,,,,,,,,,,,,,,,,,,,,,,,,,,,,,,,,,,,,,,,,
2031-03,,,,,,,,,,,,,,,,,,,,,,,,,,,,,,,,,,,,,,,,,,,,,,,,,,,,,,,,,,,,,,,,,,,,,,,,,,,,,,,,,,,,,
2031-04,,,,,,,,,,,,,,,,,,,,,,,,,,,,,,,,,,,,,,,,,,,,,,,,,,,,,,,,,,,,,,,,,,,,,,,,,,,,,,,,,,,,,
2031-05,,,,,,,,,,,,,,,,,,,,,,,,,,,,,,,,,,,,,,,,,,,,,,,,,,,,,,,,,,,,,,,,,,,,,,,,,,,,,,,,,,,,,
2031-06,,,,,,,,,,,,,,,,,,,,,,,,,,,,,,,,,,,,,,,,,,,,,,,,,,,,,,,,,,,,,,,,,,,,,,,,,,,,,,,,,,,,,
2031-07,,,,,,,,,,,,,,,,,,,,,,,,,,,,,,,,,,,,,,,,,,,,,,,,,,,,,,,,,,,,,,,,,,,,,,,,,,,,,,,,,,,,,
2031-08,,,,,,,,,,,,,,,,,,,,,,,,,,,,,,,,,,,,,,,,,,,,,,,,,,,,,,,,,,,,,,,,,,,,,,,,,,,,,,,,,,,,,
2031-09,,,,,,,,,,,,,,,,,,,,,,,,,,,,,,,,,,,,,,,,,,,,,,,,,,,,,,,,,,,,,,,,,,,,,,,,,,,,,,,,,,,,,
2031-10,,,,,,,,,,,,,,,,,,,,,,,,,,,,,,,,,,,,,,,,,,,,,,,,,,,,,,,,,,,,,,,,,,,,,,,,,,,,,,,,,,,,,
2031-11,,,,,,,,,,,,,,,,,,,,,,,,,,,,,,,,,,,,,,,,,,,,,,,,,,,,,,,,,,,,,,,,,,,,,,,,,,,,,,,,,,,,,
2031-12,,,,,,,,,,,,,,,,,,,,,,,,,,,,,,,,,,,,,,,,,,,,,,,,,,,,,,,,,,,,,,,,,,,,,,,,,,,,,,,,,,,,,
2032-01,,,,,,,,,,,,,,,,,,,,,,,,,,,,,,,,,,,,,,,,,,,,,,,,,,,,,,,,,,,,,,,,,,,,,,,,,,,,,,,,,,,,,
2032-02,,,,,,,,,,,,,,,,,,,,,,,,,,,,,,,,,,,,,,,,,,,,,,,,,,,,,,,,,,,,,,,,,,,,,,,,,,,,,,,,,,,,,
2032-03,,,,,,,,,,,,,,,,,,,,,,,,,,,,,,,,,,,,,,,,,,,,,,,,,,,,,,,,,,,,,,,,,,,,,,,,,,,,,,,,,,,,,
2032-04,,,,,,,,,,,,,,,,,,,,,,,,,,,,,,,,,,,,,,,,,,,,,,,,,,,,,,,,,,,,,,,,,,,,,,,,,,,,,,,,,,,,,
2032-05,,,,,,,,,,,,,,,,,,,,,,,,,,,,,,,,,,,,,,,,,,,,,,,,,,,,,,,,,,,,,,,,,,,,,,,,,,,,,,,,,,,,,
2032-06,,,,,,,,,,,,,,,,,,,,,,,,,,,,,,,,,,,,,,,,,,,,,,,,,,,,,,,,,,,,,,,,,,,,,,,,,,,,,,,,,,,,,
2032-07,,,,,,,,,,,,,,,,,,,,,,,,,,,,,,,,,,,,,,,,,,,,,,,,,,,,,,,,,,,,,,,,,,,,,,,,,,,,,,,,,,,,,
2032-08,,,,,,,,,,,,,,,,,,,,,,,,,,,,,,,,,,,,,,,,,,,,,,,,,,,,,,,,,,,,,,,,,,,,,,,,,,,,,,,,,,,,,
2032-09,,,,,,,,,,,,,,,,,,,,,,,,,,,,,,,,,,,,,,,,,,,,,,,,,,,,,,,,,,,,,,,,,,,,,,,,,,,,,,,,,,,,,
2032-10,,,,,,,,,,,,,,,,,,,,,,,,,,,,,,,,,,,,,,,,,,,,,,,,,,,,,,,,,,,,,,,,,,,,,,,,,,,,,,,,,,,,,
2032-11,,,,,,,,,,,,,,,,,,,,,,,,,,,,,,,,,,,,,,,,,,,,,,,,,,,,,,,,,,,,,,,,,,,,,,,,,,,,,,,,,,,,,
2032-12,,,,,,,,,,,,,,,,,,,,,,,,,,,,,,,,,,,,,,,,,,,,,,,,,,,,,,,,,,,,,,,,,,,,,,,,,,,,,,,,,,,,,
2033-01,,,,,,,,,,,,,,,,,,,,,,,,,,,,,,,,,,,,,,,,,,,,,,,,,,,,,,,,,,,,,,,,,,,,,,,,,,,,,,,,,,,,,
2033-02,,,,,,,,,,,,,,,,,,,,,,,,,,,,,,,,,,,,,,,,,,,,,,,,,,,,,,,,,,,,,,,,,,,,,,,,,,,,,,,,,,,,,
2033-03,,,,,,,,,,,,,,,,,,,,,,,,,,,,,,,,,,,,,,,,,,,,,,,,,,,,,,,,,,,,,,,,,,,,,,,,,,,,,,,,,,,,,
2033-04,,,,,,,,,,,,,,,,,,,,,,,,,,,,,,,,,,,,,,,,,,,,,,,,,,,,,,,,,,,,,,,,,,,,,,,,,,,,,,,,,,,,,
2033-05,,,,,,,,,,,,,,,,,,,,,,,,,,,,,,,,,,,,,,,,,,,,,,,,,,,,,,,,,,,,,,,,,,,,,,,,,,,,,,,,,,,,,
2033-06,,,,,,,,,,,,,,,,,,,,,,,,,,,,,,,,,,,,,,,,,,,,,,,,,,,,,,,,,,,,,,,,,,,,,,,,,,,,,,,,,,,,,
2033-07,,,,,,,,,,,,,,,,,,,,,,,,,,,,,,,,,,,,,,,,,,,,,,,,,,,,,,,,,,,,,,,,,,,,,,,,,,,,,,,,,,,,,
2033-08,,,,,,,,,,,,,,,,,,,,,,,,,,,,,,,,,,,,,,,,,,,,,,,,,,,,,,,,,,,,,,,,,,,,,,,,,,,,,,,,,,,,,
2033-09,,,,,,,,,,,,,,,,,,,,,,,,,,,,,,,,,,,,,,,,,,,,,,,,,,,,,,,,,,,,,,,,,,,,,,,,,,,,,,,,,,,,,
2033-10,,,,,,,,,,,,,,,,,,,,,,,,,,,,,,,,,,,,,,,,,,,,,,,,,,,,,,,,,,,,,,,,,,,,,,,,,,,,,,,,,,,,,
2033-11,,,,,,,,,,,,,,,,,,,,,,,,,,,,,,,,,,,,,,,,,,,,,,,,,,,,,,,,,,,,,,,,,,,,,,,,,,,,,,,,,,,,,
2033-12,,,,,,,,,,,,,,,,,,,,,,,,,,,,,,,,,,,,,,,,,,,,,,,,,,,,,,,,,,,,,,,,,,,,,,,,,,,,,,,,,,,,,
2034-01,,,,,,,,,,,,,,,,,,,,,,,,,,,,,,,,,,,,,,,,,,,,,,,,,,,,,,,,,,,,,,,,,,,,,,,,,,,,,,,,,,,,,
2034-02,,,,,,,,,,,,,,,,,,,,,,,,,,,,,,,,,,,,,,,,,,,,,,,,,,,,,,,,,,,,,,,,,,,,,,,,,,,,,,,,,,,,,
2034-03,,,,,,,,,,,,,,,,,,,,,,,,,,,,,,,,,,,,,,,,,,,,,,,,,,,,,,,,,,,,,,,,,,,,,,,,,,,,,,,,,,,,,
2034-04,,,,,,,,,,,,,,,,,,,,,,,,,,,,,,,,,,,,,,,,,,,,,,,,,,,,,,,,,,,,,,,,,,,,,,,,,,,,,,,,,,,,,
2034-05,,,,,,,,,,,,,,,,,,,,,,,,,,,,,,,,,,,,,,,,,,,,,,,,,,,,,,,,,,,,,,,,,,,,,,,,,,,,,,,,,,,,,
2034-06,,,,,,,,,,,,,,,,,,,,,,,,,,,,,,,,,,,,,,,,,,,,,,,,,,,,,,,,,,,,,,,,,,,,,,,,,,,,,,,,,,,,,
2034-07,,,,,,,,,,,,,,,,,,,,,,,,,,,,,,,,,,,,,,,,,,,,,,,,,,,,,,,,,,,,,,,,,,,,,,,,,,,,,,,,,,,,,
2034-08,,,,,,,,,,,,,,,,,,,,,,,,,,,,,,,,,,,,,,,,,,,,,,,,,,,,,,,,,,,,,,,,,,,,,,,,,,,,,,,,,,,,,
2034-09,,,,,,,,,,,,,,,,,,,,,,,,,,,,,,,,,,,,,,,,,,,,,,,,,,,,,,,,,,,,,,,,,,,,,,,,,,,,,,,,,,,,,
2034-10,,,,,,,,,,,,,,,,,,,,,,,,,,,,,,,,,,,,,,,,,,,,,,,,,,,,,,,,,,,,,,,,,,,,,,,,,,,,,,,,,,,,,
2034-11,,,,,,,,,,,,,,,,,,,,,,,,,,,,,,,,,,,,,,,,,,,,,,,,,,,,,,,,,,,,,,,,,,,,,,,,,,,,,,,,,,,,,
2034-12,,,,,,,,,,,,,,,,,,,,,,,,,,,,,,,,,,,,,,,,,,,,,,,,,,,,,,,,,,,,,,,,,,,,,,,,,,,,,,,,,,,,,
2035-01,,,,,,,,,,,,,,,,,,,,,,,,,,,,,,,,,,,,,,,,,,,,,,,,,,,,,,,,,,,,,,,,,,,,,,,,,,,,,,,,,,,,,
2035-02,,,,,,,,,,,,,,,,,,,,,,,,,,,,,,,,,,,,,,,,,,,,,,,,,,,,,,,,,,,,,,,,,,,,,,,,,,,,,,,,,,,,,
2035-03,,,,,,,,,,,,,,,,,,,,,,,,,,,,,,,,,,,,,,,,,,,,,,,,,,,,,,,,,,,,,,,,,,,,,,,,,,,,,,,,,,,,,
2035-04,,,,,,,,,,,,,,,,,,,,,,,,,,,,,,,,,,,,,,,,,,,,,,,,,,,,,,,,,,,,,,,,,,,,,,,,,,,,,,,,,,,,,
2035-05,,,,,,,,,,,,,,,,,,,,,,,,,,,,,,,,,,,,,,,,,,,,,,,,,,,,,,,,,,,,,,,,,,,,,,,,,,,,,,,,,,,,,
2035-06,,,,,,,,,,,,,,,,,,,,,,,,,,,,,,,,,,,,,,,,,,,,,,,,,,,,,,,,,,,,,,,,,,,,,,,,,,,,,,,,,,,,,
2035-07,,,,,,,,,,,,,,,,,,,,,,,,,,,,,,,,,,,,,,,,,,,,,,,,,,,,,,,,,,,,,,,,,,,,,,,,,,,,,,,,,,,,,
2035-08,,,,,,,,,,,,,,,,,,,,,,,,,,,,,,,,,,,,,,,,,,,,,,,,,,,,,,,,,,,,,,,,,,,,,,,,,,,,,,,,,,,,,
2035-09,,,,,,,,,,,,,,,,,,,,,,,,,,,,,,,,,,,,,,,,,,,,,,,,,,,,,,,,,,,,,,,,,,,,,,,,,,,,,,,,,,,,,
2035-10,,,,,,,,,,,,,,,,,,,,,,,,,,,,,,,,,,,,,,,,,,,,,,,,,,,,,,,,,,,,,,,,,,,,,,,,,,,,,,,,,,,,,
2035-11,,,,,,,,,,,,,,,,,,,,,,,,,,,,,,,,,,,,,,,,,,,,,,,,,,,,,,,,,,,,,,,,,,,,,,,,,,,,,,,,,,,,,
2035-12,,,,,,,,,,,,,,,,,,,,,,,,,,,,,,,,,,,,,,,,,,,,,,,,,,,,,,,,,,,,,,,,,,,,,,,,,,,,,,,,,,,,,
