doy,DE_2019,DE_2020,DE_2021,DE_2022,DE_2023,DE_2024,DE_2025,DE_2026,DE_2027,DE_2028,DE_2029,DE_2030,DE_2031,DE_2032,DE_2033,DE_2034,DE_2035,ES_2019,ES_2020,ES_2021,ES_2022,ES_2023,ES_2024,ES_2025,ES_2026,ES_2027,ES_2028,ES_2029,ES_2030,ES_2031,ES_2032,ES_2033,ES_2034,ES_2035,PT_2019,PT_2020,PT_2021,PT_2022,PT_2023,PT_2024,PT_2025,PT_2026,PT_2027,PT_2028,PT_2029,PT_2030,PT_2031,PT_2032,PT_2033,PT_2034,PT_2035,FR_2019,FR_2020,FR_2021,FR_2022,FR_2023,FR_2024,FR_2025,FR_2026,FR_2027,FR_2028,FR_2029,FR_2030,FR_2031,FR_2032,FR_2033,FR_2034,FR_2035,IT_2019,IT_2020,IT_2021,IT_2022,IT_2023,IT_2024,IT_2025,IT_2026,IT_2027,IT_2028,IT_2029,IT_2030,IT_2031,IT_2032,IT_2033,IT_2034,IT_2035
1,21,0,0,0,14,11,17,11,,,,,,,,,,0,0,0,0,15,0,0,0,,,,,,,,,,0,0,0,0,15,0,0,0,,,,,,,,,,0,0,0,0,13,11,0,0,,,,,,,,,,0,0,0,0,0,0,0,0,,,,,,,,,
2,27,0,0,1,14,12,17,12,,,,,,,,,,0,0,0,0,15,0,0,0,,,,,,,,,,0,0,0,0,15,0,0,0,,,,,,,,,,0,0,0,0,13,15,0,0,,,,,,,,,,0,0,0,0,0,0,0,0,,,,,,,,,
3,27,2,0,6,14,17,17,12,,,,,,,,,,0,0,0,0,15,0,0,0,,,,,,,,,,0,0,0,0,15,0,0,0,,,,,,,,,,0,0,0,2,13,20,0,0,,,,,,,,,,0,0,0,0,0,0,0,0,,,,,,,,,
4,27,4,0,6,16,17,17,12,,,,,,,,,,0,0,0,0,15,0,0,0,,,,,,,,,,0,0,0,0,15,0,0,0,,,,,,,,,,0,0,0,2,13,20,0,0,,,,,,,,,,0,0,0,0,0,0,0,0,,,,,,,,,
5,27,4,0,6,19,17,17,12,,,,,,,,,,0,0,0,0,15,0,0,0,,,,,,,,,,0,0,0,0,15,0,0,0,,,,,,,,,,0,0,0,2,13,20,0,0,,,,,,,,,,0,0,0,0,0,0,0,0,,,,,,,,,
6,27,4,0,6,19,17,17,12,,,,,,,,,,0,0,0,0,15,0,0,4,,,,,,,,,,0,0,0,0,15,0,0,0,,,,,,,,,,0,0,0,2,13,20,0,0,,,,,,,,,,0,0,0,0,0,0,0,0,,,,,,,,,
7,27,4,0,6,19,17,17,12,,,,,,,,,,0,0,0,0,15,0,0,4,,,,,,,,,,0,0,0,0,15,0,0,0,,,,,,,,,,0,0,0,2,13,20,1,0,,,,,,,,,,0,0,0,0,0,0,0,0,,,,,,,,,
8,27,6,0,6,19,17,17,12,,,,,,,,,,0,0,0,0,15,0,0,4,,,,,,,,,,0,0,0,0,15,0,0,0,,,,,,,,,,0,0,0,2,13,20,1,0,,,,,,,,,,0,0,0,0,0,0,0,0,,,,,,,,,
9,27,6,0,6,19,17,17,12,,,,,,,,,,0,0,0,0,15,0,0,4,,,,,,,,,,0,0,0,0,15,0,0,0,,,,,,,,,,0,0,0,2,13,20,1,0,,,,,,,,,,0,0,0,0,0,0,0,0,,,,,,,,,
10,27,6,0,6,19,17,17,12,,,,,,,,,,0,0,0,0,15,0,0,4,,,,,,,,,,0,0,0,0,15,0,0,0,,,,,,,,,,0,0,0,2,13,20,1,0,,,,,,,,,,0,0,0,0,0,0,0,0,,,,,,,,,
11,27,6,0,6,23,17,17,12,,,,,,,,,,0,0,0,0,15,0,0,4,,,,,,,,,,0,0,0,0,15,0,0,0,,,,,,,,,,0,0,0,2,16,20,1,0,,,,,,,,,,0,0,0,0,0,0,0,0,,,,,,,,,
12,27,6,0,6,24,17,17,12,,,,,,,,,,0,0,0,0,15,0,0,4,,,,,,,,,,0,0,0,0,15,0,0,0,,,,,,,,,,0,0,0,2,16,20,1,0,,,,,,,,,,0,0,0,0,0,0,0,0,,,,,,,,,
13,34,6,0,6,24,17,17,12,,,,,,,,,,0,0,0,0,15,0,0,4,,,,,,,,,,0,0,0,0,15,0,0,0,,,,,,,,,,0,0,0,2,16,20,1,0,,,,,,,,,,0,0,0,0,0,0,0,0,,,,,,,,,
14,38,6,0,6,24,17,17,12,,,,,,,,,,0,0,0,0,15,0,0,4,,,,,,,,,,0,0,0,0,15,0,0,0,,,,,,,,,,0,0,0,2,16,20,1,0,,,,,,,,,,0,0,0,0,0,0,0,0,,,,,,,,,
15,38,7,0,6,28,17,17,12,,,,,,,,,,0,0,0,0,15,0,0,4,,,,,,,,,,0,0,0,0,15,0,0,0,,,,,,,,,,0,0,0,2,16,20,1,0,,,,,,,,,,0,0,0,0,0,0,0,0,,,,,,,,,
16,38,7,0,6,28,17,17,12,,,,,,,,,,0,0,0,0,15,0,0,4,,,,,,,,,,0,0,0,0,15,0,0,0,,,,,,,,,,0,0,0,2,16,20,1,0,,,,,,,,,,0,0,0,0,0,0,0,0,,,,,,,,,
17,38,7,0,6,28,17,17,12,,,,,,,,,,0,0,0,0,16,0,0,4,,,,,,,,,,0,0,0,0,16,0,0,0,,,,,,,,,,0,0,0,2,16,20,1,0,,,,,,,,,,0,0,0,0,0,0,0,0,,,,,,,,,
18,38,7,0,6,28,17,17,12,,,,,,,,,,0,0,0,0,21,2,0,4,,,,,,,,,,0,0,0,0,21,2,0,0,,,,,,,,,,0,0,0,2,16,20,1,0,,,,,,,,,,0,0,0,0,0,0,0,0,,,,,,,,,
19,38,7,0,6,28,17,17,12,,,,,,,,,,0,0,0,0,21,2,0,4,,,,,,,,,,0,0,0,0,21,2,0,0,,,,,,,,,,0,0,0,2,16,20,1,0,,,,,,,,,,0,0,0,0,0,0,0,0,,,,,,,,,
20,38,7,0,6,28,17,17,12,,,,,,,,,,0,0,0,0,21,2,0,4,,,,,,,,,,0,0,0,0,21,2,0,0,,,,,,,,,,0,0,0,2,16,20,1,0,,,,,,,,,,0,0,0,0,0,0,0,0,,,,,,,,,
21,38,7,2,6,28,17,17,12,,,,,,,,,,0,0,0,0,21,2,0,4,,,,,,,,,,0,0,0,0,21,2,0,0,,,,,,,,,,0,0,0,2,16,20,1,0,,,,,,,,,,0,0,0,0,0,0,0,0,,,,,,,,,
22,38,7,2,6,28,17,17,12,,,,,,,,,,0,0,0,0,21,2,0,4,,,,,,,,,,0,0,0,0,21,2,0,0,,,,,,,,,,0,0,0,2,16,20,1,0,,,,,,,,,,0,0,0,0,0,0,0,0,,,,,,,,,
23,38,7,2,6,28,17,17,12,,,,,,,,,,0,0,0,0,21,2,0,6,,,,,,,,,,0,0,0,0,21,2,0,2,,,,,,,,,,0,0,0,2,16,20,1,0,,,,,,,,,,0,0,0,0,0,0,0,0,,,,,,,,,
24,38,7,2,6,28,22,17,12,,,,,,,,,,0,0,0,0,21,2,0,6,,,,,,,,,,0,0,0,0,21,2,0,2,,,,,,,,,,0,0,0,2,16,21,1,0,,,,,,,,,,0,0,0,0,0,0,0,0,,,,,,,,,
25,38,7,2,6,28,22,17,12,,,,,,,,,,0,0,0,0,21,2,0,12,,,,,,,,,,0,0,0,0,21,2,0,8,,,,,,,,,,0,0,0,2,16,21,1,0,,,,,,,,,,0,0,0,0,0,0,0,0,,,,,,,,,
26,38,7,2,6,28,22,17,12,,,,,,,,,,0,0,0,0,21,2,0,12,,,,,,,,,,0,0,0,0,21,2,0,8,,,,,,,,,,0,0,0,2,16,21,1,0,,,,,,,,,,0,0,0,0,0,0,0,0,,,,,,,,,
27,38,7,2,6,28,22,17,12,,,,,,,,,,0,0,0,0,21,2,1,12,,,,,,,,,,0,0,0,0,21,2,1,8,,,,,,,,,,0,0,0,2,16,21,2,0,,,,,,,,,,0,0,0,0,0,0,0,0,,,,,,,,,
28,38,7,2,6,28,22,17,12,,,,,,,,,,0,0,0,0,21,2,9,12,,,,,,,,,,0,0,0,0,21,2,9,8,,,,,,,,,,0,0,0,2,16,21,4,0,,,,,,,,,,0,0,0,0,0,0,0,0,,,,,,,,,
29,38,7,2,6,28,22,17,12,,,,,,,,,,0,0,0,0,21,2,9,12,,,,,,,,,,0,0,0,0,21,2,9,8,,,,,,,,,,0,0,0,2,16,21,4,0,,,,,,,,,,0,0,0,0,0,0,0,0,,,,,,,,,
30,38,8,2,6,28,22,17,12,,,,,,,,,,0,0,0,0,21,2,13,18,,,,,,,,,,0,0,0,0,21,2,13,18,,,,,,,,,,0,0,0,2,16,21,4,0,,,,,,,,,,0,0,0,0,0,0,0,0,,,,,,,,,
31,38,13,2,6,28,22,17,12,,,,,,,,,,0,0,6,0,21,2,13,35,,,,,,,,,,0,0,6,0,21,2,13,35,,,,,,,,,,0,0,0,2,16,21,4,0,,,,,,,,,,0,0,0,0,0,0,0,0,,,,,,,,,
32,38,24,2,6,28,22,17,12,,,,,,,,,,0,0,10,0,21,2,13,39,,,,,,,,,,0,0,10,0,21,2,13,47,,,,,,,,,,0,1,0,2,16,21,4,0,,,,,,,,,,0,0,0,0,0,0,0,0,,,,,,,,,
33,38,31,2,6,28,22,17,12,,,,,,,,,,0,0,10,0,21,2,13,49,,,,,,,,,,0,0,10,0,21,2,13,65,,,,,,,,,,0,1,0,2,16,21,4,0,,,,,,,,,,0,0,0,0,0,0,0,0,,,,,,,,,
34,38,31,2,6,28,22,17,12,,,,,,,,,,0,0,10,0,21,2,13,58,,,,,,,,,,0,0,10,0,21,2,13,79,,,,,,,,,,0,1,0,2,16,21,4,0,,,,,,,,,,0,0,0,0,0,0,0,0,,,,,,,,,
35,38,31,2,6,28,28,17,12,,,,,,,,,,0,0,10,0,21,2,13,60,,,,,,,,,,0,0,10,0,21,2,13,85,,,,,,,,,,0,1,0,2,16,21,4,0,,,,,,,,,,0,0,0,0,0,0,0,0,,,,,,,,,
36,38,31,2,6,28,33,17,12,,,,,,,,,,0,0,10,0,21,2,13,75,,,,,,,,,,0,0,10,0,21,2,13,102,,,,,,,,,,0,1,0,2,16,21,4,0,,,,,,,,,,0,0,0,0,0,0,0,0,,,,,,,,,
37,38,31,3,8,28,33,17,12,,,,,,,,,,0,0,10,0,21,2,13,89,,,,,,,,,,0,0,10,0,21,2,13,116,,,,,,,,,,0,1,0,2,16,21,4,0,,,,,,,,,,0,0,0,0,0,0,0,0,,,,,,,,,
38,38,31,11,8,28,33,17,12,,,,,,,,,,0,0,14,0,21,2,13,105,,,,,,,,,,0,0,14,0,21,2,13,135,,,,,,,,,,0,1,4,2,16,21,4,0,,,,,,,,,,0,0,0,0,0,0,0,0,,,,,,,,,
39,39,31,12,8,28,33,17,12,,,,,,,,,,0,0,14,0,21,2,13,123,,,,,,,,,,0,0,14,0,21,2,13,153,,,,,,,,,,0,1,4,2,16,21,4,0,,,,,,,,,,0,0,0,0,0,0,0,0,,,,,,,,,
40,51,45,12,8,28,33,17,12,,,,,,,,,,0,0,14,0,21,2,13,134,,,,,,,,,,0,0,15,0,21,2,13,166,,,,,,,,,,0,1,4,2,16,21,4,0,,,,,,,,,,0,0,0,0,0,0,0,0,,,,,,,,,
41,52,51,12,8,28,33,17,12,,,,,,,,,,0,0,14,0,21,10,13,148,,,,,,,,,,0,0,18,0,21,10,13,181,,,,,,,,,,0,1,4,2,16,21,4,0,,,,,,,,,,0,0,0,0,0,0,0,0,,,,,,,,,
42,56,54,12,8,28,33,17,12,,,,,,,,,,0,0,14,0,21,10,13,163,,,,,,,,,,0,0,18,0,21,10,13,203,,,,,,,,,,0,1,4,2,16,21,4,7,,,,,,,,,,0,0,0,0,0,0,0,0,,,,,,,,,
43,56,57,12,8,28,33,17,12,,,,,,,,,,0,0,14,0,21,10,13,178,,,,,,,,,,0,0,18,0,21,10,13,218,,,,,,,,,,0,1,4,2,16,21,4,13,,,,,,,,,,0,0,0,0,0,0,0,0,,,,,,,,,
44,56,57,12,8,28,33,17,12,,,,,,,,,,0,0,14,0,21,10,13,191,,,,,,,,,,0,0,18,0,21,10,13,236,,,,,,,,,,0,1,4,2,16,21,4,13,,,,,,,,,,0,0,0,0,0,0,0,0,,,,,,,,,
45,56,57,12,8,28,33,17,12,,,,,,,,,,0,0,14,0,21,10,13,208,,,,,,,,,,0,0,18,0,21,10,13,253,,,,,,,,,,0,1,4,2,16,21,4,14,,,,,,,,,,0,0,0,0,0,0,0,0,,,,,,,,,
46,56,59,12,8,28,33,17,12,,,,,,,,,,0,0,17,0,21,10,13,225,,,,,,,,,,0,0,21,0,21,10,13,272,,,,,,,,,,0,1,4,2,16,21,4,18,,,,,,,,,,0,0,0,0,0,0,0,0,,,,,,,,,
47,56,83,12,8,28,33,17,12,,,,,,,,,,0,0,17,0,21,10,13,238,,,,,,,,,,0,0,21,0,21,10,13,288,,,,,,,,,,0,5,4,2,16,21,4,27,,,,,,,,,,0,0,0,0,0,0,0,0,,,,,,,,,
48,56,88,12,8,28,33,17,12,,,,,,,,,,0,0,17,0,21,10,13,247,,,,,,,,,,0,0,21,0,21,10,13,297,,,,,,,,,,0,5,4,2,16,21,4,30,,,,,,,,,,0,0,0,0,0,0,0,0,,,,,,,,,
49,56,88,12,8,28,33,17,12,,,,,,,,,,0,0,17,0,21,10,13,252,,,,,,,,,,0,0,21,0,21,10,13,302,,,,,,,,,,0,5,4,2,16,21,4,31,,,,,,,,,,0,0,0,0,0,0,0,0,,,,,,,,,
50,56,88,12,15,28,33,17,12,,,,,,,,,,0,0,17,0,21,10,13,264,,,,,,,,,,0,0,21,0,21,10,13,312,,,,,,,,,,0,5,4,2,16,21,4,33,,,,,,,,,,0,0,0,0,0,0,0,0,,,,,,,,,
51,56,88,12,15,28,33,17,12,,,,,,,,,,0,0,29,0,21,10,13,271,,,,,,,,,,0,0,34,0,21,10,13,312,,,,,,,,,,0,5,4,2,16,21,4,33,,,,,,,,,,0,0,0,0,0,0,0,0,,,,,,,,,
52,56,88,12,15,28,33,17,12,,,,,,,,,,0,0,29,0,21,10,13,278,,,,,,,,,,0,0,34,0,21,10,13,318,,,,,,,,,,0,5,4,2,16,21,4,39,,,,,,,,,,0,0,0,0,0,0,0,0,,,,,,,,,
53,56,110,12,15,28,33,17,12,,,,,,,,,,0,0,29,0,21,10,13,286,,,,,,,,,,0,0,34,0,21,10,13,325,,,,,,,,,,0,5,4,2,16,21,4,47,,,,,,,,,,0,0,0,0,0,0,0,0,,,,,,,,,
54,56,119,12,15,28,36,17,12,,,,,,,,,,0,0,29,0,21,14,13,293,,,,,,,,,,0,0,34,0,21,14,13,325,,,,,,,,,,0,5,4,2,16,21,4,52,,,,,,,,,,0,0,0,0,0,0,0,0,,,,,,,,,
55,56,120,12,15,28,36,17,12,,,,,,,,,,0,0,29,0,21,20,13,300,,,,,,,,,,0,0,34,0,21,20,13,331,,,,,,,,,,0,5,4,2,16,21,4,52,,,,,,,,,,0,0,0,0,0,0,0,0,,,,,,,,,
56,56,120,12,15,28,36,17,12,,,,,,,,,,0,0,29,0,21,25,13,306,,,,,,,,,,0,0,34,0,21,25,13,331,,,,,,,,,,0,5,4,2,16,21,4,57,,,,,,,,,,0,0,0,0,0,0,0,0,,,,,,,,,
57,56,120,12,15,28,36,17,12,,,,,,,,,,0,0,29,0,21,33,13,313,,,,,,,,,,0,0,34,0,21,33,13,331,,,,,,,,,,0,5,4,2,16,21,4,63,,,,,,,,,,0,0,0,0,0,0,0,0,,,,,,,,,
58,56,120,12,15,28,36,17,15,,,,,,,,,,0,0,29,0,21,44,13,318,,,,,,,,,,0,0,34,0,21,44,13,331,,,,,,,,,,0,5,4,2,16,21,4,68,,,,,,,,,,0,0,0,0,0,0,0,0,,,,,,,,,
59,56,121,12,15,28,36,17,20,,,,,,,,,,0,0,29,0,21,51,13,325,,,,,,,,,,0,0,34,0,21,51,13,338,,,,,,,,,,0,5,4,2,16,21,4,73,,,,,,,,,,0,0,0,0,0,0,0,0,,,,,,,,,
60,56,122,12,15,28,36,17,25,,,,,,,,,,0,0,29,0,21,58,13,333,,,,,,,,,,0,0,34,0,21,58,13,346,,,,,,,,,,0,5,4,2,16,21,4,79,,,,,,,,,,0,0,0,0,0,0,0,0,,,,,,,,,
61,56,137,12,15,28,36,17,25,,,,,,,,,,0,0,29,0,21,71,13,338,,,,,,,,,,0,0,34,0,21,71,13,351,,,,,,,,,,0,5,4,2,16,21,4,80,,,,,,,,,,0,0,0,0,0,0,0,0,,,,,,,,,
62,64,137,12,15,28,36,19,25,,,,,,,,,,0,0,29,0,21,81,13,339,,,,,,,,,,0,0,34,0,21,81,13,352,,,,,,,,,,0,5,4,2,16,21,4,80,,,,,,,,,,0,0,0,0,0,0,0,0,,,,,,,,,
63,72,137,12,15,28,36,19,25,,,,,,,,,,0,0,29,0,21,98,13,339,,,,,,,,,,0,0,34,0,21,98,13,352,,,,,,,,,,0,5,4,2,16,21,4,80,,,,,,,,,,0,0,0,0,0,0,0,0,,,,,,,,,
64,76,137,12,15,28,36,24,25,,,,,,,,,,0,0,29,0,21,98,13,339,,,,,,,,,,0,0,34,0,21,98,13,352,,,,,,,,,,0,5,4,2,16,21,5,80,,,,,,,,,,0,0,0,0,0,0,0,0,,,,,,,,,
65,76,137,12,15,28,36,26,25,,,,,,,,,,0,0,29,0,21,98,13,339,,,,,,,,,,0,0,34,0,21,98,13,352,,,,,,,,,,0,5,4,2,16,21,5,80,,,,,,,,,,0,0,0,0,0,0,0,0,,,,,,,,,
66,76,137,12,15,28,36,26,25,,,,,,,,,,0,0,29,0,21,98,13,339,,,,,,,,,,0,0,34,0,21,98,13,352,,,,,,,,,,0,5,4,2,16,21,5,80,,,,,,,,,,0,0,0,0,0,0,0,0,,,,,,,,,
67,80,137,12,15,28,36,29,26,,,,,,,,,,0,0,29,0,21,102,16,339,,,,,,,,,,0,0,34,0,21,102,16,352,,,,,,,,,,0,5,4,2,16,21,6,81,,,,,,,,,,0,0,0,0,0,0,0,0,,,,,,,,,
68,92,137,12,15,28,36,33,26,,,,,,,,,,0,0,29,0,21,116,16,339,,,,,,,,,,0,0,34,0,21,116,16,352,,,,,,,,,,0,5,4,2,16,21,6,81,,,,,,,,,,0,0,0,0,0,0,0,0,,,,,,,,,
69,97,137,12,15,28,40,33,26,,,,,,,,,,0,0,29,0,21,136,16,339,,,,,,,,,,0,0,34,0,21,136,16,352,,,,,,,,,,0,5,4,2,16,21,6,81,,,,,,,,,,0,0,0,0,0,0,0,0,,,,,,,,,
70,97,138,16,17,28,44,33,26,,,,,,,,,,0,0,29,0,21,156,16,339,,,,,,,,,,0,0,34,0,21,156,16,352,,,,,,,,,,0,5,4,2,16,21,6,82,,,,,,,,,,0,0,0,0,0,0,0,0,,,,,,,,,
71,98,141,21,17,28,44,33,30,,,,,,,,,,0,0,29,0,21,170,16,345,,,,,,,,,,0,0,34,0,21,170,16,356,,,,,,,,,,0,5,4,2,16,21,6,88,,,,,,,,,,0,0,0,0,0,0,0,0,,,,,,,,,
72,100,150,30,17,31,44,33,35,,,,,,,,,,0,0,29,0,21,176,16,352,,,,,,,,,,0,0,34,0,21,176,16,362,,,,,,,,,,0,5,4,2,16,21,6,89,,,,,,,,,,0,0,0,0,0,0,0,0,,,,,,,,,
73,100,153,40,17,31,44,33,35,,,,,,,,,,0,0,29,0,21,176,16,359,,,,,,,,,,0,0,34,0,21,176,16,369,,,,,,,,,,0,5,4,2,16,21,6,89,,,,,,,,,,0,0,0,0,0,0,0,0,,,,,,,,,
74,102,153,40,17,31,44,33,35,,,,,,,,,,0,0,29,0,21,176,22,371,,,,,,,,,,0,0,34,0,21,176,22,381,,,,,,,,,,0,5,4,2,16,21,6,91,,,,,,,,,,0,0,0,0,0,0,0,0,,,,,,,,,
75,106,163,40,17,31,44,34,35,,,,,,,,,,0,0,29,0,21,176,22,379,,,,,,,,,,0,0,34,0,21,176,22,389,,,,,,,,,,0,6,4,2,16,21,6,91,,,,,,,,,,0,0,0,0,0,0,0,0,,,,,,,,,
76,122,163,40,17,31,44,34,35,,,,,,,,,,0,0,29,0,21,177,22,386,,,,,,,,,,0,0,34,0,21,177,22,396,,,,,,,,,,8,6,4,2,16,21,6,96,,,,,,,,,,0,0,0,0,0,0,0,0,,,,,,,,,
77,122,163,40,17,31,44,37,39,,,,,,,,,,0,0,29,0,21,182,22,392,,,,,,,,,,0,0,34,0,21,182,22,402,,,,,,,,,,8,6,4,2,16,21,6,103,,,,,,,,,,0,0,0,0,0,0,0,0,,,,,,,,,
78,122,163,40,17,31,44,41,40,,,,,,,,,,0,0,29,0,21,182,28,399,,,,,,,,,,0,0,34,0,21,182,28,409,,,,,,,,,,8,6,4,2,16,21,9,110,,,,,,,,,,0,0,0,0,0,0,0,0,,,,,,,,,
79,122,163,40,25,31,44,43,40,,,,,,,,,,0,0,29,0,21,182,30,399,,,,,,,,,,0,0,34,0,21,182,30,409,,,,,,,,,,8,6,4,2,16,21,11,110,,,,,,,,,,0,0,0,0,0,0,0,0,,,,,,,,,
80,122,163,40,25,31,44,45,40,,,,,,,,,,0,0,29,0,21,182,35,399,,,,,,,,,,0,0,34,0,21,182,35,409,,,,,,,,,,8,6,4,2,16,21,12,111,,,,,,,,,,0,0,0,0,0,0,0,0,,,,,,,,,
81,122,164,40,25,31,44,52,45,,,,,,,,,,0,0,29,0,21,182,49,407,,,,,,,,,,0,0,34,0,21,182,49,417,,,,,,,,,,8,6,4,2,16,21,12,116,,,,,,,,,,0,0,0,0,0,0,0,0,,,,,,,,,
82,122,172,40,25,31,44,52,45,,,,,,,,,,0,0,29,0,21,182,56,414,,,,,,,,,,0,0,34,0,21,182,56,424,,,,,,,,,,8,10,4,2,16,21,12,117,,,,,,,,,,0,0,0,0,0,0,0,0,,,,,,,,,
83,122,172,40,25,31,51,52,48,,,,,,,,,,0,0,29,0,21,194,58,421,,,,,,,,,,0,0,34,0,21,194,58,431,,,,,,,,,,8,10,4,2,16,28,12,122,,,,,,,,,,0,0,0,0,0,0,0,0,,,,,,,,,
84,122,172,40,25,44,59,52,60,,,,,,,,,,0,0,29,0,23,211,62,430,,,,,,,,,,0,0,34,0,21,211,62,439,,,,,,,,,,8,10,4,2,21,41,12,135,,,,,,,,,,0,0,0,0,0,1,0,0,,,,,,,,,
85,122,172,40,25,44,59,52,61,,,,,,,,,,0,0,29,0,31,211,71,440,,,,,,,,,,0,0,34,0,29,211,71,449,,,,,,,,,,8,10,4,2,21,41,12,138,,,,,,,,,,0,0,0,0,0,1,0,0,,,,,,,,,
86,122,172,45,25,44,59,52,61,,,,,,,,,,0,0,29,0,31,221,79,449,,,,,,,,,,0,0,34,0,29,221,79,458,,,,,,,,,,8,10,4,2,21,41,12,138,,,,,,,,,,0,0,0,0,0,1,0,0,,,,,,,,,
87,122,172,50,25,44,59,54,61,,,,,,,,,,0,0,29,0,31,241,88,460,,,,,,,,,,0,0,34,0,29,241,88,469,,,,,,,,,,8,10,8,2,21,41,12,138,,,,,,,,,,0,0,0,0,0,1,0,0,,,,,,,,,
88,122,174,50,25,44,61,54,65,,,,,,,,,,0,0,29,0,31,259,99,472,,,,,,,,,,0,0,34,0,29,259,98,481,,,,,,,,,,8,12,8,2,21,43,12,140,,,,,,,,,,0,0,0,0,0,1,0,0,,,,,,,,,
89,122,184,50,25,44,61,67,65,,,,,,,,,,0,0,29,0,34,271,117,481,,,,,,,,,,0,0,34,0,32,271,116,490,,,,,,,,,,8,16,8,2,21,43,25,140,,,,,,,,,,0,0,0,0,0,1,0,0,,,,,,,,,
90,122,184,50,25,44,61,67,65,,,,,,,,,,0,0,29,0,36,278,129,490,,,,,,,,,,0,0,34,0,34,278,128,499,,,,,,,,,,10,16,8,2,21,43,28,140,,,,,,,,,,0,0,0,0,0,1,0,0,,,,,,,,,
91,122,184,50,25,44,61,67,65,,,,,,,,,,0,0,29,0,36,297,135,499,,,,,,,,,,0,0,34,0,34,297,128,508,,,,,,,,,,10,16,8,2,21,43,35,140,,,,,,,,,,0,0,0,0,0,1,0,0,,,,,,,,,
92,122,184,54,25,44,65,73,65,,,,,,,,,,0,0,29,0,44,314,141,509,,,,,,,,,,0,0,34,0,40,314,134,518,,,,,,,,,,10,16,8,2,21,47,42,140,,,,,,,,,,0,0,0,0,0,2,0,0,,,,,,,,,
93,122,184,54,25,44,72,78,65,,,,,,,,,,0,0,29,0,44,321,145,519,,,,,,,,,,0,0,34,0,40,321,138,528,,,,,,,,,,10,16,8,2,21,51,47,140,,,,,,,,,,0,0,0,0,0,2,0,0,,,,,,,,,
94,122,184,57,25,44,72,82,71,,,,,,,,,,0,0,30,0,44,331,152,528,,,,,,,,,,0,0,35,0,40,331,145,537,,,,,,,,,,10,16,9,2,21,56,52,145,,,,,,,,,,0,0,0,0,0,2,0,0,,,,,,,,,
95,122,184,74,25,44,72,90,88,,,,,,,,,,0,0,30,0,44,342,160,537,,,,,,,,,,0,0,35,0,40,342,153,546,,,,,,,,,,10,16,10,2,21,63,60,161,,,,,,,,,,0,0,0,0,0,2,0,1,,,,,,,,,
96,122,189,74,25,44,75,98,98,,,,,,,,,,0,0,30,0,44,362,169,546,,,,,,,,,,0,0,35,0,40,365,162,555,,,,,,,,,,10,21,10,2,21,69,69,169,,,,,,,,,,0,1,0,0,0,2,0,1,,,,,,,,,
97,122,189,74,25,44,82,98,103,,,,,,,,,,0,0,30,0,44,382,174,552,,,,,,,,,,0,0,35,0,40,385,166,561,,,,,,,,,,10,21,10,2,21,88,71,175,,,,,,,,,,0,1,0,0,0,2,0,1,,,,,,,,,
98,122,189,74,25,44,97,98,108,,,,,,,,,,0,0,30,0,44,401,183,552,,,,,,,,,,0,0,35,0,40,404,175,561,,,,,,,,,,10,21,10,2,21,103,74,181,,,,,,,,,,0,1,0,0,0,3,0,1,,,,,,,,,
99,122,189,74,30,44,97,98,112,,,,,,,,,,0,0,30,0,45,421,190,559,,,,,,,,,,0,0,35,0,41,425,182,568,,,,,,,,,,10,21,10,2,21,118,81,188,,,,,,,,,,0,1,0,0,0,3,0,1,,,,,,,,,
100,122,189,74,33,52,97,99,112,,,,,,,,,,0,0,30,0,47,439,197,564,,,,,,,,,,0,0,35,0,43,443,189,573,,,,,,,,,,10,21,10,2,24,135,86,191,,,,,,,,,,0,1,0,0,0,3,0,1,,,,,,,,,
101,122,189,74,33,57,97,105,120,,,,,,,,,,0,0,30,0,47,452,202,571,,,,,,,,,,0,0,35,0,43,456,194,580,,,,,,,,,,10,21,10,2,25,135,91,199,,,,,,,,,,0,1,0,0,0,3,0,1,,,,,,,,,
102,122,189,74,33,57,100,111,120,,,,,,,,,,0,0,30,0,47,465,205,579,,,,,,,,,,0,0,35,0,43,469,197,588,,,,,,,,,,10,21,10,2,25,143,97,199,,,,,,,,,,0,1,0,0,0,3,0,1,,,,,,,,,
103,122,192,74,33,57,105,118,120,,,,,,,,,,0,0,30,0,50,474,212,587,,,,,,,,,,0,0,35,0,45,478,204,595,,,,,,,,,,10,24,10,2,25,148,104,199,,,,,,,,,,0,4,0,0,0,3,0,1,,,,,,,,,
104,122,208,74,33,57,115,118,120,,,,,,,,,,0,0,30,0,50,484,218,595,,,,,,,,,,0,0,35,0,45,488,210,595,,,,,,,,,,10,39,10,2,25,156,104,200,,,,,,,,,,0,8,0,0,0,3,0,1,,,,,,,,,
105,122,208,74,33,57,124,121,120,,,,,,,,,,0,0,30,0,53,494,224,602,,,,,,,,,,0,0,35,0,48,498,216,595,,,,,,,,,,10,41,10,2,25,164,110,204,,,,,,,,,,0,8,0,0,0,3,0,1,,,,,,,,,
106,122,208,74,33,57,125,121,120,,,,,,,,,,0,0,30,0,60,509,233,608,,,,,,,,,,0,0,35,0,48,513,225,597,,,,,,,,,,10,41,10,2,25,179,110,208,,,,,,,,,,0,8,0,0,0,3,0,1,,,,,,,,,
107,122,208,74,36,57,127,121,120,,,,,,,,,,0,0,30,0,60,525,239,614,,,,,,,,,,0,0,35,0,48,529,231,602,,,,,,,,,,10,41,10,4,25,194,110,212,,,,,,,,,,0,8,0,0,0,3,0,1,,,,,,,,,
108,122,208,74,36,57,127,121,123,,,,,,,,,,0,0,30,0,60,536,247,621,,,,,,,,,,0,0,35,0,48,540,239,609,,,,,,,,,,10,41,10,4,25,197,114,218,,,,,,,,,,0,8,0,0,0,3,0,1,,,,,,,,,
109,122,208,74,36,58,127,126,126,,,,,,,,,,0,0,30,0,60,545,258,630,,,,,,,,,,0,0,35,0,48,549,250,618,,,,,,,,,,10,41,10,4,25,197,119,227,,,,,,,,,,0,8,0,0,0,3,0,1,,,,,,,,,
110,122,212,74,36,58,127,133,126,,,,,,,,,,0,0,30,0,60,550,267,636,,,,,,,,,,0,0,35,0,48,554,259,622,,,,,,,,,,10,45,10,4,25,202,126,233,,,,,,,,,,0,8,0,0,0,3,0,1,,,,,,,,,
111,122,219,74,36,60,127,133,130,,,,,,,,,,0,0,30,0,60,559,267,643,,,,,,,,,,0,0,35,0,48,563,259,629,,,,,,,,,,10,51,10,4,25,210,126,240,,,,,,,,,,0,8,0,0,0,3,0,1,,,,,,,,,
112,135,228,76,36,60,130,133,136,,,,,,,,,,0,0,30,0,60,570,267,650,,,,,,,,,,0,0,35,0,48,574,259,636,,,,,,,,,,13,60,10,4,25,218,126,250,,,,,,,,,,0,8,0,0,0,3,0,1,,,,,,,,,
113,143,232,76,38,60,130,133,143,,,,,,,,,,0,0,30,0,67,582,273,657,,,,,,,,,,0,0,35,0,55,586,265,638,,,,,,,,,,13,62,10,4,25,218,126,257,,,,,,,,,,0,8,0,0,0,3,0,1,,,,,,,,,
114,143,232,76,38,60,130,133,149,,,,,,,,,,0,0,30,0,67,592,281,657,,,,,,,,,,0,0,35,0,55,596,272,638,,,,,,,,,,13,62,10,4,25,218,126,263,,,,,,,,,,0,8,0,0,0,3,0,1,,,,,,,,,
115,143,232,79,38,60,130,133,158,,,,,,,,,,0,0,30,0,67,599,289,664,,,,,,,,,,0,0,35,0,55,603,280,645,,,,,,,,,,14,62,13,4,25,218,128,271,,,,,,,,,,0,8,0,0,0,3,0,1,,,,,,,,,
116,143,232,79,38,60,130,139,166,,,,,,,,,,0,0,30,0,67,599,300,673,,,,,,,,,,0,0,35,0,55,603,291,654,,,,,,,,,,14,62,13,4,25,218,134,280,,,,,,,,,,0,10,0,0,0,3,0,1,,,,,,,,,
117,143,232,79,38,60,130,147,169,,,,,,,,,,0,0,30,0,67,599,311,680,,,,,,,,,,0,0,35,0,55,603,302,661,,,,,,,,,,14,62,13,4,25,218,142,286,,,,,,,,,,0,10,0,0,0,3,0,1,,,,,,,,,
118,143,232,79,38,60,134,152,175,,,,,,,,,,0,0,30,0,67,606,320,685,,,,,,,,,,0,0,35,0,55,610,311,664,,,,,,,,,,14,62,13,4,25,222,148,293,,,,,,,,,,0,10,0,0,0,3,0,1,,,,,,,,,
119,143,232,79,38,60,145,157,182,,,,,,,,,,0,0,30,0,67,614,330,685,,,,,,,,,,0,0,35,0,55,618,321,664,,,,,,,,,,14,62,13,4,25,233,154,304,,,,,,,,,,0,10,0,0,0,3,0,1,,,,,,,,,
120,143,232,79,38,63,145,162,189,,,,,,,,,,0,0,30,0,67,614,338,691,,,,,,,,,,0,0,35,0,55,618,321,665,,,,,,,,,,14,62,13,4,25,233,160,311,,,,,,,,,,0,10,0,0,0,3,0,1,,,,,,,,,
121,145,232,79,38,63,145,170,197,,,,,,,,,,0,0,30,0,70,614,349,699,,,,,,,,,,0,0,35,0,55,618,321,673,,,,,,,,,,14,62,13,4,25,233,168,320,,,,,,,,,,0,10,0,0,0,3,3,8,,,,,,,,,
122,145,240,80,38,63,154,177,204,,,,,,,,,,0,0,30,0,70,624,358,704,,,,,,,,,,0,0,35,0,55,628,321,678,,,,,,,,,,14,62,14,4,25,241,175,327,,,,,,,,,,0,11,0,0,0,3,3,12,,,,,,,,,
123,145,240,80,38,63,159,184,209,,,,,,,,,,0,0,30,0,70,627,366,710,,,,,,,,,,0,0,35,0,55,631,323,684,,,,,,,,,,14,62,14,4,25,244,182,333,,,,,,,,,,0,11,0,0,0,3,3,13,,,,,,,,,
124,145,240,83,38,63,159,192,209,,,,,,,,,,0,0,30,0,70,628,376,716,,,,,,,,,,0,0,35,0,55,632,323,690,,,,,,,,,,14,62,17,4,25,244,190,333,,,,,,,,,,0,11,0,0,0,3,3,13,,,,,,,,,
125,145,240,88,38,63,159,192,209,,,,,,,,,,0,0,30,0,70,637,385,721,,,,,,,,,,0,0,35,0,55,641,323,695,,,,,,,,,,14,62,17,4,25,244,196,333,,,,,,,,,,0,11,0,0,0,3,3,13,,,,,,,,,
126,145,240,88,38,63,165,192,209,,,,,,,,,,0,0,30,0,70,644,395,721,,,,,,,,,,0,0,35,0,55,648,323,695,,,,,,,,,,14,62,17,4,25,250,203,333,,,,,,,,,,0,11,0,0,0,3,3,13,,,,,,,,,
127,145,240,88,38,66,165,192,209,,,,,,,,,,0,0,30,0,70,644,403,721,,,,,,,,,,0,0,35,0,55,648,323,695,,,,,,,,,,14,62,17,4,25,250,206,333,,,,,,,,,,0,11,0,0,0,3,3,13,,,,,,,,,
128,145,240,88,38,66,165,192,209,,,,,,,,,,0,0,31,0,70,651,412,725,,,,,,,,,,0,0,35,0,55,650,323,699,,,,,,,,,,14,62,18,4,25,250,215,338,,,,,,,,,,0,11,0,0,0,3,3,13,,,,,,,,,
129,145,240,102,38,66,165,197,214,,,,,,,,,,0,0,39,0,70,651,419,731,,,,,,,,,,0,0,43,0,55,650,323,705,,,,,,,,,,14,62,32,4,25,250,222,345,,,,,,,,,,0,11,0,0,0,3,3,13,,,,,,,,,
130,145,240,102,38,66,171,204,220,,,,,,,,,,0,0,39,0,70,655,429,740,,,,,,,,,,0,0,43,0,55,650,328,714,,,,,,,,,,14,62,32,4,25,255,230,351,,,,,,,,,,0,11,0,0,0,3,3,13,,,,,,,,,
131,145,241,102,38,66,174,213,220,,,,,,,,,,0,0,39,0,70,659,440,742,,,,,,,,,,0,0,43,0,55,652,334,716,,,,,,,,,,14,63,32,4,25,259,239,353,,,,,,,,,,0,11,0,0,0,3,3,13,,,,,,,,,
132,149,244,102,38,66,181,220,220,,,,,,,,,,0,0,39,0,70,667,449,744,,,,,,,,,,0,0,43,0,55,659,334,716,,,,,,,,,,17,68,32,4,25,267,245,355,,,,,,,,,,0,11,0,0,0,3,3,13,,,,,,,,,
133,149,244,102,38,66,190,226,220,,,,,,,,,,0,0,39,0,70,676,456,752,,,,,,,,,,0,0,43,0,55,663,334,722,,,,,,,,,,17,68,32,4,25,276,251,363,,,,,,,,,,0,11,0,0,0,3,3,13,,,,,,,,,
134,149,244,102,38,67,196,233,220,,,,,,,,,,0,0,39,0,79,681,465,760,,,,,,,,,,0,0,43,0,58,668,334,730,,,,,,,,,,17,68,32,4,27,280,258,368,,,,,,,,,,0,11,0,0,0,3,3,13,,,,,,,,,
135,149,244,102,38,67,204,239,220,,,,,,,,,,0,0,39,0,79,692,475,768,,,,,,,,,,0,0,43,0,58,679,334,738,,,,,,,,,,17,68,32,4,27,290,266,371,,,,,,,,,,0,11,0,0,0,3,3,13,,,,,,,,,
136,149,244,102,38,67,209,244,225,,,,,,,,,,0,0,39,0,79,700,486,778,,,,,,,,,,0,0,43,0,58,687,335,748,,,,,,,,,,17,68,32,4,27,290,274,378,,,,,,,,,,0,11,0,0,0,3,3,13,,,,,,,,,
137,149,244,102,38,67,214,252,229,,,,,,,,,,0,0,39,0,79,702,496,786,,,,,,,,,,0,0,43,0,58,687,335,756,,,,,,,,,,17,68,32,4,27,290,283,383,,,,,,,,,,0,11,0,0,0,3,3,13,,,,,,,,,
138,149,250,102,38,67,214,259,229,,,,,,,,,,0,0,39,0,79,702,508,793,,,,,,,,,,0,0,43,0,58,687,342,763,,,,,,,,,,17,73,32,4,27,290,292,383,,,,,,,,,,0,11,0,0,0,3,6,13,,,,,,,,,
139,149,250,102,38,67,220,259,229,,,,,,,,,,0,0,39,0,79,708,518,800,,,,,,,,,,0,0,43,0,58,693,342,769,,,,,,,,,,17,73,32,4,27,296,292,389,,,,,,,,,,0,11,0,0,0,3,6,13,,,,,,,,,
140,149,250,102,38,72,228,262,229,,,,,,,,,,0,0,39,0,79,716,528,808,,,,,,,,,,0,0,43,0,58,701,342,775,,,,,,,,,,17,73,32,4,29,304,292,397,,,,,,,,,,0,11,0,0,0,3,6,13,,,,,,,,,
141,149,250,105,42,79,232,267,229,,,,,,,,,,0,0,39,0,80,718,537,816,,,,,,,,,,0,0,43,0,58,702,342,783,,,,,,,,,,17,73,34,4,36,306,292,405,,,,,,,,,,0,11,0,0,0,3,6,13,,,,,,,,,
142,149,250,121,42,79,232,274,231,,,,,,,,,,0,0,39,0,80,718,548,824,,,,,,,,,,0,0,43,0,58,702,343,791,,,,,,,,,,17,73,44,4,36,306,298,413,,,,,,,,,,0,11,0,0,0,3,6,13,,,,,,,,,
143,149,250,126,42,79,232,277,238,,,,,,,,,,0,0,39,0,80,718,558,832,,,,,,,,,,0,0,43,0,58,702,343,799,,,,,,,,,,17,73,49,4,36,306,303,421,,,,,,,,,,0,11,0,0,0,3,6,13,,,,,,,,,
144,149,256,129,42,79,232,284,246,,,,,,,,,,0,0,39,0,80,718,569,841,,,,,,,,,,0,0,43,0,58,702,343,808,,,,,,,,,,17,75,49,4,36,306,311,430,,,,,,,,,,0,11,0,0,0,3,6,18,,,,,,,,,
145,149,272,129,42,79,232,294,253,,,,,,,,,,0,0,39,0,80,718,581,849,,,,,,,,,,0,0,43,0,58,702,349,816,,,,,,,,,,17,91,49,4,36,306,324,437,,,,,,,,,,0,11,0,0,0,3,13,18,,,,,,,,,
146,152,272,129,48,82,235,300,258,,,,,,,,,,0,0,39,0,80,723,590,857,,,,,,,,,,0,0,43,0,58,707,349,823,,,,,,,,,,19,91,49,4,36,309,328,444,,,,,,,,,,0,11,0,0,0,3,13,18,,,,,,,,,
147,152,272,129,55,86,243,303,264,,,,,,,,,,0,0,39,0,80,733,599,863,,,,,,,,,,0,0,43,0,58,717,349,829,,,,,,,,,,19,91,49,4,40,318,335,449,,,,,,,,,,0,11,0,0,0,3,13,18,,,,,,,,,
148,152,272,129,64,95,243,303,268,,,,,,,,,,0,0,39,0,80,733,607,868,,,,,,,,,,0,0,43,0,58,717,349,834,,,,,,,,,,19,91,49,4,49,318,342,453,,,,,,,,,,0,11,0,0,0,3,13,18,,,,,,,,,
149,152,272,129,64,104,243,308,272,,,,,,,,,,0,0,39,0,80,739,614,871,,,,,,,,,,0,0,43,0,58,719,349,837,,,,,,,,,,19,91,49,4,58,324,349,456,,,,,,,,,,0,11,0,0,0,3,13,18,,,,,,,,,
150,155,272,133,64,104,243,314,277,,,,,,,,,,0,0,39,0,80,739,620,877,,,,,,,,,,0,0,43,0,58,719,349,843,,,,,,,,,,19,91,53,4,58,324,355,461,,,,,,,,,,0,11,0,0,0,3,13,18,,,,,,,,,
151,155,272,133,64,107,243,321,282,,,,,,,,,,0,0,39,0,80,744,628,885,,,,,,,,,,0,0,43,0,58,724,349,851,,,,,,,,,,19,91,53,4,58,329,362,468,,,,,,,,,,0,11,0,0,0,3,13,18,,,,,,,,,
152,155,279,133,64,107,243,330,282,,,,,,,,,,0,0,39,0,80,755,637,885,,,,,,,,,,0,0,43,0,58,735,349,851,,,,,,,,,,19,98,53,4,58,335,371,468,,,,,,,,,,0,11,0,0,0,3,13,18,,,,,,,,,
153,157,283,133,64,107,243,330,282,,,,,,,,,,0,0,39,0,80,768,642,893,,,,,,,,,,0,0,43,0,58,748,349,859,,,,,,,,,,21,101,53,4,58,345,372,477,,,,,,,,,,0,11,0,0,0,3,13,18,,,,,,,,,
154,157,283,133,64,111,252,336,282,,,,,,,,,,0,0,39,0,80,780,646,902,,,,,,,,,,0,0,43,0,58,760,349,865,,,,,,,,,,21,101,53,4,62,356,384,486,,,,,,,,,,0,11,0,0,0,3,13,18,,,,,,,,,
155,157,283,133,64,117,252,336,286,,,,,,,,,,0,0,39,0,80,780,648,911,,,,,,,,,,0,0,43,0,58,760,349,874,,,,,,,,,,21,101,53,4,68,356,388,498,,,,,,,,,,0,11,0,0,0,3,13,18,,,,,,,,,
156,157,283,133,64,117,252,336,286,,,,,,,,,,0,0,39,0,80,780,656,915,,,,,,,,,,0,0,43,0,58,760,349,877,,,,,,,,,,21,101,53,4,68,358,404,503,,,,,,,,,,0,11,0,0,0,3,13,18,,,,,,,,,
157,157,283,133,69,117,252,344,290,,,,,,,,,,0,0,39,0,80,780,661,923,,,,,,,,,,0,0,43,0,58,760,349,883,,,,,,,,,,21,101,53,4,68,362,412,513,,,,,,,,,,0,11,0,0,0,3,13,18,,,,,,,,,
158,159,291,133,69,117,252,348,301,,,,,,,,,,0,0,39,0,80,780,671,933,,,,,,,,,,0,0,43,0,58,760,354,893,,,,,,,,,,22,108,53,4,68,362,418,525,,,,,,,,,,0,11,0,0,0,3,13,18,,,,,,,,,
159,176,291,133,69,117,252,359,301,,,,,,,,,,0,0,39,0,80,780,682,935,,,,,,,,,,0,0,43,0,58,760,356,895,,,,,,,,,,28,108,53,4,68,362,432,527,,,,,,,,,,0,11,0,0,0,3,13,18,,,,,,,,,
160,176,291,133,69,117,260,368,302,,,,,,,,,,0,0,39,0,80,780,682,943,,,,,,,,,,0,0,43,0,58,760,356,899,,,,,,,,,,28,108,53,4,68,369,439,535,,,,,,,,,,0,11,0,0,0,3,13,18,,,,,,,,,
161,176,291,133,69,121,270,374,302,,,,,,,,,,0,0,39,0,80,789,682,952,,,,,,,,,,0,0,43,0,58,769,356,908,,,,,,,,,,28,108,53,4,68,378,445,544,,,,,,,,,,0,11,0,0,0,3,13,18,,,,,,,,,
162,176,291,133,69,128,270,379,302,,,,,,,,,,0,0,39,0,80,789,682,960,,,,,,,,,,0,0,43,0,58,769,356,914,,,,,,,,,,28,108,53,4,73,382,451,552,,,,,,,,,,0,11,0,0,0,3,13,18,,,,,,,,,
163,176,291,138,70,128,273,386,302,,,,,,,,,,0,0,39,0,80,789,689,969,,,,,,,,,,0,0,43,0,58,769,356,920,,,,,,,,,,28,108,56,4,73,382,461,561,,,,,,,,,,0,11,0,0,0,3,13,18,,,,,,,,,
164,176,291,145,70,128,273,392,313,,,,,,,,,,0,0,39,0,80,789,695,978,,,,,,,,,,0,0,43,0,58,769,356,929,,,,,,,,,,28,108,63,4,73,382,467,571,,,,,,,,,,0,11,0,0,0,3,13,18,,,,,,,,,
165,176,291,145,70,128,273,400,324,,,,,,,,,,0,0,39,0,80,792,703,987,,,,,,,,,,0,0,43,0,58,769,359,938,,,,,,,,,,28,108,63,4,73,389,475,582,,,,,,,,,,0,11,0,0,0,3,13,19,,,,,,,,,
166,176,291,145,70,128,273,407,329,,,,,,,,,,0,0,39,0,80,798,713,989,,,,,,,,,,0,0,43,0,58,775,363,940,,,,,,,,,,28,108,63,4,73,397,483,586,,,,,,,,,,0,11,0,0,0,3,13,19,,,,,,,,,
167,176,291,145,70,128,285,410,329,,,,,,,,,,0,0,39,0,80,808,715,989,,,,,,,,,,0,0,43,0,58,785,363,940,,,,,,,,,,28,108,63,4,73,412,488,586,,,,,,,,,,0,11,0,0,0,3,13,19,,,,,,,,,
168,176,291,145,70,128,296,415,329,,,,,,,,,,0,0,39,0,80,819,715,989,,,,,,,,,,0,0,43,0,58,794,363,940,,,,,,,,,,28,108,63,4,73,423,493,586,,,,,,,,,,0,11,0,0,0,3,13,19,,,,,,,,,
169,176,291,145,70,128,296,420,329,,,,,,,,,,0,0,39,0,80,824,715,989,,,,,,,,,,0,0,43,0,58,797,363,940,,,,,,,,,,28,108,63,4,73,423,496,586,,,,,,,,,,0,11,0,0,0,3,13,19,,,,,,,,,
170,176,291,145,70,128,296,428,329,,,,,,,,,,0,0,39,0,80,824,715,989,,,,,,,,,,0,0,43,0,58,797,363,940,,,,,,,,,,28,108,63,4,73,423,502,586,,,,,,,,,,0,11,0,0,0,3,13,19,,,,,,,,,
171,176,291,145,70,128,296,432,334,,,,,,,,,,0,0,39,0,80,824,715,996,,,,,,,,,,0,0,43,0,58,797,363,943,,,,,,,,,,28,108,63,4,73,423,504,591,,,,,,,,,,0,11,0,0,0,3,13,19,,,,,,,,,
172,176,291,145,70,128,296,439,339,,,,,,,,,,0,0,39,0,80,824,721,1005,,,,,,,,,,0,0,43,0,58,797,368,952,,,,,,,,,,28,108,63,4,73,423,510,597,,,,,,,,,,0,11,0,0,0,3,13,19,,,,,,,,,
173,176,291,145,70,128,296,449,339,,,,,,,,,,0,0,39,0,80,824,730,1005,,,,,,,,,,0,0,43,0,58,797,377,952,,,,,,,,,,28,108,63,4,73,423,520,597,,,,,,,,,,0,11,0,0,0,3,13,19,,,,,,,,,
174,179,291,145,70,128,299,458,339,,,,,,,,,,0,0,39,0,80,831,730,1005,,,,,,,,,,0,0,43,0,58,798,377,952,,,,,,,,,,33,108,63,4,73,426,528,597,,,,,,,,,,0,11,0,0,0,3,13,19,,,,,,,,,
175,179,291,145,70,129,306,466,339,,,,,,,,,,0,0,39,0,80,841,730,1005,,,,,,,,,,0,0,43,0,58,808,377,952,,,,,,,,,,33,108,63,4,74,433,533,597,,,,,,,,,,0,11,0,0,0,3,13,19,,,,,,,,,
176,179,291,145,70,134,306,471,339,,,,,,,,,,0,0,39,0,83,843,730,1005,,,,,,,,,,0,0,43,0,58,808,377,952,,,,,,,,,,33,108,63,4,79,433,533,597,,,,,,,,,,0,11,0,0,0,3,13,19,,,,,,,,,
177,179,291,145,70,134,309,471,339,,,,,,,,,,0,0,39,0,83,843,730,1005,,,,,,,,,,0,0,43,0,58,808,377,952,,,,,,,,,,33,108,63,4,79,436,533,597,,,,,,,,,,0,11,0,0,0,3,13,19,,,,,,,,,
178,179,291,145,70,134,309,471,341,,,,,,,,,,0,0,39,0,83,843,730,1012,,,,,,,,,,0,0,43,0,58,808,377,959,,,,,,,,,,33,108,63,4,79,436,533,598,,,,,,,,,,0,11,0,0,0,3,13,19,,,,,,,,,
179,179,291,145,70,134,309,478,345,,,,,,,,,,0,0,39,0,83,843,735,1019,,,,,,,,,,0,0,43,0,58,808,377,966,,,,,,,,,,33,108,63,4,79,436,539,602,,,,,,,,,,0,11,0,0,0,3,13,19,,,,,,,,,
180,179,293,145,70,134,314,486,345,,,,,,,,,,0,0,39,0,83,843,737,1019,,,,,,,,,,0,0,43,0,58,808,379,966,,,,,,,,,,33,108,63,4,79,440,546,602,,,,,,,,,,0,11,0,0,0,3,13,19,,,,,,,,,
181,184,293,145,70,134,318,486,345,,,,,,,,,,0,0,39,0,83,843,737,1019,,,,,,,,,,0,0,43,0,58,808,379,966,,,,,,,,,,35,108,63,4,79,444,546,602,,,,,,,,,,0,11,0,0,0,3,13,19,,,,,,,,,
182,184,297,145,70,136,326,486,345,,,,,,,,,,0,0,39,0,85,846,737,1026,,,,,,,,,,0,0,43,0,58,809,379,972,,,,,,,,,,35,108,63,4,82,452,546,602,,,,,,,,,,0,11,0,0,0,3,13,19,,,,,,,,,
183,184,297,145,70,153,326,486,351,,,,,,,,,,0,0,39,0,92,846,737,1035,,,,,,,,,,0,0,43,0,58,809,379,981,,,,,,,,,,35,108,63,4,99,452,546,610,,,,,,,,,,0,11,0,0,0,3,13,19,,,,,,,,,
184,184,297,145,70,159,326,486,359,,,,,,,,,,0,0,39,0,92,846,737,1045,,,,,,,,,,0,0,43,0,58,809,379,991,,,,,,,,,,35,108,63,4,99,452,546,616,,,,,,,,,,0,11,0,0,0,3,13,19,,,,,,,,,
185,184,297,145,70,161,326,490,367,,,,,,,,,,0,0,39,0,92,846,737,1054,,,,,,,,,,0,0,43,0,58,809,379,1000,,,,,,,,,,35,108,63,4,99,453,546,625,,,,,,,,,,0,11,0,0,0,3,13,20,,,,,,,,,
186,184,302,145,70,166,333,498,374,,,,,,,,,,0,0,39,0,92,853,737,1063,,,,,,,,,,0,0,43,0,58,809,379,1009,,,,,,,,,,35,108,63,4,99,465,553,635,,,,,,,,,,0,11,0,0,0,3,13,24,,,,,,,,,
187,184,319,145,70,166,338,498,374,,,,,,,,,,0,0,39,0,92,853,741,1063,,,,,,,,,,0,0,43,0,58,809,383,1009,,,,,,,,,,35,123,63,4,99,469,556,635,,,,,,,,,,0,11,0,0,0,3,13,24,,,,,,,,,
188,184,323,145,70,166,350,498,379,,,,,,,,,,0,0,39,0,92,864,741,1063,,,,,,,,,,0,0,43,0,58,820,383,1009,,,,,,,,,,35,123,63,4,99,479,556,641,,,,,,,,,,0,11,0,0,0,3,13,24,,,,,,,,,
189,184,323,145,70,166,366,498,379,,,,,,,,,,0,0,39,0,92,873,741,1063,,,,,,,,,,0,0,43,0,58,829,383,1009,,,,,,,,,,35,123,63,4,99,490,560,642,,,,,,,,,,0,11,0,0,0,3,13,24,,,,,,,,,
190,184,323,145,70,166,366,498,379,,,,,,,,,,0,0,39,0,92,873,741,1063,,,,,,,,,,0,0,43,0,58,829,383,1009,,,,,,,,,,35,123,63,4,99,490,562,642,,,,,,,,,,0,11,0,0,0,3,13,24,,,,,,,,,
191,184,323,145,70,166,366,498,379,,,,,,,,,,0,0,39,0,92,873,741,1063,,,,,,,,,,0,0,43,0,58,829,383,1009,,,,,,,,,,35,123,63,4,99,490,562,642,,,,,,,,,,0,11,0,0,0,3,13,24,,,,,,,,,
192,184,323,145,70,166,366,498,384,,,,,,,,,,0,0,39,0,92,873,741,1069,,,,,,,,,,0,0,43,0,58,829,383,1014,,,,,,,,,,35,123,63,4,99,490,562,647,,,,,,,,,,0,11,0,0,0,3,13,24,,,,,,,,,
193,184,323,145,70,166,366,502,391,,,,,,,,,,0,0,39,0,92,873,742,1077,,,,,,,,,,0,0,43,0,58,829,384,1021,,,,,,,,,,35,123,63,4,99,490,566,655,,,,,,,,,,0,11,0,0,0,3,13,24,,,,,,,,,
194,184,323,145,70,166,366,507,391,,,,,,,,,,0,0,39,0,92,873,747,1077,,,,,,,,,,0,0,43,0,58,829,389,1021,,,,,,,,,,35,123,63,4,99,490,571,655,,,,,,,,,,0,11,0,0,0,3,13,24,,,,,,,,,
195,184,323,145,70,166,373,507,391,,,,,,,,,,0,0,39,0,92,879,747,1077,,,,,,,,,,0,0,43,0,58,833,389,1021,,,,,,,,,,35,123,63,4,99,497,571,655,,,,,,,,,,0,11,0,0,0,3,13,24,,,,,,,,,
196,184,323,145,70,172,383,507,391,,,,,,,,,,0,0,39,0,92,888,747,1077,,,,,,,,,,0,0,43,0,58,842,389,1021,,,,,,,,,,35,123,64,4,105,507,571,655,,,,,,,,,,0,11,0,0,0,3,13,24,,,,,,,,,
197,184,323,145,74,187,386,507,391,,,,,,,,,,0,0,39,0,92,888,747,1077,,,,,,,,,,0,0,43,0,58,842,389,1021,,,,,,,,,,35,123,64,4,120,507,571,655,,,,,,,,,,0,11,0,0,0,3,13,24,,,,,,,,,
198,184,323,145,74,190,392,507,391,,,,,,,,,,0,0,39,0,92,888,747,1077,,,,,,,,,,0,0,43,0,58,842,389,1021,,,,,,,,,,35,123,64,4,120,511,571,655,,,,,,,,,,0,11,0,0,0,3,13,24,,,,,,,,,
199,184,323,149,74,190,392,507,398,,,,,,,,,,0,0,39,0,92,888,747,1082,,,,,,,,,,0,0,43,0,58,842,389,1026,,,,,,,,,,35,123,68,4,120,511,571,660,,,,,,,,,,0,11,0,0,0,3,13,24,,,,,,,,,
200,184,323,149,74,190,392,511,406,,,,,,,,,,0,0,39,0,92,888,754,1090,,,,,,,,,,0,0,43,0,58,842,396,1034,,,,,,,,,,35,123,68,4,120,511,575,669,,,,,,,,,,0,11,0,0,0,3,13,24,,,,,,,,,
201,184,323,149,74,190,392,514,409,,,,,,,,,,0,0,39,0,92,888,764,1090,,,,,,,,,,0,0,43,0,58,842,406,1034,,,,,,,,,,35,123,68,4,120,511,583,672,,,,,,,,,,0,11,0,0,0,3,13,24,,,,,,,,,
202,184,323,149,74,190,397,514,409,,,,,,,,,,0,0,39,0,92,894,764,1090,,,,,,,,,,0,0,43,0,58,848,406,1034,,,,,,,,,,35,123,68,4,120,514,585,673,,,,,,,,,,0,11,0,0,0,3,13,24,,,,,,,,,
203,184,323,149,74,190,404,515,409,,,,,,,,,,0,0,39,0,92,904,764,1090,,,,,,,,,,0,0,43,0,58,858,406,1034,,,,,,,,,,35,123,68,4,120,524,585,673,,,,,,,,,,0,11,0,0,0,3,13,24,,,,,,,,,
204,184,323,149,74,199,404,515,409,,,,,,,,,,0,0,39,0,97,904,764,1090,,,,,,,,,,0,0,43,0,59,858,406,1034,,,,,,,,,,35,123,68,4,128,524,585,673,,,,,,,,,,0,11,0,0,0,3,13,24,,,,,,,,,
205,184,323,149,74,199,404,515,409,,,,,,,,,,0,0,39,0,97,904,764,1090,,,,,,,,,,0,0,43,0,59,858,406,1034,,,,,,,,,,35,123,68,4,128,524,585,673,,,,,,,,,,0,11,0,0,0,3,13,24,,,,,,,,,
206,184,323,149,74,199,407,515,409,,,,,,,,,,0,0,39,0,97,904,770,1090,,,,,,,,,,0,0,43,0,59,858,410,1034,,,,,,,,,,35,123,68,4,128,525,585,673,,,,,,,,,,0,11,0,0,0,3,13,24,,,,,,,,,
207,184,323,149,74,199,407,515,409,,,,,,,,,,0,0,39,0,97,904,779,1090,,,,,,,,,,0,0,43,0,59,858,419,1034,,,,,,,,,,35,123,68,4,128,525,585,673,,,,,,,,,,0,11,0,0,0,3,13,24,,,,,,,,,
208,184,328,149,74,199,407,515,409,,,,,,,,,,0,0,39,0,97,904,788,1090,,,,,,,,,,0,0,43,0,59,858,428,1034,,,,,,,,,,35,123,68,4,128,525,585,673,,,,,,,,,,0,11,0,0,0,3,13,24,,,,,,,,,
209,184,328,149,74,199,407,515,409,,,,,,,,,,0,0,39,0,97,904,793,1090,,,,,,,,,,0,0,43,0,59,858,433,1034,,,,,,,,,,35,123,68,4,128,525,585,673,,,,,,,,,,0,11,0,0,0,3,13,24,,,,,,,,,
210,184,329,155,74,199,415,515,409,,,,,,,,,,0,0,39,0,97,912,799,1090,,,,,,,,,,0,0,43,0,59,866,439,1034,,,,,,,,,,35,123,69,4,128,533,585,673,,,,,,,,,,0,11,0,0,0,3,13,24,,,,,,,,,
211,184,333,155,74,207,420,515,409,,,,,,,,,,0,0,39,0,97,912,799,1090,,,,,,,,,,0,0,43,0,59,866,439,1034,,,,,,,,,,35,123,71,4,134,536,585,673,,,,,,,,,,0,11,0,0,0,3,13,24,,,,,,,,,
212,184,333,162,74,207,422,515,409,,,,,,,,,,0,0,39,0,97,912,799,1090,,,,,,,,,,0,0,43,0,59,866,439,1034,,,,,,,,,,35,123,75,4,134,538,585,673,,,,,,,,,,0,11,0,0,0,3,13,24,,,,,,,,,
213,184,333,162,74,207,422,515,409,,,,,,,,,,0,0,39,0,97,912,799,1090,,,,,,,,,,0,0,43,0,59,866,439,1034,,,,,,,,,,35,123,75,4,134,538,585,673,,,,,,,,,,0,11,0,0,0,3,13,24,,,,,,,,,
214,184,333,162,74,207,422,518,409,,,,,,,,,,0,0,39,0,97,912,806,1090,,,,,,,,,,0,0,43,0,59,866,446,1034,,,,,,,,,,35,123,75,4,134,538,589,673,,,,,,,,,,0,11,0,0,0,3,13,24,,,,,,,,,
215,184,333,162,74,207,422,526,409,,,,,,,,,,0,0,39,0,97,912,816,1090,,,,,,,,,,0,0,43,0,59,866,456,1034,,,,,,,,,,35,123,75,4,135,538,598,673,,,,,,,,,,0,11,0,0,0,3,13,24,,,,,,,,,
216,184,333,162,74,207,422,528,409,,,,,,,,,,0,0,39,0,97,912,816,1090,,,,,,,,,,0,0,43,0,59,866,456,1034,,,,,,,,,,35,123,75,4,135,538,601,673,,,,,,,,,,0,11,0,0,0,3,13,24,,,,,,,,,
217,184,333,162,74,207,426,536,409,,,,,,,,,,0,0,39,0,97,913,819,1090,,,,,,,,,,0,0,43,0,59,867,459,1034,,,,,,,,,,35,123,76,4,135,542,616,673,,,,,,,,,,0,11,0,0,0,3,13,24,,,,,,,,,
218,184,333,162,74,207,426,543,409,,,,,,,,,,0,0,39,0,103,913,819,1090,,,,,,,,,,0,0,43,0,59,867,459,1034,,,,,,,,,,35,123,83,4,142,542,622,673,,,,,,,,,,0,11,0,0,0,3,13,24,,,,,,,,,
219,184,333,162,74,218,426,548,409,,,,,,,,,,0,0,40,0,103,913,819,1090,,,,,,,,,,0,0,44,0,59,867,459,1034,,,,,,,,,,35,123,85,4,142,542,627,673,,,,,,,,,,0,11,0,0,0,3,13,24,,,,,,,,,
220,184,333,178,74,233,426,552,409,,,,,,,,,,0,0,40,0,103,913,820,1090,,,,,,,,,,0,0,44,0,59,867,459,1034,,,,,,,,,,35,123,102,4,142,542,631,673,,,,,,,,,,0,11,0,0,0,3,13,24,,,,,,,,,
221,184,333,178,74,233,426,559,409,,,,,,,,,,0,0,40,0,103,913,827,1090,,,,,,,,,,0,0,44,0,59,867,466,1034,,,,,,,,,,35,123,102,4,142,544,638,673,,,,,,,,,,0,11,0,0,0,3,13,24,,,,,,,,,
222,190,333,178,74,233,432,567,409,,,,,,,,,,0,0,40,0,103,913,835,1090,,,,,,,,,,0,0,44,0,59,867,474,1034,,,,,,,,,,35,123,102,4,142,553,646,673,,,,,,,,,,0,11,0,0,0,3,13,24,,,,,,,,,
223,196,333,178,74,233,441,570,409,,,,,,,,,,0,0,40,0,103,917,835,1090,,,,,,,,,,0,0,44,0,59,871,474,1034,,,,,,,,,,35,123,102,4,142,562,649,673,,,,,,,,,,0,11,0,0,0,3,13,24,,,,,,,,,
224,196,333,178,74,233,449,570,409,,,,,,,,,,0,0,40,0,103,924,835,1090,,,,,,,,,,0,0,44,0,59,878,474,1034,,,,,,,,,,35,123,102,4,142,570,649,673,,,,,,,,,,0,11,0,0,0,3,13,24,,,,,,,,,
225,196,333,178,74,233,449,570,409,,,,,,,,,,0,0,40,0,103,924,835,1090,,,,,,,,,,0,0,44,0,59,878,474,1034,,,,,,,,,,35,123,102,4,142,572,649,673,,,,,,,,,,0,11,0,0,0,3,13,24,,,,,,,,,
226,196,333,179,74,233,449,570,409,,,,,,,,,,0,0,40,0,103,924,835,1090,,,,,,,,,,0,0,44,0,59,878,474,1034,,,,,,,,,,35,123,102,4,142,572,649,673,,,,,,,,,,0,11,0,0,0,3,13,24,,,,,,,,,
227,196,333,179,74,233,449,573,409,,,,,,,,,,0,0,40,0,103,924,838,1090,,,,,,,,,,0,0,44,0,59,878,477,1034,,,,,,,,,,35,123,102,4,142,572,652,673,,,,,,,,,,0,11,0,0,0,3,13,24,,,,,,,,,
228,196,333,179,74,233,451,578,409,,,,,,,,,,0,0,40,0,103,931,841,1090,,,,,,,,,,0,0,44,0,59,885,478,1034,,,,,,,,,,35,123,104,4,142,574,656,673,,,,,,,,,,0,11,0,0,0,3,13,24,,,,,,,,,
229,196,333,179,74,233,451,583,409,,,,,,,,,,0,0,40,0,103,931,846,1090,,,,,,,,,,0,0,44,0,59,885,482,1034,,,,,,,,,,35,123,104,4,142,574,661,673,,,,,,,,,,0,11,0,0,0,3,13,24,,,,,,,,,
230,196,333,179,74,233,451,583,409,,,,,,,,,,0,0,40,0,103,931,846,1090,,,,,,,,,,0,0,44,0,59,885,482,1034,,,,,,,,,,35,123,104,4,142,574,661,673,,,,,,,,,,0,11,0,0,0,3,13,24,,,,,,,,,
231,196,333,179,74,233,451,583,409,,,,,,,,,,0,0,40,0,103,939,846,1090,,,,,,,,,,0,0,44,0,59,893,482,1034,,,,,,,,,,35,123,104,4,142,576,661,673,,,,,,,,,,0,11,0,0,0,3,13,24,,,,,,,,,
232,196,333,179,74,233,451,583,409,,,,,,,,,,0,0,40,0,103,939,846,1090,,,,,,,,,,0,0,44,0,59,893,482,1034,,,,,,,,,,35,123,104,4,142,576,661,673,,,,,,,,,,0,11,0,0,0,3,13,24,,,,,,,,,
233,196,333,179,74,233,451,583,409,,,,,,,,,,0,0,40,0,103,939,846,1090,,,,,,,,,,0,0,44,0,59,893,482,1034,,,,,,,,,,35,123,104,4,142,576,661,673,,,,,,,,,,0,11,0,0,0,3,13,24,,,,,,,,,
234,196,333,179,74,233,458,584,409,,,,,,,,,,0,0,40,0,103,939,846,1090,,,,,,,,,,0,0,44,0,59,893,482,1034,,,,,,,,,,35,123,104,4,142,580,661,673,,,,,,,,,,0,11,0,0,0,3,13,24,,,,,,,,,
235,196,333,179,74,233,464,586,409,,,,,,,,,,0,0,40,0,103,939,848,1090,,,,,,,,,,0,0,44,0,59,893,483,1034,,,,,,,,,,35,123,104,4,142,588,663,673,,,,,,,,,,0,11,0,0,0,3,13,24,,,,,,,,,
236,196,339,179,74,233,472,593,409,,,,,,,,,,0,0,40,0,103,939,855,1090,,,,,,,,,,0,0,44,0,59,893,490,1034,,,,,,,,,,35,123,104,4,142,596,670,673,,,,,,,,,,0,11,0,0,0,3,13,24,,,,,,,,,
237,196,339,179,74,233,482,593,409,,,,,,,,,,0,0,40,0,103,946,855,1090,,,,,,,,,,0,0,44,0,59,898,490,1034,,,,,,,,,,35,123,104,4,142,603,670,673,,,,,,,,,,0,11,0,0,0,3,13,24,,,,,,,,,
238,196,339,179,74,233,497,593,409,,,,,,,,,,0,0,40,0,103,955,855,1090,,,,,,,,,,0,0,44,0,59,907,490,1034,,,,,,,,,,35,123,104,4,142,615,670,673,,,,,,,,,,0,11,0,0,0,3,13,24,,,,,,,,,
239,196,342,179,74,233,497,593,409,,,,,,,,,,0,0,40,0,110,955,855,1090,,,,,,,,,,0,0,44,0,66,907,490,1034,,,,,,,,,,35,123,104,4,142,615,670,673,,,,,,,,,,0,11,0,0,0,3,13,24,,,,,,,,,
240,196,342,179,74,233,497,593,409,,,,,,,,,,0,0,40,0,110,955,858,1090,,,,,,,,,,0,0,44,0,66,907,493,1034,,,,,,,,,,35,123,104,4,142,615,673,673,,,,,,,,,,0,11,0,0,0,3,13,24,,,,,,,,,
241,196,342,179,74,233,497,593,409,,,,,,,,,,0,0,40,0,110,955,865,1090,,,,,,,,,,0,0,44,0,66,907,500,1034,,,,,,,,,,35,123,104,4,142,615,677,673,,,,,,,,,,0,11,0,0,0,3,13,24,,,,,,,,,
242,196,342,179,74,233,497,597,409,,,,,,,,,,0,0,40,0,110,955,872,1090,,,,,,,,,,0,0,44,0,66,907,506,1034,,,,,,,,,,35,123,104,4,142,615,681,673,,,,,,,,,,0,11,0,0,0,3,13,24,,,,,,,,,
243,196,342,179,74,233,497,603,409,,,,,,,,,,0,0,40,0,110,955,881,1090,,,,,,,,,,0,0,44,0,66,907,515,1034,,,,,,,,,,35,123,104,4,142,615,687,673,,,,,,,,,,0,11,0,0,0,3,13,24,,,,,,,,,
244,196,342,179,74,233,500,603,409,,,,,,,,,,0,0,40,0,110,955,888,1090,,,,,,,,,,0,0,44,0,66,907,522,1034,,,,,,,,,,35,123,104,4,142,615,688,673,,,,,,,,,,0,11,0,0,0,3,13,24,,,,,,,,,
245,196,342,179,74,233,505,603,409,,,,,,,,,,0,0,40,0,110,955,890,1090,,,,,,,,,,0,0,44,0,66,907,522,1034,,,,,,,,,,35,123,104,4,142,615,690,673,,,,,,,,,,0,11,0,0,0,3,13,24,,,,,,,,,
246,196,342,179,74,233,505,608,409,,,,,,,,,,0,0,40,0,110,955,898,1090,,,,,,,,,,0,0,44,0,66,907,528,1034,,,,,,,,,,35,123,104,4,142,615,698,673,,,,,,,,,,0,11,0,0,0,3,13,24,,,,,,,,,
247,196,342,179,74,233,505,608,409,,,,,,,,,,0,0,40,0,110,955,898,1090,,,,,,,,,,0,0,44,0,66,907,528,1034,,,,,,,,,,35,123,104,4,142,615,698,673,,,,,,,,,,0,11,0,0,0,3,13,24,,,,,,,,,
248,196,342,179,74,233,505,608,409,,,,,,,,,,0,0,40,0,110,955,900,1090,,,,,,,,,,0,0,44,0,66,907,528,1034,,,,,,,,,,35,123,104,4,142,615,698,673,,,,,,,,,,0,11,0,0,0,3,13,24,,,,,,,,,
249,196,342,179,74,233,511,613,409,,,,,,,,,,0,0,40,0,110,955,908,1090,,,,,,,,,,0,0,44,0,66,907,536,1034,,,,,,,,,,35,123,104,4,142,615,707,673,,,,,,,,,,0,11,0,0,0,3,13,24,,,,,,,,,
250,196,342,179,74,233,511,622,409,,,,,,,,,,0,0,40,0,110,955,914,1090,,,,,,,,,,0,0,44,0,66,907,542,1034,,,,,,,,,,35,123,104,4,142,615,721,673,,,,,,,,,,0,11,0,0,0,3,13,24,,,,,,,,,
251,196,342,179,74,233,512,622,409,,,,,,,,,,0,0,40,0,110,956,914,1090,,,,,,,,,,0,0,44,0,66,907,542,1034,,,,,,,,,,35,123,104,4,142,616,721,673,,,,,,,,,,0,11,0,0,0,3,13,24,,,,,,,,,
252,196,342,179,74,233,515,622,409,,,,,,,,,,0,0,40,0,110,963,914,1090,,,,,,,,,,0,0,44,0,66,914,542,1034,,,,,,,,,,35,123,104,4,142,620,721,673,,,,,,,,,,0,11,0,0,0,3,13,24,,,,,,,,,
253,196,342,179,74,235,515,622,409,,,,,,,,,,0,0,40,0,110,963,920,1090,,,,,,,,,,0,0,44,0,66,914,548,1034,,,,,,,,,,35,123,104,4,144,620,727,673,,,,,,,,,,0,11,0,0,0,3,13,24,,,,,,,,,
254,196,342,179,74,235,520,626,409,,,,,,,,,,0,0,40,0,110,963,928,1090,,,,,,,,,,0,0,44,0,66,914,553,1034,,,,,,,,,,35,123,104,4,144,621,739,673,,,,,,,,,,0,11,0,0,0,3,13,24,,,,,,,,,
255,196,342,179,74,235,520,632,409,,,,,,,,,,0,0,40,0,110,963,929,1090,,,,,,,,,,0,0,44,0,66,914,553,1034,,,,,,,,,,35,123,104,4,144,625,746,673,,,,,,,,,,0,11,0,0,0,3,13,24,,,,,,,,,
256,196,344,179,74,235,520,636,409,,,,,,,,,,0,0,40,0,110,963,935,1090,,,,,,,,,,0,0,44,0,66,914,559,1034,,,,,,,,,,35,123,104,4,144,625,752,673,,,,,,,,,,0,11,0,0,0,3,13,24,,,,,,,,,
257,196,349,179,74,235,520,639,409,,,,,,,,,,0,0,40,0,110,970,941,1090,,,,,,,,,,0,0,44,0,66,921,565,1034,,,,,,,,,,35,123,104,4,144,625,757,673,,,,,,,,,,0,11,0,0,0,3,13,24,,,,,,,,,
258,200,349,179,74,235,524,654,409,,,,,,,,,,0,0,40,0,110,976,941,1090,,,,,,,,,,0,0,44,0,66,927,565,1034,,,,,,,,,,35,123,104,4,144,627,771,673,,,,,,,,,,0,11,0,0,0,3,13,24,,,,,,,,,
259,200,349,179,74,235,529,667,409,,,,,,,,,,0,0,40,0,110,985,941,1090,,,,,,,,,,0,0,44,0,66,936,565,1034,,,,,,,,,,35,123,104,4,144,633,779,673,,,,,,,,,,0,11,0,0,0,3,13,24,,,,,,,,,
260,200,349,179,74,235,529,667,409,,,,,,,,,,0,0,40,0,110,992,941,1090,,,,,,,,,,0,0,44,0,66,942,565,1034,,,,,,,,,,35,123,104,4,144,637,780,673,,,,,,,,,,0,11,0,0,0,3,13,24,,,,,,,,,
261,200,349,179,74,236,529,671,409,,,,,,,,,,0,0,40,0,110,999,941,1090,,,,,,,,,,0,0,44,0,66,949,565,1034,,,,,,,,,,35,123,104,4,145,644,784,673,,,,,,,,,,0,11,0,0,0,3,13,24,,,,,,,,,
262,200,349,179,74,248,531,674,409,,,,,,,,,,0,0,40,0,110,999,941,1090,,,,,,,,,,0,0,44,0,66,949,565,1034,,,,,,,,,,35,123,104,4,153,647,788,673,,,,,,,,,,0,11,0,0,0,3,13,24,,,,,,,,,
263,200,349,179,74,255,533,679,409,,,,,,,,,,0,0,40,0,110,999,944,1090,,,,,,,,,,0,0,44,0,66,949,566,1034,,,,,,,,,,35,123,104,4,160,650,791,673,,,,,,,,,,0,11,0,0,0,3,13,24,,,,,,,,,
264,200,349,179,74,255,535,685,409,,,,,,,,,,0,0,40,0,110,999,951,1090,,,,,,,,,,0,0,44,0,66,949,573,1034,,,,,,,,,,35,123,104,4,161,652,792,673,,,,,,,,,,0,11,0,0,0,3,13,24,,,,,,,,,
265,200,349,179,74,255,538,685,409,,,,,,,,,,0,0,40,0,110,999,958,1090,,,,,,,,,,0,0,44,0,66,949,580,1034,,,,,,,,,,35,123,104,4,162,655,799,673,,,,,,,,,,0,11,0,0,0,3,13,24,,,,,,,,,
266,200,349,181,74,255,540,685,409,,,,,,,,,,0,0,40,0,110,1001,964,1090,,,,,,,,,,0,0,44,0,66,951,583,1034,,,,,,,,,,35,123,104,4,162,657,808,673,,,,,,,,,,0,11,0,0,0,3,13,24,,,,,,,,,
267,200,349,181,74,260,540,685,409,,,,,,,,,,0,0,40,0,115,1001,968,1090,,,,,,,,,,0,0,44,0,66,951,584,1034,,,,,,,,,,35,123,104,4,167,657,816,673,,,,,,,,,,0,11,0,0,0,3,13,24,,,,,,,,,
268,200,349,181,74,262,540,685,409,,,,,,,,,,0,0,40,0,115,1001,968,1090,,,,,,,,,,0,0,44,0,66,951,584,1034,,,,,,,,,,35,123,104,4,169,657,816,673,,,,,,,,,,0,11,0,0,0,3,13,24,,,,,,,,,
269,200,349,181,74,262,540,685,409,,,,,,,,,,0,0,40,0,115,1001,968,1090,,,,,,,,,,0,0,44,0,66,951,584,1034,,,,,,,,,,35,123,104,4,169,658,816,673,,,,,,,,,,0,11,0,0,0,3,13,24,,,,,,,,,
270,200,350,181,74,262,542,685,409,,,,,,,,,,0,0,40,0,115,1007,968,1090,,,,,,,,,,0,0,44,0,66,957,584,1034,,,,,,,,,,35,123,104,4,169,661,816,673,,,,,,,,,,0,11,0,0,0,3,13,24,,,,,,,,,
271,203,350,181,74,262,554,685,409,,,,,,,,,,0,0,40,0,115,1015,968,1090,,,,,,,,,,0,0,44,0,66,965,584,1034,,,,,,,,,,35,123,104,4,169,672,816,673,,,,,,,,,,0,11,0,0,0,3,13,24,,,,,,,,,
272,208,350,181,74,262,558,685,409,,,,,,,,,,0,0,40,0,115,1022,968,1090,,,,,,,,,,0,0,44,0,66,972,584,1034,,,,,,,,,,36,123,104,4,169,676,816,673,,,,,,,,,,0,11,0,0,0,3,13,24,,,,,,,,,
273,212,350,181,74,262,563,685,409,,,,,,,,,,0,0,40,0,115,1030,968,1090,,,,,,,,,,0,0,44,0,66,980,584,1034,,,,,,,,,,36,123,104,4,169,684,816,673,,,,,,,,,,0,11,0,0,0,4,13,24,,,,,,,,,
274,212,350,181,74,265,564,685,409,,,,,,,,,,0,0,40,0,115,1030,968,1090,,,,,,,,,,0,0,44,0,66,980,584,1034,,,,,,,,,,36,123,104,4,172,697,816,673,,,,,,,,,,0,11,0,0,0,4,13,24,,,,,,,,,
275,212,350,183,74,265,567,685,409,,,,,,,,,,0,0,40,0,115,1030,968,1090,,,,,,,,,,0,0,44,0,66,980,584,1034,,,,,,,,,,36,123,105,4,172,701,816,673,,,,,,,,,,0,11,0,0,0,4,13,24,,,,,,,,,
276,212,353,190,74,272,567,687,409,,,,,,,,,,0,0,40,0,115,1030,968,1090,,,,,,,,,,0,0,44,0,66,980,584,1034,,,,,,,,,,36,123,110,4,175,701,816,673,,,,,,,,,,0,11,0,0,0,4,13,24,,,,,,,,,
277,212,359,190,74,272,567,709,409,,,,,,,,,,0,0,40,0,115,1030,975,1090,,,,,,,,,,0,0,44,0,66,980,591,1034,,,,,,,,,,36,123,110,4,175,701,828,673,,,,,,,,,,0,11,0,0,0,4,13,24,,,,,,,,,
278,212,367,190,77,272,567,725,409,,,,,,,,,,0,0,40,0,115,1030,983,1090,,,,,,,,,,0,0,44,0,66,980,599,1034,,,,,,,,,,36,123,110,4,175,701,840,673,,,,,,,,,,0,11,0,0,0,4,13,24,,,,,,,,,
279,212,367,190,80,275,567,725,409,,,,,,,,,,0,0,40,0,115,1035,983,1090,,,,,,,,,,0,0,44,0,66,985,599,1034,,,,,,,,,,36,123,110,4,175,702,840,673,,,,,,,,,,0,11,0,0,0,4,13,24,,,,,,,,,
280,212,367,190,80,278,570,725,409,,,,,,,,,,0,0,40,0,115,1042,983,1090,,,,,,,,,,0,0,44,0,66,992,599,1034,,,,,,,,,,36,123,110,4,176,705,840,673,,,,,,,,,,0,11,0,0,0,4,13,24,,,,,,,,,
281,212,367,190,80,278,570,725,409,,,,,,,,,,0,0,40,0,115,1042,983,1090,,,,,,,,,,0,0,44,0,66,992,599,1034,,,,,,,,,,36,123,110,4,176,705,840,673,,,,,,,,,,0,11,0,0,0,4,13,24,,,,,,,,,
282,212,367,190,80,278,570,725,409,,,,,,,,,,0,0,40,0,115,1046,983,1090,,,,,,,,,,0,0,44,0,66,996,599,1034,,,,,,,,,,36,123,110,4,176,709,840,673,,,,,,,,,,0,11,0,0,0,4,13,24,,,,,,,,,
283,212,367,190,80,278,570,725,409,,,,,,,,,,0,0,40,0,115,1048,983,1090,,,,,,,,,,0,0,44,0,66,998,599,1034,,,,,,,,,,36,123,110,4,176,714,840,673,,,,,,,,,,0,11,0,0,0,4,13,24,,,,,,,,,
284,214,367,190,80,282,570,725,409,,,,,,,,,,0,0,40,0,115,1048,983,1090,,,,,,,,,,0,0,44,0,66,998,599,1034,,,,,,,,,,36,123,110,4,176,718,840,673,,,,,,,,,,0,11,0,0,0,4,13,24,,,,,,,,,
285,216,367,190,80,282,570,725,409,,,,,,,,,,0,0,40,0,115,1048,984,1090,,,,,,,,,,0,0,44,0,66,998,600,1034,,,,,,,,,,36,123,110,4,176,718,840,673,,,,,,,,,,0,11,0,0,0,4,13,24,,,,,,,,,
286,217,367,190,80,286,572,725,409,,,,,,,,,,0,0,40,0,115,1048,984,1090,,,,,,,,,,0,0,44,0,66,998,600,1034,,,,,,,,,,36,123,110,4,177,720,840,673,,,,,,,,,,0,11,0,0,0,4,13,24,,,,,,,,,
287,217,367,190,80,298,588,725,409,,,,,,,,,,0,0,40,0,115,1051,984,1090,,,,,,,,,,0,0,44,0,66,1001,600,1034,,,,,,,,,,36,123,110,4,181,729,840,673,,,,,,,,,,0,11,0,0,0,4,13,24,,,,,,,,,
288,217,367,190,80,303,588,725,409,,,,,,,,,,0,0,40,0,115,1051,984,1090,,,,,,,,,,0,0,44,0,66,1001,600,1034,,,,,,,,,,36,123,110,4,181,729,840,673,,,,,,,,,,0,11,0,0,0,4,13,24,,,,,,,,,
289,217,367,190,80,303,588,725,409,,,,,,,,,,0,0,40,0,115,1051,984,1090,,,,,,,,,,0,0,44,0,66,1001,600,1034,,,,,,,,,,36,123,110,4,181,729,840,673,,,,,,,,,,0,11,0,0,0,4,13,24,,,,,,,,,
290,217,367,190,80,303,588,725,409,,,,,,,,,,0,0,40,0,115,1051,984,1090,,,,,,,,,,0,0,44,0,66,1001,600,1034,,,,,,,,,,36,123,110,4,181,729,840,673,,,,,,,,,,0,11,0,0,0,4,13,24,,,,,,,,,
291,217,367,190,80,303,588,725,409,,,,,,,,,,0,0,40,0,115,1053,985,1090,,,,,,,,,,0,0,44,0,66,1003,600,1034,,,,,,,,,,36,123,110,4,182,729,840,673,,,,,,,,,,0,11,0,0,0,4,13,24,,,,,,,,,
292,217,367,190,80,303,588,725,409,,,,,,,,,,0,0,40,0,115,1053,990,1090,,,,,,,,,,0,0,44,0,66,1003,605,1034,,,,,,,,,,36,123,110,4,182,729,840,673,,,,,,,,,,0,11,0,0,0,4,13,24,,,,,,,,,
293,217,367,192,80,303,588,725,409,,,,,,,,,,0,0,40,0,115,1053,992,1090,,,,,,,,,,0,0,44,0,66,1003,606,1034,,,,,,,,,,36,123,111,4,182,729,841,673,,,,,,,,,,0,11,0,0,0,4,13,24,,,,,,,,,
294,217,367,192,80,303,595,725,409,,,,,,,,,,0,0,40,0,115,1059,992,1090,,,,,,,,,,0,0,44,0,66,1007,606,1034,,,,,,,,,,36,123,114,4,182,736,841,673,,,,,,,,,,0,11,0,0,0,4,13,24,,,,,,,,,
295,217,367,192,80,303,598,725,409,,,,,,,,,,0,0,40,0,115,1059,996,1090,,,,,,,,,,0,0,44,0,66,1007,610,1034,,,,,,,,,,36,123,114,4,182,739,841,673,,,,,,,,,,0,11,0,0,0,4,13,24,,,,,,,,,
296,217,367,192,80,303,598,725,409,,,,,,,,,,0,0,40,0,115,1059,1006,1090,,,,,,,,,,0,0,44,0,66,1007,615,1034,,,,,,,,,,36,123,114,4,182,739,849,673,,,,,,,,,,0,11,0,0,0,4,13,24,,,,,,,,,
297,217,367,192,80,303,598,727,409,,,,,,,,,,0,0,40,0,115,1059,1006,1090,,,,,,,,,,0,0,44,0,66,1007,615,1034,,,,,,,,,,36,123,114,4,182,739,849,673,,,,,,,,,,0,11,0,0,0,4,13,24,,,,,,,,,
298,217,369,192,80,303,598,733,409,,,,,,,,,,0,0,40,0,115,1059,1006,1090,,,,,,,,,,0,0,44,0,66,1007,615,1034,,,,,,,,,,36,123,114,4,182,739,849,673,,,,,,,,,,0,11,0,0,0,4,13,24,,,,,,,,,
299,219,379,192,80,303,598,746,409,,,,,,,,,,0,0,40,0,115,1059,1006,1090,,,,,,,,,,0,0,44,0,66,1007,615,1034,,,,,,,,,,36,129,114,4,182,739,849,673,,,,,,,,,,0,11,0,0,0,4,13,24,,,,,,,,,
300,222,379,192,80,303,598,747,409,,,,,,,,,,0,0,40,0,115,1059,1006,1090,,,,,,,,,,0,0,44,0,66,1007,615,1034,,,,,,,,,,36,129,114,4,182,739,849,673,,,,,,,,,,0,11,0,0,0,4,13,24,,,,,,,,,
301,222,379,192,80,304,598,747,409,,,,,,,,,,0,0,40,0,118,1059,1006,1090,,,,,,,,,,0,0,44,0,69,1007,615,1034,,,,,,,,,,36,129,114,4,182,739,849,673,,,,,,,,,,0,11,0,0,0,4,13,24,,,,,,,,,
302,222,380,192,80,317,598,747,409,,,,,,,,,,0,0,40,0,130,1059,1006,1090,,,,,,,,,,0,0,44,0,81,1007,615,1034,,,,,,,,,,36,129,114,4,194,739,849,673,,,,,,,,,,0,11,0,0,0,4,13,24,,,,,,,,,
303,222,380,192,80,317,598,749,409,,,,,,,,,,0,0,40,0,130,1059,1006,1090,,,,,,,,,,0,0,44,0,81,1007,615,1034,,,,,,,,,,36,129,114,4,194,739,849,673,,,,,,,,,,0,11,0,0,0,4,13,24,,,,,,,,,
304,222,380,192,80,317,598,749,409,,,,,,,,,,0,0,40,0,130,1059,1006,1090,,,,,,,,,,0,0,44,0,81,1007,615,1034,,,,,,,,,,36,129,114,4,194,739,849,673,,,,,,,,,,0,11,0,0,0,4,13,24,,,,,,,,,
305,222,380,192,80,317,598,749,409,,,,,,,,,,0,0,40,0,135,1059,1006,1090,,,,,,,,,,0,0,44,0,86,1007,615,1034,,,,,,,,,,36,129,114,4,194,739,849,673,,,,,,,,,,0,11,0,0,0,4,13,24,,,,,,,,,
306,222,381,192,80,317,598,749,409,,,,,,,,,,0,0,40,0,138,1059,1012,1090,,,,,,,,,,0,0,44,0,89,1007,621,1034,,,,,,,,,,36,129,114,4,197,739,849,673,,,,,,,,,,0,11,0,0,0,4,13,24,,,,,,,,,
307,222,386,192,80,317,598,749,409,,,,,,,,,,0,0,40,0,142,1059,1012,1090,,,,,,,,,,0,0,44,0,93,1007,621,1034,,,,,,,,,,36,133,114,4,197,739,849,673,,,,,,,,,,0,11,0,0,0,4,13,24,,,,,,,,,
308,222,386,192,80,317,598,749,409,,,,,,,,,,0,0,40,0,151,1059,1012,1090,,,,,,,,,,0,0,44,0,102,1007,621,1034,,,,,,,,,,36,133,114,4,197,739,849,673,,,,,,,,,,0,11,0,0,0,4,13,24,,,,,,,,,
309,222,386,192,80,317,598,749,409,,,,,,,,,,0,0,40,0,167,1059,1012,1090,,,,,,,,,,0,0,44,0,118,1007,621,1034,,,,,,,,,,36,133,114,4,197,739,849,673,,,,,,,,,,0,11,0,0,0,4,13,24,,,,,,,,,
310,222,386,192,81,320,598,749,409,,,,,,,,,,0,0,40,0,167,1059,1015,1090,,,,,,,,,,0,0,44,0,118,1007,621,1034,,,,,,,,,,36,133,114,4,197,739,849,673,,,,,,,,,,0,11,0,0,0,4,13,24,,,,,,,,,
311,222,386,192,84,320,598,749,409,,,,,,,,,,0,0,40,0,167,1059,1015,1090,,,,,,,,,,0,0,44,0,118,1007,621,1034,,,,,,,,,,36,133,114,4,197,739,849,673,,,,,,,,,,0,11,0,0,0,4,13,24,,,,,,,,,
312,222,386,192,84,320,598,749,409,,,,,,,,,,0,0,40,0,167,1059,1021,1090,,,,,,,,,,0,0,44,0,118,1007,621,1034,,,,,,,,,,36,133,114,4,197,739,849,673,,,,,,,,,,0,11,0,0,0,4,13,24,,,,,,,,,
313,222,386,192,84,320,598,749,409,,,,,,,,,,0,0,40,0,167,1059,1023,1090,,,,,,,,,,0,0,44,0,118,1007,623,1034,,,,,,,,,,36,133,114,4,197,739,849,673,,,,,,,,,,0,11,0,0,0,4,13,24,,,,,,,,,
314,222,386,192,84,320,598,749,409,,,,,,,,,,0,0,40,0,167,1059,1023,1090,,,,,,,,,,0,0,44,0,118,1007,623,1034,,,,,,,,,,36,133,114,4,197,739,849,673,,,,,,,,,,0,11,0,0,0,4,13,24,,,,,,,,,
315,222,386,192,84,320,598,749,409,,,,,,,,,,0,0,40,0,167,1059,1023,1090,,,,,,,,,,0,0,44,0,118,1007,623,1034,,,,,,,,,,36,133,114,4,197,739,849,673,,,,,,,,,,0,11,0,0,0,4,13,24,,,,,,,,,
316,222,386,192,84,320,598,749,409,,,,,,,,,,0,0,40,0,167,1059,1025,1090,,,,,,,,,,0,0,44,0,118,1007,625,1034,,,,,,,,,,36,133,114,4,197,739,850,673,,,,,,,,,,0,11,0,0,0,4,13,24,,,,,,,,,
317,222,386,192,84,320,598,749,409,,,,,,,,,,0,0,40,0,167,1059,1025,1090,,,,,,,,,,0,0,44,0,118,1007,625,1034,,,,,,,,,,36,133,114,4,197,739,850,673,,,,,,,,,,0,11,0,0,0,4,13,24,,,,,,,,,
318,222,386,192,84,323,598,749,409,,,,,,,,,,0,0,40,0,167,1059,1025,1090,,,,,,,,,,0,0,44,0,118,1007,625,1034,,,,,,,,,,36,133,114,4,197,739,850,673,,,,,,,,,,0,11,0,0,0,4,13,24,,,,,,,,,
319,222,386,192,84,323,598,749,409,,,,,,,,,,0,0,40,0,167,1059,1025,1090,,,,,,,,,,0,0,44,0,118,1007,625,1034,,,,,,,,,,36,133,114,4,197,739,850,673,,,,,,,,,,0,11,0,0,0,4,13,24,,,,,,,,,
320,222,394,192,84,323,598,749,409,,,,,,,,,,0,0,40,0,167,1059,1029,1090,,,,,,,,,,0,0,44,0,118,1007,629,1034,,,,,,,,,,36,137,114,4,197,739,850,673,,,,,,,,,,0,11,0,0,0,4,13,24,,,,,,,,,
321,222,399,192,84,323,598,749,409,,,,,,,,,,0,0,40,0,167,1059,1029,1090,,,,,,,,,,0,0,44,0,118,1007,629,1034,,,,,,,,,,36,142,114,4,197,739,850,673,,,,,,,,,,0,11,0,0,0,4,13,24,,,,,,,,,
322,222,399,192,84,323,598,749,409,,,,,,,,,,0,0,40,0,167,1059,1029,1090,,,,,,,,,,0,0,44,0,118,1007,629,1034,,,,,,,,,,36,142,114,4,197,739,850,673,,,,,,,,,,0,11,0,0,0,4,13,24,,,,,,,,,
323,222,400,192,84,326,598,749,409,,,,,,,,,,0,0,40,0,167,1059,1029,1090,,,,,,,,,,0,0,44,0,118,1007,629,1034,,,,,,,,,,36,142,114,4,200,739,850,673,,,,,,,,,,0,11,0,0,0,4,13,24,,,,,,,,,
324,222,404,192,84,326,598,749,409,,,,,,,,,,0,0,40,0,167,1059,1029,1090,,,,,,,,,,0,0,44,0,118,1007,629,1034,,,,,,,,,,36,142,114,4,200,739,850,673,,,,,,,,,,0,11,0,0,0,4,13,24,,,,,,,,,
325,222,404,192,84,326,598,749,409,,,,,,,,,,0,0,40,0,167,1059,1033,1090,,,,,,,,,,0,0,44,0,118,1007,631,1034,,,,,,,,,,36,142,114,4,200,739,850,673,,,,,,,,,,0,11,0,0,0,4,13,24,,,,,,,,,
326,222,404,192,84,326,598,749,409,,,,,,,,,,0,0,40,0,167,1059,1037,1090,,,,,,,,,,0,0,44,0,118,1007,635,1034,,,,,,,,,,36,142,114,4,200,739,850,673,,,,,,,,,,0,11,0,0,0,4,13,24,,,,,,,,,
327,222,404,192,84,326,598,749,409,,,,,,,,,,0,0,40,0,167,1059,1042,1090,,,,,,,,,,0,0,44,0,118,1007,640,1034,,,,,,,,,,36,142,114,4,200,739,850,673,,,,,,,,,,0,11,0,0,0,4,13,24,,,,,,,,,
328,222,404,192,84,329,598,749,409,,,,,,,,,,0,0,40,0,167,1059,1042,1090,,,,,,,,,,0,0,44,0,118,1007,640,1034,,,,,,,,,,36,142,114,4,200,739,850,673,,,,,,,,,,0,11,0,0,0,4,13,24,,,,,,,,,
329,222,404,192,84,329,607,749,409,,,,,,,,,,0,0,40,0,167,1059,1045,1090,,,,,,,,,,0,0,44,0,118,1007,643,1034,,,,,,,,,,36,142,114,4,200,739,850,673,,,,,,,,,,0,11,0,0,0,4,13,24,,,,,,,,,
330,222,404,192,84,329,613,749,409,,,,,,,,,,0,0,40,0,167,1059,1045,1090,,,,,,,,,,0,0,44,0,118,1007,643,1034,,,,,,,,,,36,142,114,4,200,739,850,673,,,,,,,,,,0,11,0,0,0,4,13,24,,,,,,,,,
331,222,404,192,84,329,613,749,409,,,,,,,,,,0,0,40,0,167,1059,1045,1090,,,,,,,,,,0,0,44,0,118,1007,643,1034,,,,,,,,,,36,142,114,4,200,739,850,673,,,,,,,,,,0,11,0,0,0,4,13,24,,,,,,,,,
332,222,404,192,84,329,613,749,409,,,,,,,,,,0,0,40,0,167,1059,1045,1090,,,,,,,,,,0,0,44,0,118,1007,643,1034,,,,,,,,,,36,142,114,4,200,739,850,673,,,,,,,,,,0,11,0,0,0,4,13,24,,,,,,,,,
333,222,404,192,84,329,613,749,409,,,,,,,,,,0,0,40,0,167,1059,1045,1090,,,,,,,,,,0,0,44,0,118,1007,643,1034,,,,,,,,,,36,142,114,4,200,739,850,673,,,,,,,,,,0,11,0,0,0,4,13,24,,,,,,,,,
334,222,404,192,84,329,613,749,409,,,,,,,,,,0,0,40,0,167,1059,1045,1090,,,,,,,,,,0,0,44,0,118,1007,643,1034,,,,,,,,,,36,142,114,4,200,739,850,673,,,,,,,,,,0,11,0,0,0,4,13,24,,,,,,,,,
335,222,404,192,84,329,613,749,409,,,,,,,,,,0,0,40,0,167,1059,1045,1090,,,,,,,,,,0,0,44,0,118,1007,643,1034,,,,,,,,,,36,142,114,4,200,739,850,673,,,,,,,,,,0,11,0,0,0,4,13,24,,,,,,,,,
336,222,404,192,84,329,613,749,409,,,,,,,,,,0,0,40,0,167,1059,1045,1090,,,,,,,,,,0,0,44,0,118,1007,643,1034,,,,,,,,,,36,142,114,4,200,739,850,673,,,,,,,,,,0,11,0,0,0,4,13,24,,,,,,,,,
337,222,404,192,84,329,613,749,409,,,,,,,,,,0,0,40,0,167,1059,1045,1090,,,,,,,,,,0,0,44,0,118,1007,643,1034,,,,,,,,,,36,142,114,4,200,739,850,673,,,,,,,,,,0,11,0,0,0,4,13,24,,,,,,,,,
338,222,404,192,84,329,613,749,409,,,,,,,,,,0,0,40,0,167,1059,1045,1090,,,,,,,,,,0,0,44,0,118,1007,643,1034,,,,,,,,,,36,142,114,4,200,739,850,673,,,,,,,,,,0,11,0,0,0,4,13,24,,,,,,,,,
339,222,404,192,84,329,613,749,409,,,,,,,,,,0,0,40,0,167,1059,1045,1090,,,,,,,,,,0,0,44,0,118,1007,643,1034,,,,,,,,,,36,142,114,4,200,739,850,673,,,,,,,,,,0,11,0,0,0,4,13,24,,,,,,,,,
340,222,404,192,84,329,613,749,409,,,,,,,,,,0,0,40,0,167,1059,1045,1090,,,,,,,,,,0,0,44,0,118,1007,643,1034,,,,,,,,,,36,142,114,4,200,739,850,673,,,,,,,,,,0,11,0,0,0,4,13,24,,,,,,,,,
341,227,404,192,84,329,613,749,409,,,,,,,,,,0,0,40,0,167,1059,1048,1090,,,,,,,,,,0,0,44,0,118,1007,646,1034,,,,,,,,,,36,142,114,4,200,739,850,673,,,,,,,,,,0,11,0,0,0,4,13,24,,,,,,,,,
342,247,404,192,84,329,613,749,409,,,,,,,,,,0,0,40,0,167,1059,1048,1090,,,,,,,,,,0,0,44,0,118,1007,646,1034,,,,,,,,,,36,142,114,4,200,739,850,673,,,,,,,,,,0,11,0,0,0,4,13,24,,,,,,,,,
343,252,404,192,84,329,613,749,409,,,,,,,,,,0,0,40,0,167,1064,1048,1090,,,,,,,,,,0,0,44,0,118,1012,646,1034,,,,,,,,,,37,142,114,4,200,739,850,673,,,,,,,,,,0,11,0,0,0,4,13,24,,,,,,,,,
344,252,404,192,84,329,613,749,409,,,,,,,,,,0,0,40,0,167,1064,1048,1090,,,,,,,,,,0,0,44,0,118,1012,646,1034,,,,,,,,,,37,142,114,4,200,739,850,673,,,,,,,,,,0,11,0,0,0,4,13,24,,,,,,,,,
345,254,404,192,84,329,613,749,409,,,,,,,,,,0,0,40,0,167,1064,1048,1090,,,,,,,,,,0,0,44,0,118,1012,646,1034,,,,,,,,,,37,142,114,4,200,739,850,673,,,,,,,,,,0,11,0,0,0,4,13,24,,,,,,,,,
346,254,404,192,84,329,613,749,409,,,,,,,,,,0,0,40,0,167,1064,1048,1090,,,,,,,,,,0,0,44,0,118,1012,646,1034,,,,,,,,,,37,142,114,4,200,739,850,673,,,,,,,,,,0,11,0,0,0,4,13,24,,,,,,,,,
347,254,404,192,84,329,613,749,409,,,,,,,,,,0,0,40,0,167,1064,1048,1090,,,,,,,,,,0,0,44,0,118,1012,646,1034,,,,,,,,,,37,142,114,4,200,739,850,673,,,,,,,,,,0,11,0,0,0,4,13,24,,,,,,,,,
348,255,404,192,84,329,613,749,409,,,,,,,,,,0,0,40,0,167,1064,1048,1090,,,,,,,,,,0,0,44,0,118,1012,646,1034,,,,,,,,,,37,142,114,4,200,739,850,673,,,,,,,,,,0,11,0,0,0,4,13,24,,,,,,,,,
349,261,404,192,84,329,613,749,409,,,,,,,,,,0,0,40,0,167,1064,1048,1090,,,,,,,,,,0,0,44,0,118,1012,646,1034,,,,,,,,,,37,142,114,4,200,739,850,673,,,,,,,,,,0,11,0,0,0,4,13,24,,,,,,,,,
350,261,404,192,84,329,614,749,409,,,,,,,,,,0,0,40,0,167,1064,1048,1090,,,,,,,,,,0,0,44,0,118,1012,646,1034,,,,,,,,,,37,142,114,4,200,739,850,673,,,,,,,,,,0,11,0,0,0,4,13,24,,,,,,,,,
351,261,404,192,84,329,618,749,409,,,,,,,,,,0,0,40,0,167,1064,1048,1090,,,,,,,,,,0,0,44,0,118,1012,646,1034,,,,,,,,,,37,142,114,4,200,739,850,673,,,,,,,,,,0,11,0,0,0,4,13,24,,,,,,,,,
352,261,404,192,84,329,618,749,409,,,,,,,,,,0,0,40,0,167,1064,1048,1090,,,,,,,,,,0,0,44,0,118,1012,646,1034,,,,,,,,,,37,142,114,4,200,739,853,673,,,,,,,,,,0,11,0,0,0,4,13,24,,,,,,,,,
353,261,404,192,84,329,618,749,409,,,,,,,,,,0,0,40,0,167,1064,1048,1090,,,,,,,,,,0,0,44,0,118,1012,646,1034,,,,,,,,,,37,142,114,4,200,739,853,673,,,,,,,,,,0,11,0,0,0,4,13,24,,,,,,,,,
354,261,404,192,84,329,619,749,409,,,,,,,,,,0,0,40,0,167,1064,1048,1090,,,,,,,,,,0,0,44,0,118,1012,646,1034,,,,,,,,,,37,142,114,4,200,739,853,673,,,,,,,,,,0,11,0,0,0,4,13,24,,,,,,,,,
355,261,404,192,84,332,619,749,409,,,,,,,,,,1,0,40,0,167,1064,1048,1090,,,,,,,,,,6,0,44,0,118,1012,646,1034,,,,,,,,,,37,142,114,4,201,739,853,673,,,,,,,,,,0,11,0,0,0,4,13,24,,,,,,,,,
356,261,405,192,84,339,620,749,409,,,,,,,,,,9,0,40,0,167,1064,1048,1090,,,,,,,,,,16,0,44,0,118,1012,646,1034,,,,,,,,,,37,142,114,4,205,739,853,673,,,,,,,,,,0,11,0,0,0,4,13,24,,,,,,,,,
357,266,410,192,84,346,627,749,409,,,,,,,,,,9,0,40,0,167,1064,1048,1090,,,,,,,,,,16,0,44,0,118,1012,646,1034,,,,,,,,,,37,145,114,4,211,739,853,673,,,,,,,,,,0,11,0,0,0,4,13,24,,,,,,,,,
358,272,410,192,84,370,627,749,409,,,,,,,,,,10,0,40,0,167,1064,1048,1090,,,,,,,,,,17,0,44,0,118,1012,646,1034,,,,,,,,,,38,145,114,4,229,739,853,673,,,,,,,,,,0,11,0,0,0,4,13,24,,,,,,,,,
359,272,411,192,84,386,627,749,409,,,,,,,,,,10,0,40,0,167,1064,1048,1090,,,,,,,,,,17,0,44,0,118,1012,646,1034,,,,,,,,,,38,147,114,4,246,739,853,673,,,,,,,,,,0,11,0,0,0,4,13,24,,,,,,,,,
360,272,411,192,84,400,627,749,409,,,,,,,,,,10,0,40,0,167,1064,1048,1090,,,,,,,,,,17,0,44,0,118,1012,646,1034,,,,,,,,,,38,147,114,4,254,739,853,673,,,,,,,,,,0,11,0,0,0,4,13,24,,,,,,,,,
361,272,415,192,84,402,627,749,409,,,,,,,,,,10,0,40,0,167,1064,1048,1090,,,,,,,,,,17,0,44,0,118,1012,646,1034,,,,,,,,,,38,147,114,4,254,739,853,673,,,,,,,,,,0,11,0,0,0,4,13,24,,,,,,,,,
362,272,435,192,88,409,627,749,409,,,,,,,,,,10,0,40,0,167,1064,1048,1090,,,,,,,,,,17,0,44,0,118,1012,646,1034,,,,,,,,,,38,151,114,6,259,739,853,673,,,,,,,,,,0,11,0,0,0,4,13,24,,,,,,,,,
363,272,435,192,95,420,627,749,409,,,,,,,,,,10,0,40,4,167,1064,1048,1090,,,,,,,,,,17,0,44,4,118,1012,646,1034,,,,,,,,,,38,151,114,11,266,739,853,673,,,,,,,,,,0,11,0,0,0,4,13,24,,,,,,,,,
364,272,435,192,101,420,627,749,409,,,,,,,,,,10,0,40,6,167,1064,1048,1090,,,,,,,,,,17,0,44,6,118,1012,646,1034,,,,,,,,,,38,151,114,13,266,739,853,673,,,,,,,,,,0,11,0,0,0,4,13,24,,,,,,,,,
365,272,435,204,125,425,627,749,409,,,,,,,,,,10,0,40,19,171,1064,1048,1090,,,,,,,,,,17,0,44,23,122,1012,646,1034,,,,,,,,,,38,151,114,26,271,739,853,673,,,,,,,,,,0,11,0,0,0,4,13,24,,,,,,,,,
366,272,435,204,125,425,628,749,409,,,,,,,,,,10,0,40,19,171,1064,1048,1090,,,,,,,,,,17,0,44,23,122,1012,646,1034,,,,,,,,,,38,151,114,26,271,739,853,673,,,,,,,,,,0,11,0,0,0,4,13,24,,,,,,,,,
