doy,DE_2019,DE_2020,DE_2021,DE_2022,DE_2023,DE_2024,DE_2025,DE_2026,DE_2027,DE_2028,DE_2029,DE_2030,DE_2031,DE_2032,DE_2033,DE_2034,DE_2035,ES_2019,ES_2020,ES_2021,ES_2022,ES_2023,ES_2024,ES_2025,ES_2026,ES_2027,ES_2028,ES_2029,ES_2030,ES_2031,ES_2032,ES_2033,ES_2034,ES_2035,PT_2019,PT_2020,PT_2021,PT_2022,PT_2023,PT_2024,PT_2025,PT_2026,PT_2027,PT_2028,PT_2029,PT_2030,PT_2031,PT_2032,PT_2033,PT_2034,PT_2035,FR_2019,FR_2020,FR_2021,FR_2022,FR_2023,FR_2024,FR_2025,FR_2026,FR_2027,FR_2028,FR_2029,FR_2030,FR_2031,FR_2032,FR_2033,FR_2034,FR_2035,IT_2019,IT_2020,IT_2021,IT_2022,IT_2023,IT_2024,IT_2025,IT_2026,IT_2027,IT_2028,IT_2029,IT_2030,IT_2031,IT_2032,IT_2033,IT_2034,IT_2035
1,21.0,0.0,0.0,0.0,14.0,11.0,17.0,11.0,,,,,,,,,,0.0,0.0,0.0,0.0,15.0,0.0,0.0,0.0,,,,,,,,,,0.0,0.0,0.0,0.0,15.0,0.0,0.0,0.0,,,,,,,,,,0.0,0.0,0.0,0.0,13.0,11.0,0.0,0.0,,,,,,,,,,0.0,0.0,0.0,0.0,0.0,0.0,0.0,0.0,,,,,,,,,
2,27.0,0.0,0.0,1.0,14.0,12.0,17.0,12.0,,,,,,,,,,0.0,0.0,0.0,0.0,15.0,0.0,0.0,0.0,,,,,,,,,,0.0,0.0,0.0,0.0,15.0,0.0,0.0,0.0,,,,,,,,,,0.0,0.0,0.0,0.0,13.0,15.0,0.0,0.0,,,,,,,,,,0.0,0.0,0.0,0.0,0.0,0.0,0.0,0.0,,,,,,,,,
3,27.0,2.0,0.0,6.0,14.0,17.0,17.0,12.0,,,,,,,,,,0.0,0.0,0.0,0.0,15.0,0.0,0.0,0.0,,,,,,,,,,0.0,0.0,0.0,0.0,15.0,0.0,0.0,0.0,,,,,,,,,,0.0,0.0,0.0,2.0,13.0,20.0,0.0,0.0,,,,,,,,,,0.0,0.0,0.0,0.0,0.0,0.0,0.0,0.0,,,,,,,,,
4,27.0,4.0,0.0,6.0,16.0,17.0,17.0,12.0,,,,,,,,,,0.0,0.0,0.0,0.0,15.0,0.0,0.0,0.0,,,,,,,,,,0.0,0.0,0.0,0.0,15.0,0.0,0.0,0.0,,,,,,,,,,0.0,0.0,0.0,2.0,13.0,20.0,0.0,0.0,,,,,,,,,,0.0,0.0,0.0,0.0,0.0,0.0,0.0,0.0,,,,,,,,,
5,27.0,4.0,0.0,6.0,19.0,17.0,17.0,12.0,,,,,,,,,,0.0,0.0,0.0,0.0,15.0,0.0,0.0,0.0,,,,,,,,,,0.0,0.0,0.0,0.0,15.0,0.0,0.0,0.0,,,,,,,,,,0.0,0.0,0.0,2.0,13.0,20.0,0.0,0.0,,,,,,,,,,0.0,0.0,0.0,0.0,0.0,0.0,0.0,0.0,,,,,,,,,
6,27.0,4.0,0.0,6.0,19.0,17.0,17.0,12.0,,,,,,,,,,0.0,0.0,0.0,0.0,15.0,0.0,0.0,4.0,,,,,,,,,,0.0,0.0,0.0,0.0,15.0,0.0,0.0,0.0,,,,,,,,,,0.0,0.0,0.0,2.0,13.0,20.0,0.0,0.0,,,,,,,,,,0.0,0.0,0.0,0.0,0.0,0.0,0.0,0.0,,,,,,,,,
7,27.0,4.0,0.0,6.0,19.0,17.0,17.0,12.0,,,,,,,,,,0.0,0.0,0.0,0.0,15.0,0.0,0.0,4.0,,,,,,,,,,0.0,0.0,0.0,0.0,15.0,0.0,0.0,0.0,,,,,,,,,,0.0,0.0,0.0,2.0,13.0,20.0,1.0,0.0,,,,,,,,,,0.0,0.0,0.0,0.0,0.0,0.0,0.0,0.0,,,,,,,,,
8,27.0,6.0,0.0,6.0,19.0,17.0,17.0,12.0,,,,,,,,,,0.0,0.0,0.0,0.0,15.0,0.0,0.0,4.0,,,,,,,,,,0.0,0.0,0.0,0.0,15.0,0.0,0.0,0.0,,,,,,,,,,0.0,0.0,0.0,2.0,13.0,20.0,1.0,0.0,,,,,,,,,,0.0,0.0,0.0,0.0,0.0,0.0,0.0,0.0,,,,,,,,,
9,27.0,6.0,0.0,6.0,19.0,17.0,17.0,12.0,,,,,,,,,,0.0,0.0,0.0,0.0,15.0,0.0,0.0,4.0,,,,,,,,,,0.0,0.0,0.0,0.0,15.0,0.0,0.0,0.0,,,,,,,,,,0.0,0.0,0.0,2.0,13.0,20.0,1.0,0.0,,,,,,,,,,0.0,0.0,0.0,0.0,0.0,0.0,0.0,0.0,,,,,,,,,
10,27.0,6.0,0.0,6.0,19.0,17.0,17.0,12.0,,,,,,,,,,0.0,0.0,0.0,0.0,15.0,0.0,0.0,4.0,,,,,,,,,,0.0,0.0,0.0,0.0,15.0,0.0,0.0,0.0,,,,,,,,,,0.0,0.0,0.0,2.0,13.0,20.0,1.0,0.0,,,,,,,,,,0.0,0.0,0.0,0.0,0.0,0.0,0.0,0.0,,,,,,,,,
11,27.0,6.0,0.0,6.0,23.0,17.0,17.0,12.0,,,,,,,,,,0.0,0.0,0.0,0.0,15.0,0.0,0.0,4.0,,,,,,,,,,0.0,0.0,0.0,0.0,15.0,0.0,0.0,0.0,,,,,,,,,,0.0,0.0,0.0,2.0,16.0,20.0,1.0,0.0,,,,,,,,,,0.0,0.0,0.0,0.0,0.0,0.0,0.0,0.0,,,,,,,,,
12,27.0,6.0,0.0,6.0,24.0,17.0,17.0,12.0,,,,,,,,,,0.0,0.0,0.0,0.0,15.0,0.0,0.0,4.0,,,,,,,,,,0.0,0.0,0.0,0.0,15.0,0.0,0.0,0.0,,,,,,,,,,0.0,0.0,0.0,2.0,16.0,20.0,1.0,0.0,,,,,,,,,,0.0,0.0,0.0,0.0,0.0,0.0,0.0,0.0,,,,,,,,,
13,34.0,6.0,0.0,6.0,24.0,17.0,17.0,12.0,,,,,,,,,,0.0,0.0,0.0,0.0,15.0,0.0,0.0,4.0,,,,,,,,,,0.0,0.0,0.0,0.0,15.0,0.0,0.0,0.0,,,,,,,,,,0.0,0.0,0.0,2.0,16.0,20.0,1.0,0.0,,,,,,,,,,0.0,0.0,0.0,0.0,0.0,0.0,0.0,0.0,,,,,,,,,
14,38.0,6.0,0.0,6.0,24.0,17.0,17.0,12.0,,,,,,,,,,0.0,0.0,0.0,0.0,15.0,0.0,0.0,4.0,,,,,,,,,,0.0,0.0,0.0,0.0,15.0,0.0,0.0,0.0,,,,,,,,,,0.0,0.0,0.0,2.0,16.0,20.0,1.0,0.0,,,,,,,,,,0.0,0.0,0.0,0.0,0.0,0.0,0.0,0.0,,,,,,,,,
15,38.0,7.0,0.0,6.0,28.0,17.0,17.0,12.0,,,,,,,,,,0.0,0.0,0.0,0.0,15.0,0.0,0.0,4.0,,,,,,,,,,0.0,0.0,0.0,0.0,15.0,0.0,0.0,0.0,,,,,,,,,,0.0,0.0,0.0,2.0,16.0,20.0,1.0,0.0,,,,,,,,,,0.0,0.0,0.0,0.0,0.0,0.0,0.0,0.0,,,,,,,,,
16,38.0,7.0,0.0,6.0,28.0,17.0,17.0,12.0,,,,,,,,,,0.0,0.0,0.0,0.0,15.0,0.0,0.0,4.0,,,,,,,,,,0.0,0.0,0.0,0.0,15.0,0.0,0.0,0.0,,,,,,,,,,0.0,0.0,0.0,2.0,16.0,20.0,1.0,0.0,,,,,,,,,,0.0,0.0,0.0,0.0,0.0,0.0,0.0,0.0,,,,,,,,,
17,38.0,7.0,0.0,6.0,28.0,17.0,17.0,12.0,,,,,,,,,,0.0,0.0,0.0,0.0,16.0,0.0,0.0,4.0,,,,,,,,,,0.0,0.0,0.0,0.0,16.0,0.0,0.0,0.0,,,,,,,,,,0.0,0.0,0.0,2.0,16.0,20.0,1.0,0.0,,,,,,,,,,0.0,0.0,0.0,0.0,0.0,0.0,0.0,0.0,,,,,,,,,
18,38.0,7.0,0.0,6.0,28.0,17.0,17.0,12.0,,,,,,,,,,0.0,0.0,0.0,0.0,21.0,2.0,0.0,4.0,,,,,,,,,,0.0,0.0,0.0,0.0,21.0,2.0,0.0,0.0,,,,,,,,,,0.0,0.0,0.0,2.0,16.0,20.0,1.0,0.0,,,,,,,,,,0.0,0.0,0.0,0.0,0.0,0.0,0.0,0.0,,,,,,,,,
19,38.0,7.0,0.0,6.0,28.0,17.0,17.0,12.0,,,,,,,,,,0.0,0.0,0.0,0.0,21.0,2.0,0.0,4.0,,,,,,,,,,0.0,0.0,0.0,0.0,21.0,2.0,0.0,0.0,,,,,,,,,,0.0,0.0,0.0,2.0,16.0,20.0,1.0,0.0,,,,,,,,,,0.0,0.0,0.0,0.0,0.0,0.0,0.0,0.0,,,,,,,,,
20,38.0,7.0,0.0,6.0,28.0,17.0,17.0,12.0,,,,,,,,,,0.0,0.0,0.0,0.0,21.0,2.0,0.0,4.0,,,,,,,,,,0.0,0.0,0.0,0.0,21.0,2.0,0.0,0.0,,,,,,,,,,0.0,0.0,0.0,2.0,16.0,20.0,1.0,0.0,,,,,,,,,,0.0,0.0,0.0,0.0,0.0,0.0,0.0,0.0,,,,,,,,,
21,38.0,7.0,2.0,6.0,28.0,17.0,17.0,12.0,,,,,,,,,,0.0,0.0,0.0,0.0,21.0,2.0,0.0,4.0,,,,,,,,,,0.0,0.0,0.0,0.0,21.0,2.0,0.0,0.0,,,,,,,,,,0.0,0.0,0.0,2.0,16.0,20.0,1.0,0.0,,,,,,,,,,0.0,0.0,0.0,0.0,0.0,0.0,0.0,0.0,,,,,,,,,
22,38.0,7.0,2.0,6.0,28.0,17.0,17.0,12.0,,,,,,,,,,0.0,0.0,0.0,0.0,21.0,2.0,0.0,4.0,,,,,,,,,,0.0,0.0,0.0,0.0,21.0,2.0,0.0,0.0,,,,,,,,,,0.0,0.0,0.0,2.0,16.0,20.0,1.0,0.0,,,,,,,,,,0.0,0.0,0.0,0.0,0.0,0.0,0.0,0.0,,,,,,,,,
23,38.0,7.0,2.0,6.0,28.0,17.0,17.0,12.0,,,,,,,,,,0.0,0.0,0.0,0.0,21.0,2.0,0.0,6.0,,,,,,,,,,0.0,0.0,0.0,0.0,21.0,2.0,0.0,2.0,,,,,,,,,,0.0,0.0,0.0,2.0,16.0,20.0,1.0,0.0,,,,,,,,,,0.0,0.0,0.0,0.0,0.0,0.0,0.0,0.0,,,,,,,,,
24,38.0,7.0,2.0,6.0,28.0,22.0,17.0,12.0,,,,,,,,,,0.0,0.0,0.0,0.0,21.0,2.0,0.0,6.0,,,,,,,,,,0.0,0.0,0.0,0.0,21.0,2.0,0.0,2.0,,,,,,,,,,0.0,0.0,0.0,2.0,16.0,21.0,1.0,0.0,,,,,,,,,,0.0,0.0,0.0,0.0,0.0,0.0,0.0,0.0,,,,,,,,,
25,38.0,7.0,2.0,6.0,28.0,22.0,17.0,12.0,,,,,,,,,,0.0,0.0,0.0,0.0,21.0,2.0,0.0,12.0,,,,,,,,,,0.0,0.0,0.0,0.0,21.0,2.0,0.0,8.0,,,,,,,,,,0.0,0.0,0.0,2.0,16.0,21.0,1.0,0.0,,,,,,,,,,0.0,0.0,0.0,0.0,0.0,0.0,0.0,0.0,,,,,,,,,
26,38.0,7.0,2.0,6.0,28.0,22.0,17.0,12.0,,,,,,,,,,0.0,0.0,0.0,0.0,21.0,2.0,0.0,12.0,,,,,,,,,,0.0,0.0,0.0,0.0,21.0,2.0,0.0,8.0,,,,,,,,,,0.0,0.0,0.0,2.0,16.0,21.0,1.0,0.0,,,,,,,,,,0.0,0.0,0.0,0.0,0.0,0.0,0.0,0.0,,,,,,,,,
27,38.0,7.0,2.0,6.0,28.0,22.0,17.0,12.0,,,,,,,,,,0.0,0.0,0.0,0.0,21.0,2.0,1.0,12.0,,,,,,,,,,0.0,0.0,0.0,0.0,21.0,2.0,1.0,8.0,,,,,,,,,,0.0,0.0,0.0,2.0,16.0,21.0,2.0,0.0,,,,,,,,,,0.0,0.0,0.0,0.0,0.0,0.0,0.0,0.0,,,,,,,,,
28,38.0,7.0,2.0,6.0,28.0,22.0,17.0,12.0,,,,,,,,,,0.0,0.0,0.0,0.0,21.0,2.0,9.0,12.0,,,,,,,,,,0.0,0.0,0.0,0.0,21.0,2.0,9.0,8.0,,,,,,,,,,0.0,0.0,0.0,2.0,16.0,21.0,4.0,0.0,,,,,,,,,,0.0,0.0,0.0,0.0,0.0,0.0,0.0,0.0,,,,,,,,,
29,38.0,7.0,2.0,6.0,28.0,22.0,17.0,12.0,,,,,,,,,,0.0,0.0,0.0,0.0,21.0,2.0,9.0,12.0,,,,,,,,,,0.0,0.0,0.0,0.0,21.0,2.0,9.0,8.0,,,,,,,,,,0.0,0.0,0.0,2.0,16.0,21.0,4.0,0.0,,,,,,,,,,0.0,0.0,0.0,0.0,0.0,0.0,0.0,0.0,,,,,,,,,
30,38.0,8.0,2.0,6.0,28.0,22.0,17.0,12.0,,,,,,,,,,0.0,0.0,0.0,0.0,21.0,2.0,13.0,18.0,,,,,,,,,,0.0,0.0,0.0,0.0,21.0,2.0,13.0,18.0,,,,,,,,,,0.0,0.0,0.0,2.0,16.0,21.0,4.0,0.0,,,,,,,,,,0.0,0.0,0.0,0.0,0.0,0.0,0.0,0.0,,,,,,,,,
31,38.0,13.0,2.0,6.0,28.0,22.0,17.0,12.0,,,,,,,,,,0.0,0.0,6.0,0.0,21.0,2.0,13.0,35.0,,,,,,,,,,0.0,0.0,6.0,0.0,21.0,2.0,13.0,35.0,,,,,,,,,,0.0,0.0,0.0,2.0,16.0,21.0,4.0,0.0,,,,,,,,,,0.0,0.0,0.0,0.0,0.0,0.0,0.0,0.0,,,,,,,,,
32,38.0,24.0,2.0,6.0,28.0,22.0,17.0,12.0,,,,,,,,,,0.0,0.0,10.0,0.0,21.0,2.0,13.0,39.0,,,,,,,,,,0.0,0.0,10.0,0.0,21.0,2.0,13.0,47.0,,,,,,,,,,0.0,1.0,0.0,2.0,16.0,21.0,4.0,0.0,,,,,,,,,,0.0,0.0,0.0,0.0,0.0,0.0,0.0,0.0,,,,,,,,,
33,38.0,31.0,2.0,6.0,28.0,22.0,17.0,12.0,,,,,,,,,,0.0,0.0,10.0,0.0,21.0,2.0,13.0,49.0,,,,,,,,,,0.0,0.0,10.0,0.0,21.0,2.0,13.0,65.0,,,,,,,,,,0.0,1.0,0.0,2.0,16.0,21.0,4.0,0.0,,,,,,,,,,0.0,0.0,0.0,0.0,0.0,0.0,0.0,0.0,,,,,,,,,
34,38.0,31.0,2.0,6.0,28.0,22.0,17.0,12.0,,,,,,,,,,0.0,0.0,10.0,0.0,21.0,2.0,13.0,58.0,,,,,,,,,,0.0,0.0,10.0,0.0,21.0,2.0,13.0,79.0,,,,,,,,,,0.0,1.0,0.0,2.0,16.0,21.0,4.0,0.0,,,,,,,,,,0.0,0.0,0.0,0.0,0.0,0.0,0.0,0.0,,,,,,,,,
35,38.0,31.0,2.0,6.0,28.0,28.0,17.0,12.0,,,,,,,,,,0.0,0.0,10.0,0.0,21.0,2.0,13.0,60.0,,,,,,,,,,0.0,0.0,10.0,0.0,21.0,2.0,13.0,85.0,,,,,,,,,,0.0,1.0,0.0,2.0,16.0,21.0,4.0,0.0,,,,,,,,,,0.0,0.0,0.0,0.0,0.0,0.0,0.0,0.0,,,,,,,,,
36,38.0,31.0,2.0,6.0,28.0,33.0,17.0,12.0,,,,,,,,,,0.0,0.0,10.0,0.0,21.0,2.0,13.0,75.0,,,,,,,,,,0.0,0.0,10.0,0.0,21.0,2.0,13.0,102.0,,,,,,,,,,0.0,1.0,0.0,2.0,16.0,21.0,4.0,0.0,,,,,,,,,,0.0,0.0,0.0,0.0,0.0,0.0,0.0,0.0,,,,,,,,,
37,38.0,31.0,3.0,8.0,28.0,33.0,17.0,12.0,,,,,,,,,,0.0,0.0,10.0,0.0,21.0,2.0,13.0,89.0,,,,,,,,,,0.0,0.0,10.0,0.0,21.0,2.0,13.0,116.0,,,,,,,,,,0.0,1.0,0.0,2.0,16.0,21.0,4.0,0.0,,,,,,,,,,0.0,0.0,0.0,0.0,0.0,0.0,0.0,0.0,,,,,,,,,
38,38.0,31.0,11.0,8.0,28.0,33.0,17.0,12.0,,,,,,,,,,0.0,0.0,14.0,0.0,21.0,2.0,13.0,105.0,,,,,,,,,,0.0,0.0,14.0,0.0,21.0,2.0,13.0,135.0,,,,,,,,,,0.0,1.0,4.0,2.0,16.0,21.0,4.0,0.0,,,,,,,,,,0.0,0.0,0.0,0.0,0.0,0.0,0.0,0.0,,,,,,,,,
39,39.0,31.0,12.0,8.0,28.0,33.0,17.0,12.0,,,,,,,,,,0.0,0.0,14.0,0.0,21.0,2.0,13.0,123.0,,,,,,,,,,0.0,0.0,14.0,0.0,21.0,2.0,13.0,153.0,,,,,,,,,,0.0,1.0,4.0,2.0,16.0,21.0,4.0,0.0,,,,,,,,,,0.0,0.0,0.0,0.0,0.0,0.0,0.0,0.0,,,,,,,,,
40,51.0,45.0,12.0,8.0,28.0,33.0,17.0,12.0,,,,,,,,,,0.0,0.0,14.0,0.0,21.0,2.0,13.0,134.0,,,,,,,,,,0.0,0.0,15.0,0.0,21.0,2.0,13.0,166.0,,,,,,,,,,0.0,1.0,4.0,2.0,16.0,21.0,4.0,0.0,,,,,,,,,,0.0,0.0,0.0,0.0,0.0,0.0,0.0,0.0,,,,,,,,,
41,52.0,51.0,12.0,8.0,28.0,33.0,17.0,12.0,,,,,,,,,,0.0,0.0,14.0,0.0,21.0,10.0,13.0,148.0,,,,,,,,,,0.0,0.0,18.0,0.0,21.0,10.0,13.0,181.0,,,,,,,,,,0.0,1.0,4.0,2.0,16.0,21.0,4.0,0.0,,,,,,,,,,0.0,0.0,0.0,0.0,0.0,0.0,0.0,0.0,,,,,,,,,
42,56.0,54.0,12.0,8.0,28.0,33.0,17.0,12.0,,,,,,,,,,0.0,0.0,14.0,0.0,21.0,10.0,13.0,163.0,,,,,,,,,,0.0,0.0,18.0,0.0,21.0,10.0,13.0,203.0,,,,,,,,,,0.0,1.0,4.0,2.0,16.0,21.0,4.0,7.0,,,,,,,,,,0.0,0.0,0.0,0.0,0.0,0.0,0.0,0.0,,,,,,,,,
43,56.0,57.0,12.0,8.0,28.0,33.0,17.0,12.0,,,,,,,,,,0.0,0.0,14.0,0.0,21.0,10.0,13.0,178.0,,,,,,,,,,0.0,0.0,18.0,0.0,21.0,10.0,13.0,218.0,,,,,,,,,,0.0,1.0,4.0,2.0,16.0,21.0,4.0,13.0,,,,,,,,,,0.0,0.0,0.0,0.0,0.0,0.0,0.0,0.0,,,,,,,,,
44,56.0,57.0,12.0,8.0,28.0,33.0,17.0,12.0,,,,,,,,,,0.0,0.0,14.0,0.0,21.0,10.0,13.0,191.0,,,,,,,,,,0.0,0.0,18.0,0.0,21.0,10.0,13.0,236.0,,,,,,,,,,0.0,1.0,4.0,2.0,16.0,21.0,4.0,13.0,,,,,,,,,,0.0,0.0,0.0,0.0,0.0,0.0,0.0,0.0,,,,,,,,,
45,56.0,57.0,12.0,8.0,28.0,33.0,17.0,12.0,,,,,,,,,,0.0,0.0,14.0,0.0,21.0,10.0,13.0,208.0,,,,,,,,,,0.0,0.0,18.0,0.0,21.0,10.0,13.0,253.0,,,,,,,,,,0.0,1.0,4.0,2.0,16.0,21.0,4.0,14.0,,,,,,,,,,0.0,0.0,0.0,0.0,0.0,0.0,0.0,0.0,,,,,,,,,
46,56.0,59.0,12.0,8.0,28.0,33.0,17.0,12.0,,,,,,,,,,0.0,0.0,17.0,0.0,21.0,10.0,13.0,225.0,,,,,,,,,,0.0,0.0,21.0,0.0,21.0,10.0,13.0,272.0,,,,,,,,,,0.0,1.0,4.0,2.0,16.0,21.0,4.0,18.0,,,,,,,,,,0.0,0.0,0.0,0.0,0.0,0.0,0.0,0.0,,,,,,,,,
47,56.0,83.0,12.0,8.0,28.0,33.0,17.0,12.0,,,,,,,,,,0.0,0.0,17.0,0.0,21.0,10.0,13.0,238.0,,,,,,,,,,0.0,0.0,21.0,0.0,21.0,10.0,13.0,288.0,,,,,,,,,,0.0,5.0,4.0,2.0,16.0,21.0,4.0,27.0,,,,,,,,,,0.0,0.0,0.0,0.0,0.0,0.0,0.0,0.0,,,,,,,,,
48,56.0,88.0,12.0,8.0,28.0,33.0,17.0,12.0,,,,,,,,,,0.0,0.0,17.0,0.0,21.0,10.0,13.0,247.0,,,,,,,,,,0.0,0.0,21.0,0.0,21.0,10.0,13.0,297.0,,,,,,,,,,0.0,5.0,4.0,2.0,16.0,21.0,4.0,30.0,,,,,,,,,,0.0,0.0,0.0,0.0,0.0,0.0,0.0,0.0,,,,,,,,,
49,56.0,88.0,12.0,8.0,28.0,33.0,17.0,12.0,,,,,,,,,,0.0,0.0,17.0,0.0,21.0,10.0,13.0,252.0,,,,,,,,,,0.0,0.0,21.0,0.0,21.0,10.0,13.0,302.0,,,,,,,,,,0.0,5.0,4.0,2.0,16.0,21.0,4.0,31.0,,,,,,,,,,0.0,0.0,0.0,0.0,0.0,0.0,0.0,0.0,,,,,,,,,
50,56.0,88.0,12.0,15.0,28.0,33.0,17.0,12.0,,,,,,,,,,0.0,0.0,17.0,0.0,21.0,10.0,13.0,264.0,,,,,,,,,,0.0,0.0,21.0,0.0,21.0,10.0,13.0,312.0,,,,,,,,,,0.0,5.0,4.0,2.0,16.0,21.0,4.0,33.0,,,,,,,,,,0.0,0.0,0.0,0.0,0.0,0.0,0.0,0.0,,,,,,,,,
51,56.0,88.0,12.0,15.0,28.0,33.0,17.0,12.0,,,,,,,,,,0.0,0.0,29.0,0.0,21.0,10.0,13.0,271.0,,,,,,,,,,0.0,0.0,34.0,0.0,21.0,10.0,13.0,312.0,,,,,,,,,,0.0,5.0,4.0,2.0,16.0,21.0,4.0,33.0,,,,,,,,,,0.0,0.0,0.0,0.0,0.0,0.0,0.0,0.0,,,,,,,,,
52,56.0,88.0,12.0,15.0,28.0,33.0,17.0,12.0,,,,,,,,,,0.0,0.0,29.0,0.0,21.0,10.0,13.0,278.0,,,,,,,,,,0.0,0.0,34.0,0.0,21.0,10.0,13.0,318.0,,,,,,,,,,0.0,5.0,4.0,2.0,16.0,21.0,4.0,39.0,,,,,,,,,,0.0,0.0,0.0,0.0,0.0,0.0,0.0,0.0,,,,,,,,,
53,56.0,110.0,12.0,15.0,28.0,33.0,17.0,12.0,,,,,,,,,,0.0,0.0,29.0,0.0,21.0,10.0,13.0,286.0,,,,,,,,,,0.0,0.0,34.0,0.0,21.0,10.0,13.0,325.0,,,,,,,,,,0.0,5.0,4.0,2.0,16.0,21.0,4.0,47.0,,,,,,,,,,0.0,0.0,0.0,0.0,0.0,0.0,0.0,0.0,,,,,,,,,
54,56.0,119.0,12.0,15.0,28.0,36.0,17.0,12.0,,,,,,,,,,0.0,0.0,29.0,0.0,21.0,14.0,13.0,293.0,,,,,,,,,,0.0,0.0,34.0,0.0,21.0,14.0,13.0,325.0,,,,,,,,,,0.0,5.0,4.0,2.0,16.0,21.0,4.0,52.0,,,,,,,,,,0.0,0.0,0.0,0.0,0.0,0.0,0.0,0.0,,,,,,,,,
55,56.0,120.0,12.0,15.0,28.0,36.0,17.0,12.0,,,,,,,,,,0.0,0.0,29.0,0.0,21.0,20.0,13.0,300.0,,,,,,,,,,0.0,0.0,34.0,0.0,21.0,20.0,13.0,331.0,,,,,,,,,,0.0,5.0,4.0,2.0,16.0,21.0,4.0,52.0,,,,,,,,,,0.0,0.0,0.0,0.0,0.0,0.0,0.0,0.0,,,,,,,,,
56,56.0,120.0,12.0,15.0,28.0,36.0,17.0,12.0,,,,,,,,,,0.0,0.0,29.0,0.0,21.0,25.0,13.0,306.0,,,,,,,,,,0.0,0.0,34.0,0.0,21.0,25.0,13.0,331.0,,,,,,,,,,0.0,5.0,4.0,2.0,16.0,21.0,4.0,57.0,,,,,,,,,,0.0,0.0,0.0,0.0,0.0,0.0,0.0,0.0,,,,,,,,,
57,56.0,120.0,12.0,15.0,28.0,36.0,17.0,12.0,,,,,,,,,,0.0,0.0,29.0,0.0,21.0,33.0,13.0,313.0,,,,,,,,,,0.0,0.0,34.0,0.0,21.0,33.0,13.0,331.0,,,,,,,,,,0.0,5.0,4.0,2.0,16.0,21.0,4.0,63.0,,,,,,,,,,0.0,0.0,0.0,0.0,0.0,0.0,0.0,0.0,,,,,,,,,
58,56.0,120.0,12.0,15.0,28.0,36.0,17.0,15.0,,,,,,,,,,0.0,0.0,29.0,0.0,21.0,44.0,13.0,318.0,,,,,,,,,,0.0,0.0,34.0,0.0,21.0,44.0,13.0,331.0,,,,,,,,,,0.0,5.0,4.0,2.0,16.0,21.0,4.0,68.0,,,,,,,,,,0.0,0.0,0.0,0.0,0.0,0.0,0.0,0.0,,,,,,,,,
59,56.0,121.0,12.0,15.0,28.0,36.0,17.0,20.0,,,,,,,,,,0.0,0.0,29.0,0.0,21.0,51.0,13.0,325.0,,,,,,,,,,0.0,0.0,34.0,0.0,21.0,51.0,13.0,338.0,,,,,,,,,,0.0,5.0,4.0,2.0,16.0,21.0,4.0,73.0,,,,,,,,,,0.0,0.0,0.0,0.0,0.0,0.0,0.0,0.0,,,,,,,,,
60,56.0,122.0,12.0,15.0,28.0,36.0,17.0,25.0,,,,,,,,,,0.0,0.0,29.0,0.0,21.0,58.0,13.0,333.0,,,,,,,,,,0.0,0.0,34.0,0.0,21.0,58.0,13.0,346.0,,,,,,,,,,0.0,5.0,4.0,2.0,16.0,21.0,4.0,79.0,,,,,,,,,,0.0,0.0,0.0,0.0,0.0,0.0,0.0,0.0,,,,,,,,,
61,56.0,137.0,12.0,15.0,28.0,36.0,17.0,25.0,,,,,,,,,,0.0,0.0,29.0,0.0,21.0,71.0,13.0,338.0,,,,,,,,,,0.0,0.0,34.0,0.0,21.0,71.0,13.0,351.0,,,,,,,,,,0.0,5.0,4.0,2.0,16.0,21.0,4.0,80.0,,,,,,,,,,0.0,0.0,0.0,0.0,0.0,0.0,0.0,0.0,,,,,,,,,
62,64.0,137.0,12.0,15.0,28.0,36.0,19.0,25.0,,,,,,,,,,0.0,0.0,29.0,0.0,21.0,81.0,13.0,339.0,,,,,,,,,,0.0,0.0,34.0,0.0,21.0,81.0,13.0,352.0,,,,,,,,,,0.0,5.0,4.0,2.0,16.0,21.0,4.0,80.0,,,,,,,,,,0.0,0.0,0.0,0.0,0.0,0.0,0.0,0.0,,,,,,,,,
63,72.0,137.0,12.0,15.0,28.0,36.0,19.0,25.0,,,,,,,,,,0.0,0.0,29.0,0.0,21.0,98.0,13.0,339.0,,,,,,,,,,0.0,0.0,34.0,0.0,21.0,98.0,13.0,352.0,,,,,,,,,,0.0,5.0,4.0,2.0,16.0,21.0,4.0,80.0,,,,,,,,,,0.0,0.0,0.0,0.0,0.0,0.0,0.0,0.0,,,,,,,,,
64,76.0,137.0,12.0,15.0,28.0,36.0,24.0,25.0,,,,,,,,,,0.0,0.0,29.0,0.0,21.0,98.0,13.0,339.0,,,,,,,,,,0.0,0.0,34.0,0.0,21.0,98.0,13.0,352.0,,,,,,,,,,0.0,5.0,4.0,2.0,16.0,21.0,5.0,80.0,,,,,,,,,,0.0,0.0,0.0,0.0,0.0,0.0,0.0,0.0,,,,,,,,,
65,76.0,137.0,12.0,15.0,28.0,36.0,26.0,25.0,,,,,,,,,,0.0,0.0,29.0,0.0,21.0,98.0,13.0,339.0,,,,,,,,,,0.0,0.0,34.0,0.0,21.0,98.0,13.0,352.0,,,,,,,,,,0.0,5.0,4.0,2.0,16.0,21.0,5.0,80.0,,,,,,,,,,0.0,0.0,0.0,0.0,0.0,0.0,0.0,0.0,,,,,,,,,
66,76.0,137.0,12.0,15.0,28.0,36.0,26.0,25.0,,,,,,,,,,0.0,0.0,29.0,0.0,21.0,98.0,13.0,339.0,,,,,,,,,,0.0,0.0,34.0,0.0,21.0,98.0,13.0,352.0,,,,,,,,,,0.0,5.0,4.0,2.0,16.0,21.0,5.0,80.0,,,,,,,,,,0.0,0.0,0.0,0.0,0.0,0.0,0.0,0.0,,,,,,,,,
67,80.0,137.0,12.0,15.0,28.0,36.0,29.0,26.0,,,,,,,,,,0.0,0.0,29.0,0.0,21.0,102.0,16.0,339.0,,,,,,,,,,0.0,0.0,34.0,0.0,21.0,102.0,16.0,352.0,,,,,,,,,,0.0,5.0,4.0,2.0,16.0,21.0,6.0,81.0,,,,,,,,,,0.0,0.0,0.0,0.0,0.0,0.0,0.0,0.0,,,,,,,,,
68,92.0,137.0,12.0,15.0,28.0,36.0,33.0,26.0,,,,,,,,,,0.0,0.0,29.0,0.0,21.0,116.0,16.0,339.0,,,,,,,,,,0.0,0.0,34.0,0.0,21.0,116.0,16.0,352.0,,,,,,,,,,0.0,5.0,4.0,2.0,16.0,21.0,6.0,81.0,,,,,,,,,,0.0,0.0,0.0,0.0,0.0,0.0,0.0,0.0,,,,,,,,,
69,97.0,137.0,12.0,15.0,28.0,40.0,33.0,26.0,,,,,,,,,,0.0,0.0,29.0,0.0,21.0,136.0,16.0,339.0,,,,,,,,,,0.0,0.0,34.0,0.0,21.0,136.0,16.0,352.0,,,,,,,,,,0.0,5.0,4.0,2.0,16.0,21.0,6.0,81.0,,,,,,,,,,0.0,0.0,0.0,0.0,0.0,0.0,0.0,0.0,,,,,,,,,
70,97.0,138.0,16.0,17.0,28.0,44.0,33.0,26.0,,,,,,,,,,0.0,0.0,29.0,0.0,21.0,156.0,16.0,339.0,,,,,,,,,,0.0,0.0,34.0,0.0,21.0,156.0,16.0,352.0,,,,,,,,,,0.0,5.0,4.0,2.0,16.0,21.0,6.0,82.0,,,,,,,,,,0.0,0.0,0.0,0.0,0.0,0.0,0.0,0.0,,,,,,,,,
71,98.0,141.0,21.0,17.0,28.0,44.0,33.0,30.0,,,,,,,,,,0.0,0.0,29.0,0.0,21.0,170.0,16.0,345.0,,,,,,,,,,0.0,0.0,34.0,0.0,21.0,170.0,16.0,356.0,,,,,,,,,,0.0,5.0,4.0,2.0,16.0,21.0,6.0,88.0,,,,,,,,,,0.0,0.0,0.0,0.0,0.0,0.0,0.0,0.0,,,,,,,,,
72,100.0,150.0,30.0,17.0,31.0,44.0,33.0,35.0,,,,,,,,,,0.0,0.0,29.0,0.0,21.0,176.0,16.0,352.0,,,,,,,,,,0.0,0.0,34.0,0.0,21.0,176.0,16.0,362.0,,,,,,,,,,0.0,5.0,4.0,2.0,16.0,21.0,6.0,89.0,,,,,,,,,,0.0,0.0,0.0,0.0,0.0,0.0,0.0,0.0,,,,,,,,,
73,100.0,153.0,40.0,17.0,31.0,44.0,33.0,35.0,,,,,,,,,,0.0,0.0,29.0,0.0,21.0,176.0,16.0,359.0,,,,,,,,,,0.0,0.0,34.0,0.0,21.0,176.0,16.0,369.0,,,,,,,,,,0.0,5.0,4.0,2.0,16.0,21.0,6.0,89.0,,,,,,,,,,0.0,0.0,0.0,0.0,0.0,0.0,0.0,0.0,,,,,,,,,
74,102.0,153.0,40.0,17.0,31.0,44.0,33.0,35.0,,,,,,,,,,0.0,0.0,29.0,0.0,21.0,176.0,22.0,371.0,,,,,,,,,,0.0,0.0,34.0,0.0,21.0,176.0,22.0,381.0,,,,,,,,,,0.0,5.0,4.0,2.0,16.0,21.0,6.0,91.0,,,,,,,,,,0.0,0.0,0.0,0.0,0.0,0.0,0.0,0.0,,,,,,,,,
75,106.0,163.0,40.0,17.0,31.0,44.0,34.0,35.0,,,,,,,,,,0.0,0.0,29.0,0.0,21.0,176.0,22.0,379.0,,,,,,,,,,0.0,0.0,34.0,0.0,21.0,176.0,22.0,389.0,,,,,,,,,,0.0,6.0,4.0,2.0,16.0,21.0,6.0,91.0,,,,,,,,,,0.0,0.0,0.0,0.0,0.0,0.0,0.0,0.0,,,,,,,,,
76,122.0,163.0,40.0,17.0,31.0,44.0,34.0,35.0,,,,,,,,,,0.0,0.0,29.0,0.0,21.0,177.0,22.0,386.0,,,,,,,,,,0.0,0.0,34.0,0.0,21.0,177.0,22.0,396.0,,,,,,,,,,8.0,6.0,4.0,2.0,16.0,21.0,6.0,96.0,,,,,,,,,,0.0,0.0,0.0,0.0,0.0,0.0,0.0,0.0,,,,,,,,,
77,122.0,163.0,40.0,17.0,31.0,44.0,37.0,39.0,,,,,,,,,,0.0,0.0,29.0,0.0,21.0,182.0,22.0,392.0,,,,,,,,,,0.0,0.0,34.0,0.0,21.0,182.0,22.0,402.0,,,,,,,,,,8.0,6.0,4.0,2.0,16.0,21.0,6.0,103.0,,,,,,,,,,0.0,0.0,0.0,0.0,0.0,0.0,0.0,0.0,,,,,,,,,
78,122.0,163.0,40.0,17.0,31.0,44.0,41.0,40.0,,,,,,,,,,0.0,0.0,29.0,0.0,21.0,182.0,28.0,399.0,,,,,,,,,,0.0,0.0,34.0,0.0,21.0,182.0,28.0,409.0,,,,,,,,,,8.0,6.0,4.0,2.0,16.0,21.0,9.0,110.0,,,,,,,,,,0.0,0.0,0.0,0.0,0.0,0.0,0.0,0.0,,,,,,,,,
79,122.0,163.0,40.0,25.0,31.0,44.0,43.0,40.0,,,,,,,,,,0.0,0.0,29.0,0.0,21.0,182.0,30.0,399.0,,,,,,,,,,0.0,0.0,34.0,0.0,21.0,182.0,30.0,409.0,,,,,,,,,,8.0,6.0,4.0,2.0,16.0,21.0,11.0,110.0,,,,,,,,,,0.0,0.0,0.0,0.0,0.0,0.0,0.0,0.0,,,,,,,,,
80,122.0,163.0,40.0,25.0,31.0,44.0,45.0,40.0,,,,,,,,,,0.0,0.0,29.0,0.0,21.0,182.0,35.0,399.0,,,,,,,,,,0.0,0.0,34.0,0.0,21.0,182.0,35.0,409.0,,,,,,,,,,8.0,6.0,4.0,2.0,16.0,21.0,12.0,111.0,,,,,,,,,,0.0,0.0,0.0,0.0,0.0,0.0,0.0,0.0,,,,,,,,,
81,122.0,164.0,40.0,25.0,31.0,44.0,52.0,45.0,,,,,,,,,,0.0,0.0,29.0,0.0,21.0,182.0,49.0,407.0,,,,,,,,,,0.0,0.0,34.0,0.0,21.0,182.0,49.0,417.0,,,,,,,,,,8.0,6.0,4.0,2.0,16.0,21.0,12.0,116.0,,,,,,,,,,0.0,0.0,0.0,0.0,0.0,0.0,0.0,0.0,,,,,,,,,
82,122.0,172.0,40.0,25.0,31.0,44.0,52.0,45.0,,,,,,,,,,0.0,0.0,29.0,0.0,21.0,182.0,56.0,414.0,,,,,,,,,,0.0,0.0,34.0,0.0,21.0,182.0,56.0,424.0,,,,,,,,,,8.0,10.0,4.0,2.0,16.0,21.0,12.0,117.0,,,,,,,,,,0.0,0.0,0.0,0.0,0.0,0.0,0.0,0.0,,,,,,,,,
83,122.0,172.0,40.0,25.0,31.0,51.0,52.0,48.0,,,,,,,,,,0.0,0.0,29.0,0.0,21.0,194.0,58.0,421.0,,,,,,,,,,0.0,0.0,34.0,0.0,21.0,194.0,58.0,431.0,,,,,,,,,,8.0,10.0,4.0,2.0,16.0,28.0,12.0,122.0,,,,,,,,,,0.0,0.0,0.0,0.0,0.0,0.0,0.0,0.0,,,,,,,,,
84,122.0,172.0,40.0,25.0,44.0,59.0,52.0,60.0,,,,,,,,,,0.0,0.0,29.0,0.0,23.0,211.0,62.0,430.0,,,,,,,,,,0.0,0.0,34.0,0.0,21.0,211.0,62.0,439.0,,,,,,,,,,8.0,10.0,4.0,2.0,21.0,41.0,12.0,135.0,,,,,,,,,,0.0,0.0,0.0,0.0,0.0,1.0,0.0,0.0,,,,,,,,,
85,122.0,172.0,40.0,25.0,44.0,59.0,52.0,61.0,,,,,,,,,,0.0,0.0,29.0,0.0,31.0,211.0,71.0,440.0,,,,,,,,,,0.0,0.0,34.0,0.0,29.0,211.0,71.0,449.0,,,,,,,,,,8.0,10.0,4.0,2.0,21.0,41.0,12.0,138.0,,,,,,,,,,0.0,0.0,0.0,0.0,0.0,1.0,0.0,0.0,,,,,,,,,
86,122.0,172.0,45.0,25.0,44.0,59.0,52.0,61.0,,,,,,,,,,0.0,0.0,29.0,0.0,31.0,221.0,79.0,449.0,,,,,,,,,,0.0,0.0,34.0,0.0,29.0,221.0,79.0,458.0,,,,,,,,,,8.0,10.0,4.0,2.0,21.0,41.0,12.0,138.0,,,,,,,,,,0.0,0.0,0.0,0.0,0.0,1.0,0.0,0.0,,,,,,,,,
87,122.0,172.0,50.0,25.0,44.0,59.0,54.0,61.0,,,,,,,,,,0.0,0.0,29.0,0.0,31.0,241.0,88.0,460.0,,,,,,,,,,0.0,0.0,34.0,0.0,29.0,241.0,88.0,469.0,,,,,,,,,,8.0,10.0,8.0,2.0,21.0,41.0,12.0,138.0,,,,,,,,,,0.0,0.0,0.0,0.0,0.0,1.0,0.0,0.0,,,,,,,,,
88,122.0,174.0,50.0,25.0,44.0,61.0,54.0,65.0,,,,,,,,,,0.0,0.0,29.0,0.0,31.0,259.0,99.0,472.0,,,,,,,,,,0.0,0.0,34.0,0.0,29.0,259.0,98.0,481.0,,,,,,,,,,8.0,12.0,8.0,2.0,21.0,43.0,12.0,140.0,,,,,,,,,,0.0,0.0,0.0,0.0,0.0,1.0,0.0,0.0,,,,,,,,,
89,122.0,184.0,50.0,25.0,44.0,61.0,67.0,65.0,,,,,,,,,,0.0,0.0,29.0,0.0,34.0,271.0,117.0,481.0,,,,,,,,,,0.0,0.0,34.0,0.0,32.0,271.0,116.0,490.0,,,,,,,,,,8.0,16.0,8.0,2.0,21.0,43.0,25.0,140.0,,,,,,,,,,0.0,0.0,0.0,0.0,0.0,1.0,0.0,0.0,,,,,,,,,
90,122.0,184.0,50.0,25.0,44.0,61.0,67.0,65.0,,,,,,,,,,0.0,0.0,29.0,0.0,36.0,278.0,129.0,490.0,,,,,,,,,,0.0,0.0,34.0,0.0,34.0,278.0,128.0,499.0,,,,,,,,,,10.0,16.0,8.0,2.0,21.0,43.0,28.0,140.0,,,,,,,,,,0.0,0.0,0.0,0.0,0.0,1.0,0.0,0.0,,,,,,,,,
91,122.0,184.0,50.0,25.0,44.0,61.0,67.0,65.0,,,,,,,,,,0.0,0.0,29.0,0.0,36.0,297.0,135.0,499.0,,,,,,,,,,0.0,0.0,34.0,0.0,34.0,297.0,128.0,508.0,,,,,,,,,,10.0,16.0,8.0,2.0,21.0,43.0,35.0,140.0,,,,,,,,,,0.0,0.0,0.0,0.0,0.0,1.0,0.0,0.0,,,,,,,,,
92,122.0,184.0,54.0,25.0,44.0,65.0,73.0,65.0,,,,,,,,,,0.0,0.0,29.0,0.0,44.0,314.0,141.0,509.0,,,,,,,,,,0.0,0.0,34.0,0.0,40.0,314.0,134.0,518.0,,,,,,,,,,10.0,16.0,8.0,2.0,21.0,47.0,42.0,140.0,,,,,,,,,,0.0,0.0,0.0,0.0,0.0,2.0,0.0,0.0,,,,,,,,,
93,122.0,184.0,54.0,25.0,44.0,72.0,78.0,65.0,,,,,,,,,,0.0,0.0,29.0,0.0,44.0,321.0,145.0,519.0,,,,,,,,,,0.0,0.0,34.0,0.0,40.0,321.0,138.0,528.0,,,,,,,,,,10.0,16.0,8.0,2.0,21.0,51.0,47.0,140.0,,,,,,,,,,0.0,0.0,0.0,0.0,0.0,2.0,0.0,0.0,,,,,,,,,
94,122.0,184.0,57.0,25.0,44.0,72.0,82.0,71.0,,,,,,,,,,0.0,0.0,30.0,0.0,44.0,331.0,152.0,528.0,,,,,,,,,,0.0,0.0,35.0,0.0,40.0,331.0,145.0,537.0,,,,,,,,,,10.0,16.0,9.0,2.0,21.0,56.0,52.0,145.0,,,,,,,,,,0.0,0.0,0.0,0.0,0.0,2.0,0.0,0.0,,,,,,,,,
95,122.0,184.0,74.0,25.0,44.0,72.0,90.0,88.0,,,,,,,,,,0.0,0.0,30.0,0.0,44.0,342.0,160.0,537.0,,,,,,,,,,0.0,0.0,35.0,0.0,40.0,342.0,153.0,546.0,,,,,,,,,,10.0,16.0,10.0,2.0,21.0,63.0,60.0,161.0,,,,,,,,,,0.0,0.0,0.0,0.0,0.0,2.0,0.0,1.0,,,,,,,,,
96,122.0,189.0,74.0,25.0,44.0,75.0,98.0,98.0,,,,,,,,,,0.0,0.0,30.0,0.0,44.0,362.0,169.0,546.0,,,,,,,,,,0.0,0.0,35.0,0.0,40.0,365.0,162.0,555.0,,,,,,,,,,10.0,21.0,10.0,2.0,21.0,69.0,69.0,169.0,,,,,,,,,,0.0,1.0,0.0,0.0,0.0,2.0,0.0,1.0,,,,,,,,,
97,122.0,189.0,74.0,25.0,44.0,82.0,98.0,103.0,,,,,,,,,,0.0,0.0,30.0,0.0,44.0,382.0,174.0,552.0,,,,,,,,,,0.0,0.0,35.0,0.0,40.0,385.0,166.0,561.0,,,,,,,,,,10.0,21.0,10.0,2.0,21.0,88.0,71.0,175.0,,,,,,,,,,0.0,1.0,0.0,0.0,0.0,2.0,0.0,1.0,,,,,,,,,
98,122.0,189.0,74.0,25.0,44.0,97.0,98.0,108.0,,,,,,,,,,0.0,0.0,30.0,0.0,44.0,401.0,183.0,552.0,,,,,,,,,,0.0,0.0,35.0,0.0,40.0,404.0,175.0,561.0,,,,,,,,,,10.0,21.0,10.0,2.0,21.0,103.0,74.0,181.0,,,,,,,,,,0.0,1.0,0.0,0.0,0.0,3.0,0.0,1.0,,,,,,,,,
99,122.0,189.0,74.0,30.0,44.0,97.0,98.0,112.0,,,,,,,,,,0.0,0.0,30.0,0.0,45.0,421.0,190.0,559.0,,,,,,,,,,0.0,0.0,35.0,0.0,41.0,425.0,182.0,568.0,,,,,,,,,,10.0,21.0,10.0,2.0,21.0,118.0,81.0,188.0,,,,,,,,,,0.0,1.0,0.0,0.0,0.0,3.0,0.0,1.0,,,,,,,,,
100,122.0,189.0,74.0,33.0,52.0,97.0,99.0,112.0,,,,,,,,,,0.0,0.0,30.0,0.0,47.0,439.0,197.0,564.0,,,,,,,,,,0.0,0.0,35.0,0.0,43.0,443.0,189.0,573.0,,,,,,,,,,10.0,21.0,10.0,2.0,24.0,135.0,86.0,191.0,,,,,,,,,,0.0,1.0,0.0,0.0,0.0,3.0,0.0,1.0,,,,,,,,,
101,122.0,189.0,74.0,33.0,57.0,97.0,105.0,120.0,,,,,,,,,,0.0,0.0,30.0,0.0,47.0,452.0,202.0,571.0,,,,,,,,,,0.0,0.0,35.0,0.0,43.0,456.0,194.0,580.0,,,,,,,,,,10.0,21.0,10.0,2.0,25.0,135.0,91.0,199.0,,,,,,,,,,0.0,1.0,0.0,0.0,0.0,3.0,0.0,1.0,,,,,,,,,
102,122.0,189.0,74.0,33.0,57.0,100.0,111.0,120.0,,,,,,,,,,0.0,0.0,30.0,0.0,47.0,465.0,205.0,579.0,,,,,,,,,,0.0,0.0,35.0,0.0,43.0,469.0,197.0,588.0,,,,,,,,,,10.0,21.0,10.0,2.0,25.0,143.0,97.0,199.0,,,,,,,,,,0.0,1.0,0.0,0.0,0.0,3.0,0.0,1.0,,,,,,,,,
103,122.0,192.0,74.0,33.0,57.0,105.0,118.0,120.0,,,,,,,,,,0.0,0.0,30.0,0.0,50.0,474.0,212.0,587.0,,,,,,,,,,0.0,0.0,35.0,0.0,45.0,478.0,204.0,595.0,,,,,,,,,,10.0,24.0,10.0,2.0,25.0,148.0,104.0,199.0,,,,,,,,,,0.0,4.0,0.0,0.0,0.0,3.0,0.0,1.0,,,,,,,,,
104,122.0,208.0,74.0,33.0,57.0,115.0,118.0,120.0,,,,,,,,,,0.0,0.0,30.0,0.0,50.0,484.0,218.0,595.0,,,,,,,,,,0.0,0.0,35.0,0.0,45.0,488.0,210.0,595.0,,,,,,,,,,10.0,39.0,10.0,2.0,25.0,156.0,104.0,200.0,,,,,,,,,,0.0,8.0,0.0,0.0,0.0,3.0,0.0,1.0,,,,,,,,,
105,122.0,208.0,74.0,33.0,57.0,124.0,121.0,120.0,,,,,,,,,,0.0,0.0,30.0,0.0,53.0,494.0,224.0,602.0,,,,,,,,,,0.0,0.0,35.0,0.0,48.0,498.0,216.0,595.0,,,,,,,,,,10.0,41.0,10.0,2.0,25.0,164.0,110.0,204.0,,,,,,,,,,0.0,8.0,0.0,0.0,0.0,3.0,0.0,1.0,,,,,,,,,
106,122.0,208.0,74.0,33.0,57.0,125.0,121.0,120.0,,,,,,,,,,0.0,0.0,30.0,0.0,60.0,509.0,233.0,608.0,,,,,,,,,,0.0,0.0,35.0,0.0,48.0,513.0,225.0,597.0,,,,,,,,,,10.0,41.0,10.0,2.0,25.0,179.0,110.0,208.0,,,,,,,,,,0.0,8.0,0.0,0.0,0.0,3.0,0.0,1.0,,,,,,,,,
107,122.0,208.0,74.0,36.0,57.0,127.0,121.0,120.0,,,,,,,,,,0.0,0.0,30.0,0.0,60.0,525.0,239.0,614.0,,,,,,,,,,0.0,0.0,35.0,0.0,48.0,529.0,231.0,602.0,,,,,,,,,,10.0,41.0,10.0,4.0,25.0,194.0,110.0,212.0,,,,,,,,,,0.0,8.0,0.0,0.0,0.0,3.0,0.0,1.0,,,,,,,,,
108,122.0,208.0,74.0,36.0,57.0,127.0,121.0,123.0,,,,,,,,,,0.0,0.0,30.0,0.0,60.0,536.0,247.0,621.0,,,,,,,,,,0.0,0.0,35.0,0.0,48.0,540.0,239.0,609.0,,,,,,,,,,10.0,41.0,10.0,4.0,25.0,197.0,114.0,218.0,,,,,,,,,,0.0,8.0,0.0,0.0,0.0,3.0,0.0,1.0,,,,,,,,,
109,122.0,208.0,74.0,36.0,58.0,127.0,126.0,126.0,,,,,,,,,,0.0,0.0,30.0,0.0,60.0,545.0,258.0,630.0,,,,,,,,,,0.0,0.0,35.0,0.0,48.0,549.0,250.0,618.0,,,,,,,,,,10.0,41.0,10.0,4.0,25.0,197.0,119.0,227.0,,,,,,,,,,0.0,8.0,0.0,0.0,0.0,3.0,0.0,1.0,,,,,,,,,
110,122.0,212.0,74.0,36.0,58.0,127.0,133.0,126.0,,,,,,,,,,0.0,0.0,30.0,0.0,60.0,550.0,267.0,636.0,,,,,,,,,,0.0,0.0,35.0,0.0,48.0,554.0,259.0,622.0,,,,,,,,,,10.0,45.0,10.0,4.0,25.0,202.0,126.0,233.0,,,,,,,,,,0.0,8.0,0.0,0.0,0.0,3.0,0.0,1.0,,,,,,,,,
111,122.0,219.0,74.0,36.0,60.0,127.0,133.0,130.0,,,,,,,,,,0.0,0.0,30.0,0.0,60.0,559.0,267.0,643.0,,,,,,,,,,0.0,0.0,35.0,0.0,48.0,563.0,259.0,629.0,,,,,,,,,,10.0,51.0,10.0,4.0,25.0,210.0,126.0,240.0,,,,,,,,,,0.0,8.0,0.0,0.0,0.0,3.0,0.0,1.0,,,,,,,,,
112,135.0,228.0,76.0,36.0,60.0,130.0,133.0,136.0,,,,,,,,,,0.0,0.0,30.0,0.0,60.0,570.0,267.0,650.0,,,,,,,,,,0.0,0.0,35.0,0.0,48.0,574.0,259.0,636.0,,,,,,,,,,13.0,60.0,10.0,4.0,25.0,218.0,126.0,250.0,,,,,,,,,,0.0,8.0,0.0,0.0,0.0,3.0,0.0,1.0,,,,,,,,,
113,143.0,232.0,76.0,38.0,60.0,130.0,133.0,143.0,,,,,,,,,,0.0,0.0,30.0,0.0,67.0,582.0,273.0,657.0,,,,,,,,,,0.0,0.0,35.0,0.0,55.0,586.0,265.0,638.0,,,,,,,,,,13.0,62.0,10.0,4.0,25.0,218.0,126.0,257.0,,,,,,,,,,0.0,8.0,0.0,0.0,0.0,3.0,0.0,1.0,,,,,,,,,
114,143.0,232.0,76.0,38.0,60.0,130.0,133.0,149.0,,,,,,,,,,0.0,0.0,30.0,0.0,67.0,592.0,281.0,657.0,,,,,,,,,,0.0,0.0,35.0,0.0,55.0,596.0,272.0,638.0,,,,,,,,,,13.0,62.0,10.0,4.0,25.0,218.0,126.0,263.0,,,,,,,,,,0.0,8.0,0.0,0.0,0.0,3.0,0.0,1.0,,,,,,,,,
115,143.0,232.0,79.0,38.0,60.0,130.0,133.0,158.0,,,,,,,,,,0.0,0.0,30.0,0.0,67.0,599.0,289.0,664.0,,,,,,,,,,0.0,0.0,35.0,0.0,55.0,603.0,280.0,645.0,,,,,,,,,,14.0,62.0,13.0,4.0,25.0,218.0,128.0,271.0,,,,,,,,,,0.0,8.0,0.0,0.0,0.0,3.0,0.0,1.0,,,,,,,,,
116,143.0,232.0,79.0,38.0,60.0,130.0,139.0,166.0,,,,,,,,,,0.0,0.0,30.0,0.0,67.0,599.0,300.0,673.0,,,,,,,,,,0.0,0.0,35.0,0.0,55.0,603.0,291.0,654.0,,,,,,,,,,14.0,62.0,13.0,4.0,25.0,218.0,134.0,280.0,,,,,,,,,,0.0,10.0,0.0,0.0,0.0,3.0,0.0,1.0,,,,,,,,,
117,143.0,232.0,79.0,38.0,60.0,130.0,147.0,169.0,,,,,,,,,,0.0,0.0,30.0,0.0,67.0,599.0,311.0,680.0,,,,,,,,,,0.0,0.0,35.0,0.0,55.0,603.0,302.0,661.0,,,,,,,,,,14.0,62.0,13.0,4.0,25.0,218.0,142.0,286.0,,,,,,,,,,0.0,10.0,0.0,0.0,0.0,3.0,0.0,1.0,,,,,,,,,
118,143.0,232.0,79.0,38.0,60.0,134.0,152.0,175.0,,,,,,,,,,0.0,0.0,30.0,0.0,67.0,606.0,320.0,685.0,,,,,,,,,,0.0,0.0,35.0,0.0,55.0,610.0,311.0,664.0,,,,,,,,,,14.0,62.0,13.0,4.0,25.0,222.0,148.0,293.0,,,,,,,,,,0.0,10.0,0.0,0.0,0.0,3.0,0.0,1.0,,,,,,,,,
119,143.0,232.0,79.0,38.0,60.0,145.0,157.0,182.0,,,,,,,,,,0.0,0.0,30.0,0.0,67.0,614.0,330.0,685.0,,,,,,,,,,0.0,0.0,35.0,0.0,55.0,618.0,321.0,664.0,,,,,,,,,,14.0,62.0,13.0,4.0,25.0,233.0,154.0,304.0,,,,,,,,,,0.0,10.0,0.0,0.0,0.0,3.0,0.0,1.0,,,,,,,,,
120,143.0,232.0,79.0,38.0,63.0,145.0,162.0,189.0,,,,,,,,,,0.0,0.0,30.0,0.0,67.0,614.0,338.0,691.0,,,,,,,,,,0.0,0.0,35.0,0.0,55.0,618.0,321.0,665.0,,,,,,,,,,14.0,62.0,13.0,4.0,25.0,233.0,160.0,311.0,,,,,,,,,,0.0,10.0,0.0,0.0,0.0,3.0,0.0,1.0,,,,,,,,,
121,145.0,232.0,79.0,38.0,63.0,145.0,170.0,197.0,,,,,,,,,,0.0,0.0,30.0,0.0,70.0,614.0,349.0,699.0,,,,,,,,,,0.0,0.0,35.0,0.0,55.0,618.0,321.0,673.0,,,,,,,,,,14.0,62.0,13.0,4.0,25.0,233.0,168.0,320.0,,,,,,,,,,0.0,10.0,0.0,0.0,0.0,3.0,3.0,8.0,,,,,,,,,
122,145.0,240.0,80.0,38.0,63.0,154.0,177.0,204.0,,,,,,,,,,0.0,0.0,30.0,0.0,70.0,624.0,358.0,704.0,,,,,,,,,,0.0,0.0,35.0,0.0,55.0,628.0,321.0,678.0,,,,,,,,,,14.0,62.0,14.0,4.0,25.0,241.0,175.0,327.0,,,,,,,,,,0.0,11.0,0.0,0.0,0.0,3.0,3.0,12.0,,,,,,,,,
123,145.0,240.0,80.0,38.0,63.0,159.0,184.0,209.0,,,,,,,,,,0.0,0.0,30.0,0.0,70.0,627.0,366.0,710.0,,,,,,,,,,0.0,0.0,35.0,0.0,55.0,631.0,323.0,684.0,,,,,,,,,,14.0,62.0,14.0,4.0,25.0,244.0,182.0,333.0,,,,,,,,,,0.0,11.0,0.0,0.0,0.0,3.0,3.0,13.0,,,,,,,,,
124,145.0,240.0,83.0,38.0,63.0,159.0,192.0,209.0,,,,,,,,,,0.0,0.0,30.0,0.0,70.0,628.0,376.0,716.0,,,,,,,,,,0.0,0.0,35.0,0.0,55.0,632.0,323.0,690.0,,,,,,,,,,14.0,62.0,17.0,4.0,25.0,244.0,190.0,333.0,,,,,,,,,,0.0,11.0,0.0,0.0,0.0,3.0,3.0,13.0,,,,,,,,,
125,145.0,240.0,88.0,38.0,63.0,159.0,192.0,209.0,,,,,,,,,,0.0,0.0,30.0,0.0,70.0,637.0,385.0,721.0,,,,,,,,,,0.0,0.0,35.0,0.0,55.0,641.0,323.0,695.0,,,,,,,,,,14.0,62.0,17.0,4.0,25.0,244.0,196.0,333.0,,,,,,,,,,0.0,11.0,0.0,0.0,0.0,3.0,3.0,13.0,,,,,,,,,
126,145.0,240.0,88.0,38.0,63.0,165.0,192.0,209.0,,,,,,,,,,0.0,0.0,30.0,0.0,70.0,644.0,395.0,721.0,,,,,,,,,,0.0,0.0,35.0,0.0,55.0,648.0,323.0,695.0,,,,,,,,,,14.0,62.0,17.0,4.0,25.0,250.0,203.0,333.0,,,,,,,,,,0.0,11.0,0.0,0.0,0.0,3.0,3.0,13.0,,,,,,,,,
127,145.0,240.0,88.0,38.0,66.0,165.0,192.0,209.0,,,,,,,,,,0.0,0.0,30.0,0.0,70.0,644.0,403.0,721.0,,,,,,,,,,0.0,0.0,35.0,0.0,55.0,648.0,323.0,695.0,,,,,,,,,,14.0,62.0,17.0,4.0,25.0,250.0,206.0,333.0,,,,,,,,,,0.0,11.0,0.0,0.0,0.0,3.0,3.0,13.0,,,,,,,,,
128,145.0,240.0,88.0,38.0,66.0,165.0,192.0,209.0,,,,,,,,,,0.0,0.0,31.0,0.0,70.0,651.0,412.0,725.0,,,,,,,,,,0.0,0.0,35.0,0.0,55.0,650.0,323.0,699.0,,,,,,,,,,14.0,62.0,18.0,4.0,25.0,250.0,215.0,338.0,,,,,,,,,,0.0,11.0,0.0,0.0,0.0,3.0,3.0,13.0,,,,,,,,,
129,145.0,240.0,102.0,38.0,66.0,165.0,197.0,214.0,,,,,,,,,,0.0,0.0,39.0,0.0,70.0,651.0,419.0,731.0,,,,,,,,,,0.0,0.0,43.0,0.0,55.0,650.0,323.0,705.0,,,,,,,,,,14.0,62.0,32.0,4.0,25.0,250.0,222.0,345.0,,,,,,,,,,0.0,11.0,0.0,0.0,0.0,3.0,3.0,13.0,,,,,,,,,
130,145.0,240.0,102.0,38.0,66.0,171.0,204.0,220.0,,,,,,,,,,0.0,0.0,39.0,0.0,70.0,655.0,429.0,740.0,,,,,,,,,,0.0,0.0,43.0,0.0,55.0,650.0,328.0,714.0,,,,,,,,,,14.0,62.0,32.0,4.0,25.0,255.0,230.0,351.0,,,,,,,,,,0.0,11.0,0.0,0.0,0.0,3.0,3.0,13.0,,,,,,,,,
131,145.0,241.0,102.0,38.0,66.0,174.0,213.0,220.0,,,,,,,,,,0.0,0.0,39.0,0.0,70.0,659.0,440.0,742.0,,,,,,,,,,0.0,0.0,43.0,0.0,55.0,652.0,334.0,716.0,,,,,,,,,,14.0,63.0,32.0,4.0,25.0,259.0,239.0,353.0,,,,,,,,,,0.0,11.0,0.0,0.0,0.0,3.0,3.0,13.0,,,,,,,,,
132,149.0,244.0,102.0,38.0,66.0,181.0,220.0,220.0,,,,,,,,,,0.0,0.0,39.0,0.0,70.0,667.0,449.0,744.0,,,,,,,,,,0.0,0.0,43.0,0.0,55.0,659.0,334.0,716.0,,,,,,,,,,17.0,68.0,32.0,4.0,25.0,267.0,245.0,355.0,,,,,,,,,,0.0,11.0,0.0,0.0,0.0,3.0,3.0,13.0,,,,,,,,,
133,149.0,244.0,102.0,38.0,66.0,190.0,226.0,220.0,,,,,,,,,,0.0,0.0,39.0,0.0,70.0,676.0,456.0,752.0,,,,,,,,,,0.0,0.0,43.0,0.0,55.0,663.0,334.0,722.0,,,,,,,,,,17.0,68.0,32.0,4.0,25.0,276.0,251.0,363.0,,,,,,,,,,0.0,11.0,0.0,0.0,0.0,3.0,3.0,13.0,,,,,,,,,
134,149.0,244.0,102.0,38.0,67.0,196.0,233.0,220.0,,,,,,,,,,0.0,0.0,39.0,0.0,79.0,681.0,465.0,760.0,,,,,,,,,,0.0,0.0,43.0,0.0,58.0,668.0,334.0,730.0,,,,,,,,,,17.0,68.0,32.0,4.0,27.0,280.0,258.0,368.0,,,,,,,,,,0.0,11.0,0.0,0.0,0.0,3.0,3.0,13.0,,,,,,,,,
135,149.0,244.0,102.0,38.0,67.0,204.0,239.0,220.0,,,,,,,,,,0.0,0.0,39.0,0.0,79.0,692.0,475.0,768.0,,,,,,,,,,0.0,0.0,43.0,0.0,58.0,679.0,334.0,738.0,,,,,,,,,,17.0,68.0,32.0,4.0,27.0,290.0,266.0,371.0,,,,,,,,,,0.0,11.0,0.0,0.0,0.0,3.0,3.0,13.0,,,,,,,,,
136,149.0,244.0,102.0,38.0,67.0,209.0,244.0,225.0,,,,,,,,,,0.0,0.0,39.0,0.0,79.0,700.0,486.0,778.0,,,,,,,,,,0.0,0.0,43.0,0.0,58.0,687.0,335.0,748.0,,,,,,,,,,17.0,68.0,32.0,4.0,27.0,290.0,274.0,378.0,,,,,,,,,,0.0,11.0,0.0,0.0,0.0,3.0,3.0,13.0,,,,,,,,,
137,149.0,244.0,102.0,38.0,67.0,214.0,252.0,229.0,,,,,,,,,,0.0,0.0,39.0,0.0,79.0,702.0,496.0,786.0,,,,,,,,,,0.0,0.0,43.0,0.0,58.0,687.0,335.0,756.0,,,,,,,,,,17.0,68.0,32.0,4.0,27.0,290.0,283.0,383.0,,,,,,,,,,0.0,11.0,0.0,0.0,0.0,3.0,3.0,13.0,,,,,,,,,
138,149.0,250.0,102.0,38.0,67.0,214.0,259.0,229.0,,,,,,,,,,0.0,0.0,39.0,0.0,79.0,702.0,508.0,793.0,,,,,,,,,,0.0,0.0,43.0,0.0,58.0,687.0,342.0,763.0,,,,,,,,,,17.0,73.0,32.0,4.0,27.0,290.0,292.0,383.0,,,,,,,,,,0.0,11.0,0.0,0.0,0.0,3.0,6.0,13.0,,,,,,,,,
139,149.0,250.0,102.0,38.0,67.0,220.0,259.0,229.0,,,,,,,,,,0.0,0.0,39.0,0.0,79.0,708.0,518.0,800.0,,,,,,,,,,0.0,0.0,43.0,0.0,58.0,693.0,342.0,769.0,,,,,,,,,,17.0,73.0,32.0,4.0,27.0,296.0,292.0,389.0,,,,,,,,,,0.0,11.0,0.0,0.0,0.0,3.0,6.0,13.0,,,,,,,,,
140,149.0,250.0,102.0,38.0,72.0,228.0,262.0,229.0,,,,,,,,,,0.0,0.0,39.0,0.0,79.0,716.0,528.0,808.0,,,,,,,,,,0.0,0.0,43.0,0.0,58.0,701.0,342.0,775.0,,,,,,,,,,17.0,73.0,32.0,4.0,29.0,304.0,292.0,397.0,,,,,,,,,,0.0,11.0,0.0,0.0,0.0,3.0,6.0,13.0,,,,,,,,,
141,149.0,250.0,105.0,42.0,79.0,232.0,267.0,229.0,,,,,,,,,,0.0,0.0,39.0,0.0,80.0,718.0,537.0,816.0,,,,,,,,,,0.0,0.0,43.0,0.0,58.0,702.0,342.0,783.0,,,,,,,,,,17.0,73.0,34.0,4.0,36.0,306.0,292.0,405.0,,,,,,,,,,0.0,11.0,0.0,0.0,0.0,3.0,6.0,13.0,,,,,,,,,
142,149.0,250.0,121.0,42.0,79.0,232.0,274.0,231.0,,,,,,,,,,0.0,0.0,39.0,0.0,80.0,718.0,548.0,824.0,,,,,,,,,,0.0,0.0,43.0,0.0,58.0,702.0,343.0,791.0,,,,,,,,,,17.0,73.0,44.0,4.0,36.0,306.0,298.0,413.0,,,,,,,,,,0.0,11.0,0.0,0.0,0.0,3.0,6.0,13.0,,,,,,,,,
143,149.0,250.0,126.0,42.0,79.0,232.0,277.0,238.0,,,,,,,,,,0.0,0.0,39.0,0.0,80.0,718.0,558.0,832.0,,,,,,,,,,0.0,0.0,43.0,0.0,58.0,702.0,343.0,799.0,,,,,,,,,,17.0,73.0,49.0,4.0,36.0,306.0,303.0,421.0,,,,,,,,,,0.0,11.0,0.0,0.0,0.0,3.0,6.0,13.0,,,,,,,,,
144,149.0,256.0,129.0,42.0,79.0,232.0,284.0,246.0,,,,,,,,,,0.0,0.0,39.0,0.0,80.0,718.0,569.0,841.0,,,,,,,,,,0.0,0.0,43.0,0.0,58.0,702.0,343.0,808.0,,,,,,,,,,17.0,75.0,49.0,4.0,36.0,306.0,311.0,430.0,,,,,,,,,,0.0,11.0,0.0,0.0,0.0,3.0,6.0,18.0,,,,,,,,,
145,149.0,272.0,129.0,42.0,79.0,232.0,294.0,253.0,,,,,,,,,,0.0,0.0,39.0,0.0,80.0,718.0,581.0,849.0,,,,,,,,,,0.0,0.0,43.0,0.0,58.0,702.0,349.0,816.0,,,,,,,,,,17.0,91.0,49.0,4.0,36.0,306.0,324.0,437.0,,,,,,,,,,0.0,11.0,0.0,0.0,0.0,3.0,13.0,18.0,,,,,,,,,
146,152.0,272.0,129.0,48.0,82.0,235.0,300.0,258.0,,,,,,,,,,0.0,0.0,39.0,0.0,80.0,723.0,590.0,857.0,,,,,,,,,,0.0,0.0,43.0,0.0,58.0,707.0,349.0,823.0,,,,,,,,,,19.0,91.0,49.0,4.0,36.0,309.0,328.0,444.0,,,,,,,,,,0.0,11.0,0.0,0.0,0.0,3.0,13.0,18.0,,,,,,,,,
147,152.0,272.0,129.0,55.0,86.0,243.0,303.0,264.0,,,,,,,,,,0.0,0.0,39.0,0.0,80.0,733.0,599.0,863.0,,,,,,,,,,0.0,0.0,43.0,0.0,58.0,717.0,349.0,829.0,,,,,,,,,,19.0,91.0,49.0,4.0,40.0,318.0,335.0,449.0,,,,,,,,,,0.0,11.0,0.0,0.0,0.0,3.0,13.0,18.0,,,,,,,,,
148,152.0,272.0,129.0,64.0,95.0,243.0,303.0,268.0,,,,,,,,,,0.0,0.0,39.0,0.0,80.0,733.0,607.0,868.0,,,,,,,,,,0.0,0.0,43.0,0.0,58.0,717.0,349.0,834.0,,,,,,,,,,19.0,91.0,49.0,4.0,49.0,318.0,342.0,453.0,,,,,,,,,,0.0,11.0,0.0,0.0,0.0,3.0,13.0,18.0,,,,,,,,,
149,152.0,272.0,129.0,64.0,104.0,243.0,308.0,272.0,,,,,,,,,,0.0,0.0,39.0,0.0,80.0,739.0,614.0,871.0,,,,,,,,,,0.0,0.0,43.0,0.0,58.0,719.0,349.0,837.0,,,,,,,,,,19.0,91.0,49.0,4.0,58.0,324.0,349.0,456.0,,,,,,,,,,0.0,11.0,0.0,0.0,0.0,3.0,13.0,18.0,,,,,,,,,
150,155.0,272.0,133.0,64.0,104.0,243.0,314.0,277.0,,,,,,,,,,0.0,0.0,39.0,0.0,80.0,739.0,620.0,877.0,,,,,,,,,,0.0,0.0,43.0,0.0,58.0,719.0,349.0,843.0,,,,,,,,,,19.0,91.0,53.0,4.0,58.0,324.0,355.0,461.0,,,,,,,,,,0.0,11.0,0.0,0.0,0.0,3.0,13.0,18.0,,,,,,,,,
151,155.0,272.0,133.0,64.0,107.0,243.0,321.0,282.0,,,,,,,,,,0.0,0.0,39.0,0.0,80.0,744.0,628.0,885.0,,,,,,,,,,0.0,0.0,43.0,0.0,58.0,724.0,349.0,851.0,,,,,,,,,,19.0,91.0,53.0,4.0,58.0,329.0,362.0,468.0,,,,,,,,,,0.0,11.0,0.0,0.0,0.0,3.0,13.0,18.0,,,,,,,,,
152,155.0,279.0,133.0,64.0,107.0,243.0,330.0,282.0,,,,,,,,,,0.0,0.0,39.0,0.0,80.0,755.0,637.0,885.0,,,,,,,,,,0.0,0.0,43.0,0.0,58.0,735.0,349.0,851.0,,,,,,,,,,19.0,98.0,53.0,4.0,58.0,335.0,371.0,468.0,,,,,,,,,,0.0,11.0,0.0,0.0,0.0,3.0,13.0,18.0,,,,,,,,,
153,157.0,283.0,133.0,64.0,107.0,243.0,330.0,282.0,,,,,,,,,,0.0,0.0,39.0,0.0,80.0,768.0,642.0,893.0,,,,,,,,,,0.0,0.0,43.0,0.0,58.0,748.0,349.0,859.0,,,,,,,,,,21.0,101.0,53.0,4.0,58.0,345.0,372.0,477.0,,,,,,,,,,0.0,11.0,0.0,0.0,0.0,3.0,13.0,18.0,,,,,,,,,
154,157.0,283.0,133.0,64.0,111.0,252.0,336.0,282.0,,,,,,,,,,0.0,0.0,39.0,0.0,80.0,780.0,646.0,902.0,,,,,,,,,,0.0,0.0,43.0,0.0,58.0,760.0,349.0,865.0,,,,,,,,,,21.0,101.0,53.0,4.0,62.0,356.0,384.0,486.0,,,,,,,,,,0.0,11.0,0.0,0.0,0.0,3.0,13.0,18.0,,,,,,,,,
155,157.0,283.0,133.0,64.0,117.0,252.0,336.0,286.0,,,,,,,,,,0.0,0.0,39.0,0.0,80.0,780.0,648.0,911.0,,,,,,,,,,0.0,0.0,43.0,0.0,58.0,760.0,349.0,874.0,,,,,,,,,,21.0,101.0,53.0,4.0,68.0,356.0,388.0,498.0,,,,,,,,,,0.0,11.0,0.0,0.0,0.0,3.0,13.0,18.0,,,,,,,,,
156,157.0,283.0,133.0,64.0,117.0,252.0,336.0,286.0,,,,,,,,,,0.0,0.0,39.0,0.0,80.0,780.0,656.0,915.0,,,,,,,,,,0.0,0.0,43.0,0.0,58.0,760.0,349.0,877.0,,,,,,,,,,21.0,101.0,53.0,4.0,68.0,358.0,404.0,503.0,,,,,,,,,,0.0,11.0,0.0,0.0,0.0,3.0,13.0,18.0,,,,,,,,,
157,157.0,283.0,133.0,69.0,117.0,252.0,344.0,290.0,,,,,,,,,,0.0,0.0,39.0,0.0,80.0,780.0,661.0,923.0,,,,,,,,,,0.0,0.0,43.0,0.0,58.0,760.0,349.0,883.0,,,,,,,,,,21.0,101.0,53.0,4.0,68.0,362.0,412.0,513.0,,,,,,,,,,0.0,11.0,0.0,0.0,0.0,3.0,13.0,18.0,,,,,,,,,
158,159.0,291.0,133.0,69.0,117.0,252.0,348.0,301.0,,,,,,,,,,0.0,0.0,39.0,0.0,80.0,780.0,671.0,933.0,,,,,,,,,,0.0,0.0,43.0,0.0,58.0,760.0,354.0,893.0,,,,,,,,,,22.0,108.0,53.0,4.0,68.0,362.0,418.0,525.0,,,,,,,,,,0.0,11.0,0.0,0.0,0.0,3.0,13.0,18.0,,,,,,,,,
159,176.0,291.0,133.0,69.0,117.0,252.0,359.0,301.0,,,,,,,,,,0.0,0.0,39.0,0.0,80.0,780.0,682.0,935.0,,,,,,,,,,0.0,0.0,43.0,0.0,58.0,760.0,356.0,895.0,,,,,,,,,,28.0,108.0,53.0,4.0,68.0,362.0,432.0,527.0,,,,,,,,,,0.0,11.0,0.0,0.0,0.0,3.0,13.0,18.0,,,,,,,,,
160,176.0,291.0,133.0,69.0,117.0,260.0,368.0,302.0,,,,,,,,,,0.0,0.0,39.0,0.0,80.0,780.0,682.0,943.0,,,,,,,,,,0.0,0.0,43.0,0.0,58.0,760.0,356.0,899.0,,,,,,,,,,28.0,108.0,53.0,4.0,68.0,369.0,439.0,535.0,,,,,,,,,,0.0,11.0,0.0,0.0,0.0,3.0,13.0,18.0,,,,,,,,,
161,176.0,291.0,133.0,69.0,121.0,270.0,374.0,302.0,,,,,,,,,,0.0,0.0,39.0,0.0,80.0,789.0,682.0,952.0,,,,,,,,,,0.0,0.0,43.0,0.0,58.0,769.0,356.0,908.0,,,,,,,,,,28.0,108.0,53.0,4.0,68.0,378.0,445.0,544.0,,,,,,,,,,0.0,11.0,0.0,0.0,0.0,3.0,13.0,18.0,,,,,,,,,
162,176.0,291.0,133.0,69.0,128.0,270.0,379.0,302.0,,,,,,,,,,0.0,0.0,39.0,0.0,80.0,789.0,682.0,960.0,,,,,,,,,,0.0,0.0,43.0,0.0,58.0,769.0,356.0,914.0,,,,,,,,,,28.0,108.0,53.0,4.0,73.0,382.0,451.0,552.0,,,,,,,,,,0.0,11.0,0.0,0.0,0.0,3.0,13.0,18.0,,,,,,,,,
163,176.0,291.0,138.0,70.0,128.0,273.0,386.0,302.0,,,,,,,,,,0.0,0.0,39.0,0.0,80.0,789.0,689.0,969.0,,,,,,,,,,0.0,0.0,43.0,0.0,58.0,769.0,356.0,920.0,,,,,,,,,,28.0,108.0,56.0,4.0,73.0,382.0,461.0,561.0,,,,,,,,,,0.0,11.0,0.0,0.0,0.0,3.0,13.0,18.0,,,,,,,,,
164,176.0,291.0,145.0,70.0,128.0,273.0,392.0,313.0,,,,,,,,,,0.0,0.0,39.0,0.0,80.0,789.0,695.0,978.0,,,,,,,,,,0.0,0.0,43.0,0.0,58.0,769.0,356.0,929.0,,,,,,,,,,28.0,108.0,63.0,4.0,73.0,382.0,467.0,571.0,,,,,,,,,,0.0,11.0,0.0,0.0,0.0,3.0,13.0,18.0,,,,,,,,,
165,176.0,291.0,145.0,70.0,128.0,273.0,400.0,324.0,,,,,,,,,,0.0,0.0,39.0,0.0,80.0,792.0,703.0,987.0,,,,,,,,,,0.0,0.0,43.0,0.0,58.0,769.0,359.0,938.0,,,,,,,,,,28.0,108.0,63.0,4.0,73.0,389.0,475.0,582.0,,,,,,,,,,0.0,11.0,0.0,0.0,0.0,3.0,13.0,19.0,,,,,,,,,
166,176.0,291.0,145.0,70.0,128.0,273.0,407.0,329.0,,,,,,,,,,0.0,0.0,39.0,0.0,80.0,798.0,713.0,989.0,,,,,,,,,,0.0,0.0,43.0,0.0,58.0,775.0,363.0,940.0,,,,,,,,,,28.0,108.0,63.0,4.0,73.0,397.0,483.0,586.0,,,,,,,,,,0.0,11.0,0.0,0.0,0.0,3.0,13.0,19.0,,,,,,,,,
167,176.0,291.0,145.0,70.0,128.0,285.0,410.0,329.0,,,,,,,,,,0.0,0.0,39.0,0.0,80.0,808.0,715.0,989.0,,,,,,,,,,0.0,0.0,43.0,0.0,58.0,785.0,363.0,940.0,,,,,,,,,,28.0,108.0,63.0,4.0,73.0,412.0,488.0,586.0,,,,,,,,,,0.0,11.0,0.0,0.0,0.0,3.0,13.0,19.0,,,,,,,,,
168,176.0,291.0,145.0,70.0,128.0,296.0,415.0,329.0,,,,,,,,,,0.0,0.0,39.0,0.0,80.0,819.0,715.0,989.0,,,,,,,,,,0.0,0.0,43.0,0.0,58.0,794.0,363.0,940.0,,,,,,,,,,28.0,108.0,63.0,4.0,73.0,423.0,493.0,586.0,,,,,,,,,,0.0,11.0,0.0,0.0,0.0,3.0,13.0,19.0,,,,,,,,,
169,176.0,291.0,145.0,70.0,128.0,296.0,420.0,329.0,,,,,,,,,,0.0,0.0,39.0,0.0,80.0,824.0,715.0,989.0,,,,,,,,,,0.0,0.0,43.0,0.0,58.0,797.0,363.0,940.0,,,,,,,,,,28.0,108.0,63.0,4.0,73.0,423.0,496.0,586.0,,,,,,,,,,0.0,11.0,0.0,0.0,0.0,3.0,13.0,19.0,,,,,,,,,
170,176.0,291.0,145.0,70.0,128.0,296.0,428.0,329.0,,,,,,,,,,0.0,0.0,39.0,0.0,80.0,824.0,715.0,989.0,,,,,,,,,,0.0,0.0,43.0,0.0,58.0,797.0,363.0,940.0,,,,,,,,,,28.0,108.0,63.0,4.0,73.0,423.0,502.0,586.0,,,,,,,,,,0.0,11.0,0.0,0.0,0.0,3.0,13.0,19.0,,,,,,,,,
171,176.0,291.0,145.0,70.0,128.0,296.0,432.0,334.0,,,,,,,,,,0.0,0.0,39.0,0.0,80.0,824.0,715.0,996.0,,,,,,,,,,0.0,0.0,43.0,0.0,58.0,797.0,363.0,943.0,,,,,,,,,,28.0,108.0,63.0,4.0,73.0,423.0,504.0,591.0,,,,,,,,,,0.0,11.0,0.0,0.0,0.0,3.0,13.0,19.0,,,,,,,,,
172,176.0,291.0,145.0,70.0,128.0,296.0,439.0,339.0,,,,,,,,,,0.0,0.0,39.0,0.0,80.0,824.0,721.0,1005.0,,,,,,,,,,0.0,0.0,43.0,0.0,58.0,797.0,368.0,952.0,,,,,,,,,,28.0,108.0,63.0,4.0,73.0,423.0,510.0,597.0,,,,,,,,,,0.0,11.0,0.0,0.0,0.0,3.0,13.0,19.0,,,,,,,,,
173,176.0,291.0,145.0,70.0,128.0,296.0,449.0,339.0,,,,,,,,,,0.0,0.0,39.0,0.0,80.0,824.0,730.0,1005.0,,,,,,,,,,0.0,0.0,43.0,0.0,58.0,797.0,377.0,952.0,,,,,,,,,,28.0,108.0,63.0,4.0,73.0,423.0,520.0,597.0,,,,,,,,,,0.0,11.0,0.0,0.0,0.0,3.0,13.0,19.0,,,,,,,,,
174,179.0,291.0,145.0,70.0,128.0,299.0,458.0,339.0,,,,,,,,,,0.0,0.0,39.0,0.0,80.0,831.0,730.0,1005.0,,,,,,,,,,0.0,0.0,43.0,0.0,58.0,798.0,377.0,952.0,,,,,,,,,,33.0,108.0,63.0,4.0,73.0,426.0,528.0,597.0,,,,,,,,,,0.0,11.0,0.0,0.0,0.0,3.0,13.0,19.0,,,,,,,,,
175,179.0,291.0,145.0,70.0,129.0,306.0,466.0,339.0,,,,,,,,,,0.0,0.0,39.0,0.0,80.0,841.0,730.0,1005.0,,,,,,,,,,0.0,0.0,43.0,0.0,58.0,808.0,377.0,952.0,,,,,,,,,,33.0,108.0,63.0,4.0,74.0,433.0,533.0,597.0,,,,,,,,,,0.0,11.0,0.0,0.0,0.0,3.0,13.0,19.0,,,,,,,,,
176,179.0,291.0,145.0,70.0,134.0,306.0,471.0,339.0,,,,,,,,,,0.0,0.0,39.0,0.0,83.0,843.0,730.0,1005.0,,,,,,,,,,0.0,0.0,43.0,0.0,58.0,808.0,377.0,952.0,,,,,,,,,,33.0,108.0,63.0,4.0,79.0,433.0,533.0,597.0,,,,,,,,,,0.0,11.0,0.0,0.0,0.0,3.0,13.0,19.0,,,,,,,,,
177,179.0,291.0,145.0,70.0,134.0,309.0,471.0,339.0,,,,,,,,,,0.0,0.0,39.0,0.0,83.0,843.0,730.0,1005.0,,,,,,,,,,0.0,0.0,43.0,0.0,58.0,808.0,377.0,952.0,,,,,,,,,,33.0,108.0,63.0,4.0,79.0,436.0,533.0,597.0,,,,,,,,,,0.0,11.0,0.0,0.0,0.0,3.0,13.0,19.0,,,,,,,,,
178,179.0,291.0,145.0,70.0,134.0,309.0,471.0,341.0,,,,,,,,,,0.0,0.0,39.0,0.0,83.0,843.0,730.0,1012.0,,,,,,,,,,0.0,0.0,43.0,0.0,58.0,808.0,377.0,959.0,,,,,,,,,,33.0,108.0,63.0,4.0,79.0,436.0,533.0,598.0,,,,,,,,,,0.0,11.0,0.0,0.0,0.0,3.0,13.0,19.0,,,,,,,,,
179,179.0,291.0,145.0,70.0,134.0,309.0,478.0,345.0,,,,,,,,,,0.0,0.0,39.0,0.0,83.0,843.0,735.0,1019.0,,,,,,,,,,0.0,0.0,43.0,0.0,58.0,808.0,377.0,966.0,,,,,,,,,,33.0,108.0,63.0,4.0,79.0,436.0,539.0,602.0,,,,,,,,,,0.0,11.0,0.0,0.0,0.0,3.0,13.0,19.0,,,,,,,,,
180,179.0,293.0,145.0,70.0,134.0,314.0,486.0,345.0,,,,,,,,,,0.0,0.0,39.0,0.0,83.0,843.0,737.0,1019.0,,,,,,,,,,0.0,0.0,43.0,0.0,58.0,808.0,379.0,966.0,,,,,,,,,,33.0,108.0,63.0,4.0,79.0,440.0,546.0,602.0,,,,,,,,,,0.0,11.0,0.0,0.0,0.0,3.0,13.0,19.0,,,,,,,,,
181,184.0,293.0,145.0,70.0,134.0,318.0,486.0,345.0,,,,,,,,,,0.0,0.0,39.0,0.0,83.0,843.0,737.0,1019.0,,,,,,,,,,0.0,0.0,43.0,0.0,58.0,808.0,379.0,966.0,,,,,,,,,,35.0,108.0,63.0,4.0,79.0,444.0,546.0,602.0,,,,,,,,,,0.0,11.0,0.0,0.0,0.0,3.0,13.0,19.0,,,,,,,,,
182,184.0,297.0,145.0,70.0,136.0,326.0,486.0,345.0,,,,,,,,,,0.0,0.0,39.0,0.0,85.0,846.0,737.0,1026.0,,,,,,,,,,0.0,0.0,43.0,0.0,58.0,809.0,379.0,972.0,,,,,,,,,,35.0,108.0,63.0,4.0,82.0,452.0,546.0,602.0,,,,,,,,,,0.0,11.0,0.0,0.0,0.0,3.0,13.0,19.0,,,,,,,,,
183,184.0,297.0,145.0,70.0,153.0,326.0,486.0,351.0,,,,,,,,,,0.0,0.0,39.0,0.0,92.0,846.0,737.0,1035.0,,,,,,,,,,0.0,0.0,43.0,0.0,58.0,809.0,379.0,981.0,,,,,,,,,,35.0,108.0,63.0,4.0,99.0,452.0,546.0,610.0,,,,,,,,,,0.0,11.0,0.0,0.0,0.0,3.0,13.0,19.0,,,,,,,,,
184,184.0,297.0,145.0,70.0,159.0,326.0,486.0,359.0,,,,,,,,,,0.0,0.0,39.0,0.0,92.0,846.0,737.0,1045.0,,,,,,,,,,0.0,0.0,43.0,0.0,58.0,809.0,379.0,991.0,,,,,,,,,,35.0,108.0,63.0,4.0,99.0,452.0,546.0,616.0,,,,,,,,,,0.0,11.0,0.0,0.0,0.0,3.0,13.0,19.0,,,,,,,,,
185,184.0,297.0,145.0,70.0,161.0,326.0,490.0,367.0,,,,,,,,,,0.0,0.0,39.0,0.0,92.0,846.0,737.0,1054.0,,,,,,,,,,0.0,0.0,43.0,0.0,58.0,809.0,379.0,1000.0,,,,,,,,,,35.0,108.0,63.0,4.0,99.0,453.0,546.0,625.0,,,,,,,,,,0.0,11.0,0.0,0.0,0.0,3.0,13.0,20.0,,,,,,,,,
186,184.0,302.0,145.0,70.0,166.0,333.0,498.0,374.0,,,,,,,,,,0.0,0.0,39.0,0.0,92.0,853.0,737.0,1063.0,,,,,,,,,,0.0,0.0,43.0,0.0,58.0,809.0,379.0,1009.0,,,,,,,,,,35.0,108.0,63.0,4.0,99.0,465.0,553.0,635.0,,,,,,,,,,0.0,11.0,0.0,0.0,0.0,3.0,13.0,24.0,,,,,,,,,
187,184.0,319.0,145.0,70.0,166.0,338.0,498.0,374.0,,,,,,,,,,0.0,0.0,39.0,0.0,92.0,853.0,741.0,1063.0,,,,,,,,,,0.0,0.0,43.0,0.0,58.0,809.0,383.0,1009.0,,,,,,,,,,35.0,123.0,63.0,4.0,99.0,469.0,556.0,635.0,,,,,,,,,,0.0,11.0,0.0,0.0,0.0,3.0,13.0,24.0,,,,,,,,,
188,184.0,323.0,145.0,70.0,166.0,350.0,498.0,379.0,,,,,,,,,,0.0,0.0,39.0,0.0,92.0,864.0,741.0,1063.0,,,,,,,,,,0.0,0.0,43.0,0.0,58.0,820.0,383.0,1009.0,,,,,,,,,,35.0,123.0,63.0,4.0,99.0,479.0,556.0,641.0,,,,,,,,,,0.0,11.0,0.0,0.0,0.0,3.0,13.0,24.0,,,,,,,,,
189,184.0,323.0,145.0,70.0,166.0,366.0,498.0,379.0,,,,,,,,,,0.0,0.0,39.0,0.0,92.0,873.0,741.0,1063.0,,,,,,,,,,0.0,0.0,43.0,0.0,58.0,829.0,383.0,1009.0,,,,,,,,,,35.0,123.0,63.0,4.0,99.0,490.0,560.0,642.0,,,,,,,,,,0.0,11.0,0.0,0.0,0.0,3.0,13.0,24.0,,,,,,,,,
190,184.0,323.0,145.0,70.0,166.0,366.0,498.0,379.0,,,,,,,,,,0.0,0.0,39.0,0.0,92.0,873.0,741.0,1063.0,,,,,,,,,,0.0,0.0,43.0,0.0,58.0,829.0,383.0,1009.0,,,,,,,,,,35.0,123.0,63.0,4.0,99.0,490.0,562.0,642.0,,,,,,,,,,0.0,11.0,0.0,0.0,0.0,3.0,13.0,24.0,,,,,,,,,
191,184.0,323.0,145.0,70.0,166.0,366.0,498.0,379.0,,,,,,,,,,0.0,0.0,39.0,0.0,92.0,873.0,741.0,1063.0,,,,,,,,,,0.0,0.0,43.0,0.0,58.0,829.0,383.0,1009.0,,,,,,,,,,35.0,123.0,63.0,4.0,99.0,490.0,562.0,642.0,,,,,,,,,,0.0,11.0,0.0,0.0,0.0,3.0,13.0,24.0,,,,,,,,,
192,184.0,323.0,145.0,70.0,166.0,366.0,498.0,384.0,,,,,,,,,,0.0,0.0,39.0,0.0,92.0,873.0,741.0,1069.0,,,,,,,,,,0.0,0.0,43.0,0.0,58.0,829.0,383.0,1014.0,,,,,,,,,,35.0,123.0,63.0,4.0,99.0,490.0,562.0,647.0,,,,,,,,,,0.0,11.0,0.0,0.0,0.0,3.0,13.0,24.0,,,,,,,,,
193,184.0,323.0,145.0,70.0,166.0,366.0,502.0,391.0,,,,,,,,,,0.0,0.0,39.0,0.0,92.0,873.0,742.0,1077.0,,,,,,,,,,0.0,0.0,43.0,0.0,58.0,829.0,384.0,1021.0,,,,,,,,,,35.0,123.0,63.0,4.0,99.0,490.0,566.0,655.0,,,,,,,,,,0.0,11.0,0.0,0.0,0.0,3.0,13.0,24.0,,,,,,,,,
194,184.0,323.0,145.0,70.0,166.0,366.0,507.0,391.0,,,,,,,,,,0.0,0.0,39.0,0.0,92.0,873.0,747.0,1077.0,,,,,,,,,,0.0,0.0,43.0,0.0,58.0,829.0,389.0,1021.0,,,,,,,,,,35.0,123.0,63.0,4.0,99.0,490.0,571.0,655.0,,,,,,,,,,0.0,11.0,0.0,0.0,0.0,3.0,13.0,24.0,,,,,,,,,
195,184.0,323.0,145.0,70.0,166.0,373.0,507.0,391.0,,,,,,,,,,0.0,0.0,39.0,0.0,92.0,879.0,747.0,1077.0,,,,,,,,,,0.0,0.0,43.0,0.0,58.0,833.0,389.0,1021.0,,,,,,,,,,35.0,123.0,63.0,4.0,99.0,497.0,571.0,655.0,,,,,,,,,,0.0,11.0,0.0,0.0,0.0,3.0,13.0,24.0,,,,,,,,,
196,184.0,323.0,145.0,70.0,172.0,383.0,507.0,391.0,,,,,,,,,,0.0,0.0,39.0,0.0,92.0,888.0,747.0,1077.0,,,,,,,,,,0.0,0.0,43.0,0.0,58.0,842.0,389.0,1021.0,,,,,,,,,,35.0,123.0,64.0,4.0,105.0,507.0,571.0,655.0,,,,,,,,,,0.0,11.0,0.0,0.0,0.0,3.0,13.0,24.0,,,,,,,,,
197,184.0,323.0,145.0,74.0,187.0,386.0,507.0,391.0,,,,,,,,,,0.0,0.0,39.0,0.0,92.0,888.0,747.0,1077.0,,,,,,,,,,0.0,0.0,43.0,0.0,58.0,842.0,389.0,1021.0,,,,,,,,,,35.0,123.0,64.0,4.0,120.0,507.0,571.0,655.0,,,,,,,,,,0.0,11.0,0.0,0.0,0.0,3.0,13.0,24.0,,,,,,,,,
198,184.0,323.0,145.0,74.0,190.0,392.0,507.0,391.0,,,,,,,,,,0.0,0.0,39.0,0.0,92.0,888.0,747.0,1077.0,,,,,,,,,,0.0,0.0,43.0,0.0,58.0,842.0,389.0,1021.0,,,,,,,,,,35.0,123.0,64.0,4.0,120.0,511.0,571.0,655.0,,,,,,,,,,0.0,11.0,0.0,0.0,0.0,3.0,13.0,24.0,,,,,,,,,
199,184.0,323.0,149.0,74.0,190.0,392.0,507.0,398.0,,,,,,,,,,0.0,0.0,39.0,0.0,92.0,888.0,747.0,1082.0,,,,,,,,,,0.0,0.0,43.0,0.0,58.0,842.0,389.0,1026.0,,,,,,,,,,35.0,123.0,68.0,4.0,120.0,511.0,571.0,660.0,,,,,,,,,,0.0,11.0,0.0,0.0,0.0,3.0,13.0,24.0,,,,,,,,,
200,184.0,323.0,149.0,74.0,190.0,392.0,511.0,406.0,,,,,,,,,,0.0,0.0,39.0,0.0,92.0,888.0,754.0,1090.0,,,,,,,,,,0.0,0.0,43.0,0.0,58.0,842.0,396.0,1034.0,,,,,,,,,,35.0,123.0,68.0,4.0,120.0,511.0,575.0,669.0,,,,,,,,,,0.0,11.0,0.0,0.0,0.0,3.0,13.0,24.0,,,,,,,,,
201,184.0,323.0,149.0,74.0,190.0,392.0,514.0,409.0,,,,,,,,,,0.0,0.0,39.0,0.0,92.0,888.0,764.0,1090.0,,,,,,,,,,0.0,0.0,43.0,0.0,58.0,842.0,406.0,1034.0,,,,,,,,,,35.0,123.0,68.0,4.0,120.0,511.0,583.0,672.0,,,,,,,,,,0.0,11.0,0.0,0.0,0.0,3.0,13.0,24.0,,,,,,,,,
202,184.0,323.0,149.0,74.0,190.0,397.0,514.0,409.0,,,,,,,,,,0.0,0.0,39.0,0.0,92.0,894.0,764.0,1090.0,,,,,,,,,,0.0,0.0,43.0,0.0,58.0,848.0,406.0,1034.0,,,,,,,,,,35.0,123.0,68.0,4.0,120.0,514.0,585.0,677.0,,,,,,,,,,0.0,11.0,0.0,0.0,0.0,3.0,13.0,24.0,,,,,,,,,
203,184.0,323.0,149.0,74.0,190.0,404.0,515.0,411.0,,,,,,,,,,0.0,0.0,39.0,0.0,92.0,904.0,764.0,1090.0,,,,,,,,,,0.0,0.0,43.0,0.0,58.0,858.0,406.0,1034.0,,,,,,,,,,35.0,123.0,68.0,4.0,120.0,524.0,585.0,680.0,,,,,,,,,,0.0,11.0,0.0,0.0,0.0,3.0,13.0,24.0,,,,,,,,,
204,184.0,323.0,149.0,74.0,199.0,404.0,515.0,413.0,,,,,,,,,,0.0,0.0,39.0,0.0,97.0,904.0,764.0,1090.0,,,,,,,,,,0.0,0.0,43.0,0.0,59.0,858.0,406.0,1034.0,,,,,,,,,,35.0,123.0,68.0,4.0,128.0,524.0,585.0,681.0,,,,,,,,,,0.0,11.0,0.0,0.0,0.0,3.0,13.0,24.0,,,,,,,,,
205,184.0,323.0,149.0,74.0,199.0,404.0,515.0,413.0,,,,,,,,,,0.0,0.0,39.0,0.0,97.0,904.0,764.0,1094.0,,,,,,,,,,0.0,0.0,43.0,0.0,59.0,858.0,406.0,1038.0,,,,,,,,,,35.0,123.0,68.0,4.0,128.0,524.0,585.0,685.0,,,,,,,,,,0.0,11.0,0.0,0.0,0.0,3.0,13.0,24.0,,,,,,,,,
206,184.0,323.0,149.0,74.0,199.0,407.0,515.0,420.0,,,,,,,,,,0.0,0.0,39.0,0.0,97.0,904.0,770.0,1103.0,,,,,,,,,,0.0,0.0,43.0,0.0,59.0,858.0,410.0,1047.0,,,,,,,,,,35.0,123.0,68.0,4.0,128.0,525.0,585.0,692.0,,,,,,,,,,0.0,11.0,0.0,0.0,0.0,3.0,13.0,24.0,,,,,,,,,
207,184.0,323.0,149.0,74.0,199.0,407.0,515.0,426.0,,,,,,,,,,0.0,0.0,39.0,0.0,97.0,904.0,779.0,1113.0,,,,,,,,,,0.0,0.0,43.0,0.0,59.0,858.0,419.0,1057.0,,,,,,,,,,35.0,123.0,68.0,4.0,128.0,525.0,585.0,702.0,,,,,,,,,,0.0,11.0,0.0,0.0,0.0,3.0,13.0,24.0,,,,,,,,,
208,184.0,328.0,149.0,74.0,199.0,407.0,515.0,432.0,,,,,,,,,,0.0,0.0,39.0,0.0,97.0,904.0,788.0,1119.0,,,,,,,,,,0.0,0.0,43.0,0.0,59.0,858.0,428.0,1057.0,,,,,,,,,,35.0,123.0,68.0,4.0,128.0,525.0,585.0,708.0,,,,,,,,,,0.0,11.0,0.0,0.0,0.0,3.0,13.0,24.0,,,,,,,,,
209,184.0,328.0,149.0,74.0,199.0,407.0,515.0,435.0,,,,,,,,,,0.0,0.0,39.0,0.0,97.0,904.0,793.0,1119.0,,,,,,,,,,0.0,0.0,43.0,0.0,59.0,858.0,433.0,1057.0,,,,,,,,,,35.0,123.0,68.0,4.0,128.0,525.0,585.0,713.0,,,,,,,,,,0.0,11.0,0.0,0.0,0.0,3.0,13.0,24.0,,,,,,,,,
210,184.0,329.0,155.0,74.0,199.0,415.0,515.0,437.0,,,,,,,,,,0.0,0.0,39.0,0.0,97.0,912.0,799.0,1119.0,,,,,,,,,,0.0,0.0,43.0,0.0,59.0,866.0,439.0,1057.0,,,,,,,,,,35.0,123.0,69.0,4.0,128.0,533.0,585.0,714.0,,,,,,,,,,0.0,11.0,0.0,0.0,0.0,3.0,13.0,24.0,,,,,,,,,
211,184.0,333.0,155.0,74.0,207.0,420.0,515.0,437.0,,,,,,,,,,0.0,0.0,39.0,0.0,97.0,912.0,799.0,1119.0,,,,,,,,,,0.0,0.0,43.0,0.0,59.0,866.0,439.0,1057.0,,,,,,,,,,35.0,123.0,71.0,4.0,134.0,536.0,585.0,714.0,,,,,,,,,,0.0,11.0,0.0,0.0,0.0,3.0,13.0,24.0,,,,,,,,,
212,184.0,333.0,162.0,74.0,207.0,422.0,515.0,437.0,,,,,,,,,,0.0,0.0,39.0,0.0,97.0,912.0,799.0,1119.0,,,,,,,,,,0.0,0.0,43.0,0.0,59.0,866.0,439.0,1057.0,,,,,,,,,,35.0,123.0,75.0,4.0,134.0,538.0,585.0,714.0,,,,,,,,,,0.0,11.0,0.0,0.0,0.0,3.0,13.0,24.0,,,,,,,,,
213,184.0,333.0,162.0,74.0,207.0,422.0,515.0,439.0,,,,,,,,,,0.0,0.0,39.0,0.0,97.0,912.0,799.0,1124.0,,,,,,,,,,0.0,0.0,43.0,0.0,59.0,866.0,439.0,1062.0,,,,,,,,,,35.0,123.0,75.0,4.0,134.0,538.0,585.0,719.0,,,,,,,,,,0.0,11.0,0.0,0.0,0.0,3.0,13.0,24.0,,,,,,,,,
214,184.0,333.0,162.0,74.0,207.0,422.0,518.0,444.0,,,,,,,,,,0.0,0.0,39.0,0.0,97.0,912.0,806.0,1131.0,,,,,,,,,,0.0,0.0,43.0,0.0,59.0,866.0,446.0,1069.0,,,,,,,,,,35.0,123.0,75.0,4.0,134.0,538.0,589.0,726.0,,,,,,,,,,0.0,11.0,0.0,0.0,0.0,3.0,13.0,24.0,,,,,,,,,
215,184.0,333.0,162.0,74.0,207.0,422.0,526.0,444.0,,,,,,,,,,0.0,0.0,39.0,0.0,97.0,912.0,816.0,1131.0,,,,,,,,,,0.0,0.0,43.0,0.0,59.0,866.0,456.0,1069.0,,,,,,,,,,35.0,123.0,75.0,4.0,135.0,538.0,598.0,726.0,,,,,,,,,,0.0,11.0,0.0,0.0,0.0,3.0,13.0,24.0,,,,,,,,,
216,184.0,333.0,162.0,74.0,207.0,422.0,528.0,444.0,,,,,,,,,,0.0,0.0,39.0,0.0,97.0,912.0,816.0,1131.0,,,,,,,,,,0.0,0.0,43.0,0.0,59.0,866.0,456.0,1069.0,,,,,,,,,,35.0,123.0,75.0,4.0,135.0,538.0,601.0,726.0,,,,,,,,,,0.0,11.0,0.0,0.0,0.0,3.0,13.0,24.0,,,,,,,,,
217,184.0,333.0,162.0,74.0,207.0,426.0,536.0,448.0,,,,,,,,,,0.0,0.0,39.0,0.0,97.0,913.0,819.0,1131.0,,,,,,,,,,0.0,0.0,43.0,0.0,59.0,867.0,459.0,1069.0,,,,,,,,,,35.0,123.0,76.0,4.0,135.0,542.0,616.0,730.0,,,,,,,,,,0.0,11.0,0.0,0.0,0.0,3.0,13.0,24.0,,,,,,,,,
218,184.0,333.0,162.0,74.0,207.0,426.0,543.0,454.0,,,,,,,,,,0.0,0.0,39.0,0.0,103.0,913.0,819.0,1131.0,,,,,,,,,,0.0,0.0,43.0,0.0,59.0,867.0,459.0,1069.0,,,,,,,,,,35.0,123.0,83.0,4.0,142.0,542.0,622.0,730.0,,,,,,,,,,0.0,11.0,0.0,0.0,0.0,3.0,13.0,24.0,,,,,,,,,
219,184.0,333.0,162.0,74.0,218.0,426.0,548.0,454.0,,,,,,,,,,0.0,0.0,40.0,0.0,103.0,913.0,819.0,1131.0,,,,,,,,,,0.0,0.0,44.0,0.0,59.0,867.0,459.0,1069.0,,,,,,,,,,35.0,123.0,85.0,4.0,142.0,542.0,627.0,730.0,,,,,,,,,,0.0,11.0,0.0,0.0,0.0,3.0,13.0,24.0,,,,,,,,,
220,184.0,333.0,178.0,74.0,233.0,426.0,552.0,460.0,,,,,,,,,,0.0,0.0,40.0,0.0,103.0,913.0,820.0,1137.0,,,,,,,,,,0.0,0.0,44.0,0.0,59.0,867.0,459.0,1074.0,,,,,,,,,,35.0,123.0,102.0,4.0,142.0,542.0,631.0,736.0,,,,,,,,,,0.0,11.0,0.0,0.0,0.0,3.0,13.0,24.0,,,,,,,,,
221,184.0,333.0,178.0,74.0,233.0,426.0,559.0,466.0,,,,,,,,,,0.0,0.0,40.0,0.0,103.0,913.0,827.0,1144.0,,,,,,,,,,0.0,0.0,44.0,0.0,59.0,867.0,466.0,1080.0,,,,,,,,,,35.0,123.0,102.0,4.0,142.0,544.0,638.0,742.0,,,,,,,,,,0.0,11.0,0.0,0.0,0.0,3.0,13.0,24.0,,,,,,,,,
222,190.0,333.0,178.0,74.0,233.0,432.0,567.0,466.0,,,,,,,,,,0.0,0.0,40.0,0.0,103.0,913.0,835.0,1144.0,,,,,,,,,,0.0,0.0,44.0,0.0,59.0,867.0,474.0,1080.0,,,,,,,,,,35.0,123.0,102.0,4.0,142.0,553.0,646.0,742.0,,,,,,,,,,0.0,11.0,0.0,0.0,0.0,3.0,13.0,24.0,,,,,,,,,
223,196.0,333.0,178.0,74.0,233.0,441.0,570.0,469.0,,,,,,,,,,0.0,0.0,40.0,0.0,103.0,917.0,835.0,1144.0,,,,,,,,,,0.0,0.0,44.0,0.0,59.0,871.0,474.0,1080.0,,,,,,,,,,35.0,123.0,102.0,4.0,142.0,562.0,649.0,742.0,,,,,,,,,,0.0,11.0,0.0,0.0,0.0,3.0,13.0,24.0,,,,,,,,,
224,196.0,333.0,178.0,74.0,233.0,449.0,570.0,469.0,,,,,,,,,,0.0,0.0,40.0,0.0,103.0,924.0,835.0,1144.0,,,,,,,,,,0.0,0.0,44.0,0.0,59.0,878.0,474.0,1080.0,,,,,,,,,,35.0,123.0,102.0,4.0,142.0,570.0,649.0,742.0,,,,,,,,,,0.0,11.0,0.0,0.0,0.0,3.0,13.0,24.0,,,,,,,,,
225,196.0,333.0,178.0,74.0,233.0,449.0,570.0,470.0,,,,,,,,,,0.0,0.0,40.0,0.0,103.0,924.0,835.0,1144.0,,,,,,,,,,0.0,0.0,44.0,0.0,59.0,878.0,474.0,1080.0,,,,,,,,,,35.0,123.0,102.0,4.0,142.0,572.0,649.0,742.0,,,,,,,,,,0.0,11.0,0.0,0.0,0.0,3.0,13.0,24.0,,,,,,,,,
226,196.0,333.0,179.0,74.0,233.0,449.0,570.0,470.0,,,,,,,,,,0.0,0.0,40.0,0.0,103.0,924.0,835.0,1144.0,,,,,,,,,,0.0,0.0,44.0,0.0,59.0,878.0,474.0,1080.0,,,,,,,,,,35.0,123.0,102.0,4.0,142.0,572.0,649.0,742.0,,,,,,,,,,0.0,11.0,0.0,0.0,0.0,3.0,13.0,24.0,,,,,,,,,
227,196.0,333.0,179.0,74.0,233.0,449.0,573.0,470.0,,,,,,,,,,0.0,0.0,40.0,0.0,103.0,924.0,838.0,1146.0,,,,,,,,,,0.0,0.0,44.0,0.0,59.0,878.0,477.0,1080.0,,,,,,,,,,35.0,123.0,102.0,4.0,142.0,572.0,652.0,742.0,,,,,,,,,,0.0,11.0,0.0,0.0,0.0,3.0,13.0,24.0,,,,,,,,,
228,196.0,333.0,179.0,74.0,233.0,451.0,578.0,470.0,,,,,,,,,,0.0,0.0,40.0,0.0,103.0,931.0,841.0,1151.0,,,,,,,,,,0.0,0.0,44.0,0.0,59.0,885.0,478.0,1085.0,,,,,,,,,,35.0,123.0,104.0,4.0,142.0,574.0,656.0,742.0,,,,,,,,,,0.0,11.0,0.0,0.0,0.0,3.0,13.0,24.0,,,,,,,,,
229,196.0,333.0,179.0,74.0,233.0,451.0,583.0,470.0,,,,,,,,,,0.0,0.0,40.0,0.0,103.0,931.0,846.0,1151.0,,,,,,,,,,0.0,0.0,44.0,0.0,59.0,885.0,482.0,1085.0,,,,,,,,,,35.0,123.0,104.0,4.0,142.0,574.0,661.0,742.0,,,,,,,,,,0.0,11.0,0.0,0.0,0.0,3.0,13.0,24.0,,,,,,,,,
230,196.0,333.0,179.0,74.0,233.0,451.0,583.0,470.0,,,,,,,,,,0.0,0.0,40.0,0.0,103.0,931.0,846.0,1152.0,,,,,,,,,,0.0,0.0,44.0,0.0,59.0,885.0,482.0,1085.0,,,,,,,,,,35.0,123.0,104.0,4.0,142.0,574.0,661.0,742.0,,,,,,,,,,0.0,11.0,0.0,0.0,0.0,3.0,13.0,24.0,,,,,,,,,
231,196.0,333.0,179.0,74.0,233.0,451.0,583.0,470.0,,,,,,,,,,0.0,0.0,40.0,0.0,103.0,939.0,846.0,1152.0,,,,,,,,,,0.0,0.0,44.0,0.0,59.0,893.0,482.0,1085.0,,,,,,,,,,35.0,123.0,104.0,4.0,142.0,576.0,661.0,742.0,,,,,,,,,,0.0,11.0,0.0,0.0,0.0,3.0,13.0,24.0,,,,,,,,,
232,196.0,333.0,179.0,74.0,233.0,451.0,583.0,470.0,,,,,,,,,,0.0,0.0,40.0,0.0,103.0,939.0,846.0,1152.0,,,,,,,,,,0.0,0.0,44.0,0.0,59.0,893.0,482.0,1085.0,,,,,,,,,,35.0,123.0,104.0,4.0,142.0,576.0,661.0,742.0,,,,,,,,,,0.0,11.0,0.0,0.0,0.0,3.0,13.0,24.0,,,,,,,,,
233,196.0,333.0,179.0,74.0,233.0,451.0,583.0,470.0,,,,,,,,,,0.0,0.0,40.0,0.0,103.0,939.0,846.0,1152.0,,,,,,,,,,0.0,0.0,44.0,0.0,59.0,893.0,482.0,1085.0,,,,,,,,,,35.0,123.0,104.0,4.0,142.0,576.0,661.0,742.0,,,,,,,,,,0.0,11.0,0.0,0.0,0.0,3.0,13.0,24.0,,,,,,,,,
234,196.0,333.0,179.0,74.0,233.0,458.0,584.0,475.0,,,,,,,,,,0.0,0.0,40.0,0.0,103.0,939.0,846.0,1159.0,,,,,,,,,,0.0,0.0,44.0,0.0,59.0,893.0,482.0,1092.0,,,,,,,,,,35.0,123.0,104.0,4.0,142.0,580.0,661.0,748.0,,,,,,,,,,0.0,11.0,0.0,0.0,0.0,3.0,13.0,24.0,,,,,,,,,
235,196.0,333.0,179.0,74.0,233.0,464.0,586.0,482.0,,,,,,,,,,0.0,0.0,40.0,0.0,103.0,939.0,848.0,1167.0,,,,,,,,,,0.0,0.0,44.0,0.0,59.0,893.0,483.0,1100.0,,,,,,,,,,35.0,123.0,104.0,4.0,142.0,588.0,663.0,756.0,,,,,,,,,,0.0,11.0,0.0,0.0,0.0,3.0,13.0,24.0,,,,,,,,,
236,196.0,339.0,179.0,74.0,233.0,472.0,593.0,482.0,,,,,,,,,,0.0,0.0,40.0,0.0,103.0,939.0,855.0,1171.0,,,,,,,,,,0.0,0.0,44.0,0.0,59.0,893.0,490.0,1104.0,,,,,,,,,,35.0,123.0,104.0,4.0,142.0,596.0,670.0,757.0,,,,,,,,,,0.0,11.0,0.0,0.0,0.0,3.0,13.0,24.0,,,,,,,,,
237,196.0,339.0,179.0,74.0,233.0,482.0,593.0,482.0,,,,,,,,,,0.0,0.0,40.0,0.0,103.0,946.0,855.0,1171.0,,,,,,,,,,0.0,0.0,44.0,0.0,59.0,898.0,490.0,1104.0,,,,,,,,,,35.0,123.0,104.0,4.0,142.0,603.0,670.0,757.0,,,,,,,,,,0.0,11.0,0.0,0.0,0.0,3.0,13.0,24.0,,,,,,,,,
238,196.0,339.0,179.0,74.0,233.0,497.0,593.0,482.0,,,,,,,,,,0.0,0.0,40.0,0.0,103.0,955.0,855.0,1176.0,,,,,,,,,,0.0,0.0,44.0,0.0,59.0,907.0,490.0,1109.0,,,,,,,,,,35.0,123.0,104.0,4.0,142.0,615.0,670.0,757.0,,,,,,,,,,0.0,11.0,0.0,0.0,0.0,3.0,13.0,24.0,,,,,,,,,
239,196.0,342.0,179.0,74.0,233.0,497.0,593.0,482.0,,,,,,,,,,0.0,0.0,40.0,0.0,110.0,955.0,855.0,1179.0,,,,,,,,,,0.0,0.0,44.0,0.0,66.0,907.0,490.0,1112.0,,,,,,,,,,35.0,123.0,104.0,4.0,142.0,615.0,670.0,757.0,,,,,,,,,,0.0,11.0,0.0,0.0,0.0,3.0,13.0,24.0,,,,,,,,,
240,196.0,342.0,179.0,74.0,233.0,497.0,593.0,482.0,,,,,,,,,,0.0,0.0,40.0,0.0,110.0,955.0,858.0,1185.0,,,,,,,,,,0.0,0.0,44.0,0.0,66.0,907.0,493.0,1118.0,,,,,,,,,,35.0,123.0,104.0,4.0,142.0,615.0,673.0,757.0,,,,,,,,,,0.0,11.0,0.0,0.0,0.0,3.0,13.0,24.0,,,,,,,,,
241,196.0,342.0,179.0,74.0,233.0,497.0,593.0,488.0,,,,,,,,,,0.0,0.0,40.0,0.0,110.0,955.0,865.0,1193.0,,,,,,,,,,0.0,0.0,44.0,0.0,66.0,907.0,500.0,1126.0,,,,,,,,,,35.0,123.0,104.0,4.0,142.0,615.0,677.0,765.0,,,,,,,,,,0.0,11.0,0.0,0.0,0.0,3.0,13.0,24.0,,,,,,,,,
242,196.0,342.0,179.0,74.0,233.0,497.0,597.0,496.0,,,,,,,,,,0.0,0.0,40.0,0.0,110.0,955.0,872.0,1201.0,,,,,,,,,,0.0,0.0,44.0,0.0,66.0,907.0,506.0,1134.0,,,,,,,,,,35.0,123.0,104.0,4.0,142.0,615.0,681.0,773.0,,,,,,,,,,0.0,11.0,0.0,0.0,0.0,3.0,13.0,24.0,,,,,,,,,
243,196.0,342.0,179.0,74.0,233.0,497.0,603.0,501.0,,,,,,,,,,0.0,0.0,40.0,0.0,110.0,955.0,881.0,1208.0,,,,,,,,,,0.0,0.0,44.0,0.0,66.0,907.0,515.0,1141.0,,,,,,,,,,35.0,123.0,104.0,4.0,142.0,615.0,687.0,781.0,,,,,,,,,,0.0,11.0,0.0,0.0,0.0,3.0,13.0,24.0,,,,,,,,,
244,196.0,342.0,179.0,74.0,233.0,500.0,603.0,501.0,,,,,,,,,,0.0,0.0,40.0,0.0,110.0,955.0,888.0,1208.0,,,,,,,,,,0.0,0.0,44.0,0.0,66.0,907.0,522.0,1141.0,,,,,,,,,,35.0,123.0,104.0,4.0,142.0,615.0,688.0,781.0,,,,,,,,,,0.0,11.0,0.0,0.0,0.0,3.0,13.0,24.0,,,,,,,,,
245,196.0,342.0,179.0,74.0,233.0,505.0,603.0,501.0,,,,,,,,,,0.0,0.0,40.0,0.0,110.0,955.0,890.0,1208.0,,,,,,,,,,0.0,0.0,44.0,0.0,66.0,907.0,522.0,1141.0,,,,,,,,,,35.0,123.0,104.0,4.0,142.0,615.0,690.0,781.0,,,,,,,,,,0.0,11.0,0.0,0.0,0.0,3.0,13.0,24.0,,,,,,,,,
246,196.0,342.0,179.0,74.0,233.0,505.0,608.0,501.0,,,,,,,,,,0.0,0.0,40.0,0.0,110.0,955.0,898.0,1208.0,,,,,,,,,,0.0,0.0,44.0,0.0,66.0,907.0,528.0,1141.0,,,,,,,,,,35.0,123.0,104.0,4.0,142.0,615.0,698.0,781.0,,,,,,,,,,0.0,11.0,0.0,0.0,0.0,3.0,13.0,24.0,,,,,,,,,
247,196.0,342.0,179.0,74.0,233.0,505.0,608.0,506.0,,,,,,,,,,0.0,0.0,40.0,0.0,110.0,955.0,898.0,1208.0,,,,,,,,,,0.0,0.0,44.0,0.0,66.0,907.0,528.0,1141.0,,,,,,,,,,35.0,123.0,104.0,4.0,142.0,615.0,698.0,781.0,,,,,,,,,,0.0,11.0,0.0,0.0,0.0,3.0,13.0,24.0,,,,,,,,,
248,196.0,342.0,179.0,74.0,233.0,505.0,608.0,514.0,,,,,,,,,,0.0,0.0,40.0,0.0,110.0,955.0,900.0,1208.0,,,,,,,,,,0.0,0.0,44.0,0.0,66.0,907.0,528.0,1141.0,,,,,,,,,,35.0,123.0,104.0,4.0,142.0,615.0,698.0,783.0,,,,,,,,,,0.0,11.0,0.0,0.0,0.0,3.0,13.0,24.0,,,,,,,,,
249,196.0,342.0,179.0,74.0,233.0,511.0,613.0,,,,,,,,,,,0.0,0.0,40.0,0.0,110.0,955.0,908.0,,,,,,,,,,,0.0,0.0,44.0,0.0,66.0,907.0,536.0,,,,,,,,,,,35.0,123.0,104.0,4.0,142.0,615.0,707.0,,,,,,,,,,,0.0,11.0,0.0,0.0,0.0,3.0,13.0,,,,,,,,,,
250,196.0,342.0,179.0,74.0,233.0,511.0,622.0,,,,,,,,,,,0.0,0.0,40.0,0.0,110.0,955.0,914.0,,,,,,,,,,,0.0,0.0,44.0,0.0,66.0,907.0,542.0,,,,,,,,,,,35.0,123.0,104.0,4.0,142.0,615.0,721.0,,,,,,,,,,,0.0,11.0,0.0,0.0,0.0,3.0,13.0,,,,,,,,,,
251,196.0,342.0,179.0,74.0,233.0,512.0,622.0,,,,,,,,,,,0.0,0.0,40.0,0.0,110.0,956.0,914.0,,,,,,,,,,,0.0,0.0,44.0,0.0,66.0,907.0,542.0,,,,,,,,,,,35.0,123.0,104.0,4.0,142.0,616.0,721.0,,,,,,,,,,,0.0,11.0,0.0,0.0,0.0,3.0,13.0,,,,,,,,,,
252,196.0,342.0,179.0,74.0,233.0,515.0,622.0,,,,,,,,,,,0.0,0.0,40.0,0.0,110.0,963.0,914.0,,,,,,,,,,,0.0,0.0,44.0,0.0,66.0,914.0,542.0,,,,,,,,,,,35.0,123.0,104.0,4.0,142.0,620.0,721.0,,,,,,,,,,,0.0,11.0,0.0,0.0,0.0,3.0,13.0,,,,,,,,,,
253,196.0,342.0,179.0,74.0,235.0,515.0,622.0,,,,,,,,,,,0.0,0.0,40.0,0.0,110.0,963.0,920.0,,,,,,,,,,,0.0,0.0,44.0,0.0,66.0,914.0,548.0,,,,,,,,,,,35.0,123.0,104.0,4.0,144.0,620.0,727.0,,,,,,,,,,,0.0,11.0,0.0,0.0,0.0,3.0,13.0,,,,,,,,,,
254,196.0,342.0,179.0,74.0,235.0,520.0,626.0,,,,,,,,,,,0.0,0.0,40.0,0.0,110.0,963.0,928.0,,,,,,,,,,,0.0,0.0,44.0,0.0,66.0,914.0,553.0,,,,,,,,,,,35.0,123.0,104.0,4.0,144.0,621.0,739.0,,,,,,,,,,,0.0,11.0,0.0,0.0,0.0,3.0,13.0,,,,,,,,,,
255,196.0,342.0,179.0,74.0,235.0,520.0,632.0,,,,,,,,,,,0.0,0.0,40.0,0.0,110.0,963.0,929.0,,,,,,,,,,,0.0,0.0,44.0,0.0,66.0,914.0,553.0,,,,,,,,,,,35.0,123.0,104.0,4.0,144.0,625.0,746.0,,,,,,,,,,,0.0,11.0,0.0,0.0,0.0,3.0,13.0,,,,,,,,,,
256,196.0,344.0,179.0,74.0,235.0,520.0,636.0,,,,,,,,,,,0.0,0.0,40.0,0.0,110.0,963.0,935.0,,,,,,,,,,,0.0,0.0,44.0,0.0,66.0,914.0,559.0,,,,,,,,,,,35.0,123.0,104.0,4.0,144.0,625.0,752.0,,,,,,,,,,,0.0,11.0,0.0,0.0,0.0,3.0,13.0,,,,,,,,,,
257,196.0,349.0,179.0,74.0,235.0,520.0,639.0,,,,,,,,,,,0.0,0.0,40.0,0.0,110.0,970.0,941.0,,,,,,,,,,,0.0,0.0,44.0,0.0,66.0,921.0,565.0,,,,,,,,,,,35.0,123.0,104.0,4.0,144.0,625.0,757.0,,,,,,,,,,,0.0,11.0,0.0,0.0,0.0,3.0,13.0,,,,,,,,,,
258,200.0,349.0,179.0,74.0,235.0,524.0,654.0,,,,,,,,,,,0.0,0.0,40.0,0.0,110.0,976.0,941.0,,,,,,,,,,,0.0,0.0,44.0,0.0,66.0,927.0,565.0,,,,,,,,,,,35.0,123.0,104.0,4.0,144.0,627.0,771.0,,,,,,,,,,,0.0,11.0,0.0,0.0,0.0,3.0,13.0,,,,,,,,,,
259,200.0,349.0,179.0,74.0,235.0,529.0,667.0,,,,,,,,,,,0.0,0.0,40.0,0.0,110.0,985.0,941.0,,,,,,,,,,,0.0,0.0,44.0,0.0,66.0,936.0,565.0,,,,,,,,,,,35.0,123.0,104.0,4.0,144.0,633.0,779.0,,,,,,,,,,,0.0,11.0,0.0,0.0,0.0,3.0,13.0,,,,,,,,,,
260,200.0,349.0,179.0,74.0,235.0,529.0,667.0,,,,,,,,,,,0.0,0.0,40.0,0.0,110.0,992.0,941.0,,,,,,,,,,,0.0,0.0,44.0,0.0,66.0,942.0,565.0,,,,,,,,,,,35.0,123.0,104.0,4.0,144.0,637.0,780.0,,,,,,,,,,,0.0,11.0,0.0,0.0,0.0,3.0,13.0,,,,,,,,,,
261,200.0,349.0,179.0,74.0,236.0,529.0,671.0,,,,,,,,,,,0.0,0.0,40.0,0.0,110.0,999.0,941.0,,,,,,,,,,,0.0,0.0,44.0,0.0,66.0,949.0,565.0,,,,,,,,,,,35.0,123.0,104.0,4.0,145.0,644.0,784.0,,,,,,,,,,,0.0,11.0,0.0,0.0,0.0,3.0,13.0,,,,,,,,,,
262,200.0,349.0,179.0,74.0,248.0,531.0,674.0,,,,,,,,,,,0.0,0.0,40.0,0.0,110.0,999.0,941.0,,,,,,,,,,,0.0,0.0,44.0,0.0,66.0,949.0,565.0,,,,,,,,,,,35.0,123.0,104.0,4.0,153.0,647.0,788.0,,,,,,,,,,,0.0,11.0,0.0,0.0,0.0,3.0,13.0,,,,,,,,,,
263,200.0,349.0,179.0,74.0,255.0,533.0,679.0,,,,,,,,,,,0.0,0.0,40.0,0.0,110.0,999.0,944.0,,,,,,,,,,,0.0,0.0,44.0,0.0,66.0,949.0,566.0,,,,,,,,,,,35.0,123.0,104.0,4.0,160.0,650.0,791.0,,,,,,,,,,,0.0,11.0,0.0,0.0,0.0,3.0,13.0,,,,,,,,,,
264,200.0,349.0,179.0,74.0,255.0,535.0,685.0,,,,,,,,,,,0.0,0.0,40.0,0.0,110.0,999.0,951.0,,,,,,,,,,,0.0,0.0,44.0,0.0,66.0,949.0,573.0,,,,,,,,,,,35.0,123.0,104.0,4.0,161.0,652.0,792.0,,,,,,,,,,,0.0,11.0,0.0,0.0,0.0,3.0,13.0,,,,,,,,,,
265,200.0,349.0,179.0,74.0,255.0,538.0,685.0,,,,,,,,,,,0.0,0.0,40.0,0.0,110.0,999.0,958.0,,,,,,,,,,,0.0,0.0,44.0,0.0,66.0,949.0,580.0,,,,,,,,,,,35.0,123.0,104.0,4.0,162.0,655.0,799.0,,,,,,,,,,,0.0,11.0,0.0,0.0,0.0,3.0,13.0,,,,,,,,,,
266,200.0,349.0,181.0,74.0,255.0,540.0,685.0,,,,,,,,,,,0.0,0.0,40.0,0.0,110.0,1001.0,964.0,,,,,,,,,,,0.0,0.0,44.0,0.0,66.0,951.0,583.0,,,,,,,,,,,35.0,123.0,104.0,4.0,162.0,657.0,808.0,,,,,,,,,,,0.0,11.0,0.0,0.0,0.0,3.0,13.0,,,,,,,,,,
267,200.0,349.0,181.0,74.0,260.0,540.0,685.0,,,,,,,,,,,0.0,0.0,40.0,0.0,115.0,1001.0,968.0,,,,,,,,,,,0.0,0.0,44.0,0.0,66.0,951.0,584.0,,,,,,,,,,,35.0,123.0,104.0,4.0,167.0,657.0,816.0,,,,,,,,,,,0.0,11.0,0.0,0.0,0.0,3.0,13.0,,,,,,,,,,
268,200.0,349.0,181.0,74.0,262.0,540.0,685.0,,,,,,,,,,,0.0,0.0,40.0,0.0,115.0,1001.0,968.0,,,,,,,,,,,0.0,0.0,44.0,0.0,66.0,951.0,584.0,,,,,,,,,,,35.0,123.0,104.0,4.0,169.0,657.0,816.0,,,,,,,,,,,0.0,11.0,0.0,0.0,0.0,3.0,13.0,,,,,,,,,,
269,200.0,349.0,181.0,74.0,262.0,540.0,685.0,,,,,,,,,,,0.0,0.0,40.0,0.0,115.0,1001.0,968.0,,,,,,,,,,,0.0,0.0,44.0,0.0,66.0,951.0,584.0,,,,,,,,,,,35.0,123.0,104.0,4.0,169.0,658.0,816.0,,,,,,,,,,,0.0,11.0,0.0,0.0,0.0,3.0,13.0,,,,,,,,,,
270,200.0,350.0,181.0,74.0,262.0,542.0,685.0,,,,,,,,,,,0.0,0.0,40.0,0.0,115.0,1007.0,968.0,,,,,,,,,,,0.0,0.0,44.0,0.0,66.0,957.0,584.0,,,,,,,,,,,35.0,123.0,104.0,4.0,169.0,661.0,816.0,,,,,,,,,,,0.0,11.0,0.0,0.0,0.0,3.0,13.0,,,,,,,,,,
271,203.0,350.0,181.0,74.0,262.0,554.0,685.0,,,,,,,,,,,0.0,0.0,40.0,0.0,115.0,1015.0,968.0,,,,,,,,,,,0.0,0.0,44.0,0.0,66.0,965.0,584.0,,,,,,,,,,,35.0,123.0,104.0,4.0,169.0,672.0,816.0,,,,,,,,,,,0.0,11.0,0.0,0.0,0.0,3.0,13.0,,,,,,,,,,
272,208.0,350.0,181.0,74.0,262.0,558.0,685.0,,,,,,,,,,,0.0,0.0,40.0,0.0,115.0,1022.0,968.0,,,,,,,,,,,0.0,0.0,44.0,0.0,66.0,972.0,584.0,,,,,,,,,,,36.0,123.0,104.0,4.0,169.0,676.0,816.0,,,,,,,,,,,0.0,11.0,0.0,0.0,0.0,3.0,13.0,,,,,,,,,,
273,212.0,350.0,181.0,74.0,262.0,563.0,685.0,,,,,,,,,,,0.0,0.0,40.0,0.0,115.0,1030.0,968.0,,,,,,,,,,,0.0,0.0,44.0,0.0,66.0,980.0,584.0,,,,,,,,,,,36.0,123.0,104.0,4.0,169.0,684.0,816.0,,,,,,,,,,,0.0,11.0,0.0,0.0,0.0,4.0,13.0,,,,,,,,,,
274,212.0,350.0,181.0,74.0,265.0,564.0,685.0,,,,,,,,,,,0.0,0.0,40.0,0.0,115.0,1030.0,968.0,,,,,,,,,,,0.0,0.0,44.0,0.0,66.0,980.0,584.0,,,,,,,,,,,36.0,123.0,104.0,4.0,172.0,697.0,816.0,,,,,,,,,,,0.0,11.0,0.0,0.0,0.0,4.0,13.0,,,,,,,,,,
275,212.0,350.0,183.0,74.0,265.0,567.0,685.0,,,,,,,,,,,0.0,0.0,40.0,0.0,115.0,1030.0,968.0,,,,,,,,,,,0.0,0.0,44.0,0.0,66.0,980.0,584.0,,,,,,,,,,,36.0,123.0,105.0,4.0,172.0,701.0,816.0,,,,,,,,,,,0.0,11.0,0.0,0.0,0.0,4.0,13.0,,,,,,,,,,
276,212.0,353.0,190.0,74.0,272.0,567.0,687.0,,,,,,,,,,,0.0,0.0,40.0,0.0,115.0,1030.0,968.0,,,,,,,,,,,0.0,0.0,44.0,0.0,66.0,980.0,584.0,,,,,,,,,,,36.0,123.0,110.0,4.0,175.0,701.0,816.0,,,,,,,,,,,0.0,11.0,0.0,0.0,0.0,4.0,13.0,,,,,,,,,,
277,212.0,359.0,190.0,74.0,272.0,567.0,709.0,,,,,,,,,,,0.0,0.0,40.0,0.0,115.0,1030.0,975.0,,,,,,,,,,,0.0,0.0,44.0,0.0,66.0,980.0,591.0,,,,,,,,,,,36.0,123.0,110.0,4.0,175.0,701.0,828.0,,,,,,,,,,,0.0,11.0,0.0,0.0,0.0,4.0,13.0,,,,,,,,,,
278,212.0,367.0,190.0,77.0,272.0,567.0,725.0,,,,,,,,,,,0.0,0.0,40.0,0.0,115.0,1030.0,983.0,,,,,,,,,,,0.0,0.0,44.0,0.0,66.0,980.0,599.0,,,,,,,,,,,36.0,123.0,110.0,4.0,175.0,701.0,840.0,,,,,,,,,,,0.0,11.0,0.0,0.0,0.0,4.0,13.0,,,,,,,,,,
279,212.0,367.0,190.0,80.0,275.0,567.0,725.0,,,,,,,,,,,0.0,0.0,40.0,0.0,115.0,1035.0,983.0,,,,,,,,,,,0.0,0.0,44.0,0.0,66.0,985.0,599.0,,,,,,,,,,,36.0,123.0,110.0,4.0,175.0,702.0,840.0,,,,,,,,,,,0.0,11.0,0.0,0.0,0.0,4.0,13.0,,,,,,,,,,
280,212.0,367.0,190.0,80.0,278.0,570.0,725.0,,,,,,,,,,,0.0,0.0,40.0,0.0,115.0,1042.0,983.0,,,,,,,,,,,0.0,0.0,44.0,0.0,66.0,992.0,599.0,,,,,,,,,,,36.0,123.0,110.0,4.0,176.0,705.0,840.0,,,,,,,,,,,0.0,11.0,0.0,0.0,0.0,4.0,13.0,,,,,,,,,,
281,212.0,367.0,190.0,80.0,278.0,570.0,725.0,,,,,,,,,,,0.0,0.0,40.0,0.0,115.0,1042.0,983.0,,,,,,,,,,,0.0,0.0,44.0,0.0,66.0,992.0,599.0,,,,,,,,,,,36.0,123.0,110.0,4.0,176.0,705.0,840.0,,,,,,,,,,,0.0,11.0,0.0,0.0,0.0,4.0,13.0,,,,,,,,,,
282,212.0,367.0,190.0,80.0,278.0,570.0,725.0,,,,,,,,,,,0.0,0.0,40.0,0.0,115.0,1046.0,983.0,,,,,,,,,,,0.0,0.0,44.0,0.0,66.0,996.0,599.0,,,,,,,,,,,36.0,123.0,110.0,4.0,176.0,709.0,840.0,,,,,,,,,,,0.0,11.0,0.0,0.0,0.0,4.0,13.0,,,,,,,,,,
283,212.0,367.0,190.0,80.0,278.0,570.0,725.0,,,,,,,,,,,0.0,0.0,40.0,0.0,115.0,1048.0,983.0,,,,,,,,,,,0.0,0.0,44.0,0.0,66.0,998.0,599.0,,,,,,,,,,,36.0,123.0,110.0,4.0,176.0,714.0,840.0,,,,,,,,,,,0.0,11.0,0.0,0.0,0.0,4.0,13.0,,,,,,,,,,
284,214.0,367.0,190.0,80.0,282.0,570.0,725.0,,,,,,,,,,,0.0,0.0,40.0,0.0,115.0,1048.0,983.0,,,,,,,,,,,0.0,0.0,44.0,0.0,66.0,998.0,599.0,,,,,,,,,,,36.0,123.0,110.0,4.0,176.0,718.0,840.0,,,,,,,,,,,0.0,11.0,0.0,0.0,0.0,4.0,13.0,,,,,,,,,,
285,216.0,367.0,190.0,80.0,282.0,570.0,725.0,,,,,,,,,,,0.0,0.0,40.0,0.0,115.0,1048.0,984.0,,,,,,,,,,,0.0,0.0,44.0,0.0,66.0,998.0,600.0,,,,,,,,,,,36.0,123.0,110.0,4.0,176.0,718.0,840.0,,,,,,,,,,,0.0,11.0,0.0,0.0,0.0,4.0,13.0,,,,,,,,,,
286,217.0,367.0,190.0,80.0,286.0,572.0,725.0,,,,,,,,,,,0.0,0.0,40.0,0.0,115.0,1048.0,984.0,,,,,,,,,,,0.0,0.0,44.0,0.0,66.0,998.0,600.0,,,,,,,,,,,36.0,123.0,110.0,4.0,177.0,720.0,840.0,,,,,,,,,,,0.0,11.0,0.0,0.0,0.0,4.0,13.0,,,,,,,,,,
287,217.0,367.0,190.0,80.0,298.0,588.0,725.0,,,,,,,,,,,0.0,0.0,40.0,0.0,115.0,1051.0,984.0,,,,,,,,,,,0.0,0.0,44.0,0.0,66.0,1001.0,600.0,,,,,,,,,,,36.0,123.0,110.0,4.0,181.0,729.0,840.0,,,,,,,,,,,0.0,11.0,0.0,0.0,0.0,4.0,13.0,,,,,,,,,,
288,217.0,367.0,190.0,80.0,303.0,588.0,725.0,,,,,,,,,,,0.0,0.0,40.0,0.0,115.0,1051.0,984.0,,,,,,,,,,,0.0,0.0,44.0,0.0,66.0,1001.0,600.0,,,,,,,,,,,36.0,123.0,110.0,4.0,181.0,729.0,840.0,,,,,,,,,,,0.0,11.0,0.0,0.0,0.0,4.0,13.0,,,,,,,,,,
289,217.0,367.0,190.0,80.0,303.0,588.0,725.0,,,,,,,,,,,0.0,0.0,40.0,0.0,115.0,1051.0,984.0,,,,,,,,,,,0.0,0.0,44.0,0.0,66.0,1001.0,600.0,,,,,,,,,,,36.0,123.0,110.0,4.0,181.0,729.0,840.0,,,,,,,,,,,0.0,11.0,0.0,0.0,0.0,4.0,13.0,,,,,,,,,,
290,217.0,367.0,190.0,80.0,303.0,588.0,725.0,,,,,,,,,,,0.0,0.0,40.0,0.0,115.0,1051.0,984.0,,,,,,,,,,,0.0,0.0,44.0,0.0,66.0,1001.0,600.0,,,,,,,,,,,36.0,123.0,110.0,4.0,181.0,729.0,840.0,,,,,,,,,,,0.0,11.0,0.0,0.0,0.0,4.0,13.0,,,,,,,,,,
291,217.0,367.0,190.0,80.0,303.0,588.0,725.0,,,,,,,,,,,0.0,0.0,40.0,0.0,115.0,1053.0,985.0,,,,,,,,,,,0.0,0.0,44.0,0.0,66.0,1003.0,600.0,,,,,,,,,,,36.0,123.0,110.0,4.0,182.0,729.0,840.0,,,,,,,,,,,0.0,11.0,0.0,0.0,0.0,4.0,13.0,,,,,,,,,,
292,217.0,367.0,190.0,80.0,303.0,588.0,725.0,,,,,,,,,,,0.0,0.0,40.0,0.0,115.0,1053.0,990.0,,,,,,,,,,,0.0,0.0,44.0,0.0,66.0,1003.0,605.0,,,,,,,,,,,36.0,123.0,110.0,4.0,182.0,729.0,840.0,,,,,,,,,,,0.0,11.0,0.0,0.0,0.0,4.0,13.0,,,,,,,,,,
293,217.0,367.0,192.0,80.0,303.0,588.0,725.0,,,,,,,,,,,0.0,0.0,40.0,0.0,115.0,1053.0,992.0,,,,,,,,,,,0.0,0.0,44.0,0.0,66.0,1003.0,606.0,,,,,,,,,,,36.0,123.0,111.0,4.0,182.0,729.0,841.0,,,,,,,,,,,0.0,11.0,0.0,0.0,0.0,4.0,13.0,,,,,,,,,,
294,217.0,367.0,192.0,80.0,303.0,595.0,725.0,,,,,,,,,,,0.0,0.0,40.0,0.0,115.0,1059.0,992.0,,,,,,,,,,,0.0,0.0,44.0,0.0,66.0,1007.0,606.0,,,,,,,,,,,36.0,123.0,114.0,4.0,182.0,736.0,841.0,,,,,,,,,,,0.0,11.0,0.0,0.0,0.0,4.0,13.0,,,,,,,,,,
295,217.0,367.0,192.0,80.0,303.0,598.0,725.0,,,,,,,,,,,0.0,0.0,40.0,0.0,115.0,1059.0,996.0,,,,,,,,,,,0.0,0.0,44.0,0.0,66.0,1007.0,610.0,,,,,,,,,,,36.0,123.0,114.0,4.0,182.0,739.0,841.0,,,,,,,,,,,0.0,11.0,0.0,0.0,0.0,4.0,13.0,,,,,,,,,,
296,217.0,367.0,192.0,80.0,303.0,598.0,725.0,,,,,,,,,,,0.0,0.0,40.0,0.0,115.0,1059.0,1006.0,,,,,,,,,,,0.0,0.0,44.0,0.0,66.0,1007.0,615.0,,,,,,,,,,,36.0,123.0,114.0,4.0,182.0,739.0,849.0,,,,,,,,,,,0.0,11.0,0.0,0.0,0.0,4.0,13.0,,,,,,,,,,
297,217.0,367.0,192.0,80.0,303.0,598.0,727.0,,,,,,,,,,,0.0,0.0,40.0,0.0,115.0,1059.0,1006.0,,,,,,,,,,,0.0,0.0,44.0,0.0,66.0,1007.0,615.0,,,,,,,,,,,36.0,123.0,114.0,4.0,182.0,739.0,849.0,,,,,,,,,,,0.0,11.0,0.0,0.0,0.0,4.0,13.0,,,,,,,,,,
298,217.0,369.0,192.0,80.0,303.0,598.0,733.0,,,,,,,,,,,0.0,0.0,40.0,0.0,115.0,1059.0,1006.0,,,,,,,,,,,0.0,0.0,44.0,0.0,66.0,1007.0,615.0,,,,,,,,,,,36.0,123.0,114.0,4.0,182.0,739.0,849.0,,,,,,,,,,,0.0,11.0,0.0,0.0,0.0,4.0,13.0,,,,,,,,,,
299,219.0,379.0,192.0,80.0,303.0,598.0,746.0,,,,,,,,,,,0.0,0.0,40.0,0.0,115.0,1059.0,1006.0,,,,,,,,,,,0.0,0.0,44.0,0.0,66.0,1007.0,615.0,,,,,,,,,,,36.0,129.0,114.0,4.0,182.0,739.0,849.0,,,,,,,,,,,0.0,11.0,0.0,0.0,0.0,4.0,13.0,,,,,,,,,,
300,222.0,379.0,192.0,80.0,303.0,598.0,747.0,,,,,,,,,,,0.0,0.0,40.0,0.0,115.0,1059.0,1006.0,,,,,,,,,,,0.0,0.0,44.0,0.0,66.0,1007.0,615.0,,,,,,,,,,,36.0,129.0,114.0,4.0,182.0,739.0,849.0,,,,,,,,,,,0.0,11.0,0.0,0.0,0.0,4.0,13.0,,,,,,,,,,
301,222.0,379.0,192.0,80.0,304.0,598.0,747.0,,,,,,,,,,,0.0,0.0,40.0,0.0,118.0,1059.0,1006.0,,,,,,,,,,,0.0,0.0,44.0,0.0,69.0,1007.0,615.0,,,,,,,,,,,36.0,129.0,114.0,4.0,182.0,739.0,849.0,,,,,,,,,,,0.0,11.0,0.0,0.0,0.0,4.0,13.0,,,,,,,,,,
302,222.0,380.0,192.0,80.0,317.0,598.0,747.0,,,,,,,,,,,0.0,0.0,40.0,0.0,130.0,1059.0,1006.0,,,,,,,,,,,0.0,0.0,44.0,0.0,81.0,1007.0,615.0,,,,,,,,,,,36.0,129.0,114.0,4.0,194.0,739.0,849.0,,,,,,,,,,,0.0,11.0,0.0,0.0,0.0,4.0,13.0,,,,,,,,,,
303,222.0,380.0,192.0,80.0,317.0,598.0,749.0,,,,,,,,,,,0.0,0.0,40.0,0.0,130.0,1059.0,1006.0,,,,,,,,,,,0.0,0.0,44.0,0.0,81.0,1007.0,615.0,,,,,,,,,,,36.0,129.0,114.0,4.0,194.0,739.0,849.0,,,,,,,,,,,0.0,11.0,0.0,0.0,0.0,4.0,13.0,,,,,,,,,,
304,222.0,380.0,192.0,80.0,317.0,598.0,749.0,,,,,,,,,,,0.0,0.0,40.0,0.0,130.0,1059.0,1006.0,,,,,,,,,,,0.0,0.0,44.0,0.0,81.0,1007.0,615.0,,,,,,,,,,,36.0,129.0,114.0,4.0,194.0,739.0,849.0,,,,,,,,,,,0.0,11.0,0.0,0.0,0.0,4.0,13.0,,,,,,,,,,
305,222.0,380.0,192.0,80.0,317.0,598.0,749.0,,,,,,,,,,,0.0,0.0,40.0,0.0,135.0,1059.0,1006.0,,,,,,,,,,,0.0,0.0,44.0,0.0,86.0,1007.0,615.0,,,,,,,,,,,36.0,129.0,114.0,4.0,194.0,739.0,849.0,,,,,,,,,,,0.0,11.0,0.0,0.0,0.0,4.0,13.0,,,,,,,,,,
306,222.0,381.0,192.0,80.0,317.0,598.0,749.0,,,,,,,,,,,0.0,0.0,40.0,0.0,138.0,1059.0,1012.0,,,,,,,,,,,0.0,0.0,44.0,0.0,89.0,1007.0,621.0,,,,,,,,,,,36.0,129.0,114.0,4.0,197.0,739.0,849.0,,,,,,,,,,,0.0,11.0,0.0,0.0,0.0,4.0,13.0,,,,,,,,,,
307,222.0,386.0,192.0,80.0,317.0,598.0,749.0,,,,,,,,,,,0.0,0.0,40.0,0.0,142.0,1059.0,1012.0,,,,,,,,,,,0.0,0.0,44.0,0.0,93.0,1007.0,621.0,,,,,,,,,,,36.0,133.0,114.0,4.0,197.0,739.0,849.0,,,,,,,,,,,0.0,11.0,0.0,0.0,0.0,4.0,13.0,,,,,,,,,,
308,222.0,386.0,192.0,80.0,317.0,598.0,749.0,,,,,,,,,,,0.0,0.0,40.0,0.0,151.0,1059.0,1012.0,,,,,,,,,,,0.0,0.0,44.0,0.0,102.0,1007.0,621.0,,,,,,,,,,,36.0,133.0,114.0,4.0,197.0,739.0,849.0,,,,,,,,,,,0.0,11.0,0.0,0.0,0.0,4.0,13.0,,,,,,,,,,
309,222.0,386.0,192.0,80.0,317.0,598.0,749.0,,,,,,,,,,,0.0,0.0,40.0,0.0,167.0,1059.0,1012.0,,,,,,,,,,,0.0,0.0,44.0,0.0,118.0,1007.0,621.0,,,,,,,,,,,36.0,133.0,114.0,4.0,197.0,739.0,849.0,,,,,,,,,,,0.0,11.0,0.0,0.0,0.0,4.0,13.0,,,,,,,,,,
310,222.0,386.0,192.0,81.0,320.0,598.0,749.0,,,,,,,,,,,0.0,0.0,40.0,0.0,167.0,1059.0,1015.0,,,,,,,,,,,0.0,0.0,44.0,0.0,118.0,1007.0,621.0,,,,,,,,,,,36.0,133.0,114.0,4.0,197.0,739.0,849.0,,,,,,,,,,,0.0,11.0,0.0,0.0,0.0,4.0,13.0,,,,,,,,,,
311,222.0,386.0,192.0,84.0,320.0,598.0,749.0,,,,,,,,,,,0.0,0.0,40.0,0.0,167.0,1059.0,1015.0,,,,,,,,,,,0.0,0.0,44.0,0.0,118.0,1007.0,621.0,,,,,,,,,,,36.0,133.0,114.0,4.0,197.0,739.0,849.0,,,,,,,,,,,0.0,11.0,0.0,0.0,0.0,4.0,13.0,,,,,,,,,,
312,222.0,386.0,192.0,84.0,320.0,598.0,749.0,,,,,,,,,,,0.0,0.0,40.0,0.0,167.0,1059.0,1021.0,,,,,,,,,,,0.0,0.0,44.0,0.0,118.0,1007.0,621.0,,,,,,,,,,,36.0,133.0,114.0,4.0,197.0,739.0,849.0,,,,,,,,,,,0.0,11.0,0.0,0.0,0.0,4.0,13.0,,,,,,,,,,
313,222.0,386.0,192.0,84.0,320.0,598.0,749.0,,,,,,,,,,,0.0,0.0,40.0,0.0,167.0,1059.0,1023.0,,,,,,,,,,,0.0,0.0,44.0,0.0,118.0,1007.0,623.0,,,,,,,,,,,36.0,133.0,114.0,4.0,197.0,739.0,849.0,,,,,,,,,,,0.0,11.0,0.0,0.0,0.0,4.0,13.0,,,,,,,,,,
314,222.0,386.0,192.0,84.0,320.0,598.0,749.0,,,,,,,,,,,0.0,0.0,40.0,0.0,167.0,1059.0,1023.0,,,,,,,,,,,0.0,0.0,44.0,0.0,118.0,1007.0,623.0,,,,,,,,,,,36.0,133.0,114.0,4.0,197.0,739.0,849.0,,,,,,,,,,,0.0,11.0,0.0,0.0,0.0,4.0,13.0,,,,,,,,,,
315,222.0,386.0,192.0,84.0,320.0,598.0,749.0,,,,,,,,,,,0.0,0.0,40.0,0.0,167.0,1059.0,1023.0,,,,,,,,,,,0.0,0.0,44.0,0.0,118.0,1007.0,623.0,,,,,,,,,,,36.0,133.0,114.0,4.0,197.0,739.0,849.0,,,,,,,,,,,0.0,11.0,0.0,0.0,0.0,4.0,13.0,,,,,,,,,,
316,222.0,386.0,192.0,84.0,320.0,598.0,749.0,,,,,,,,,,,0.0,0.0,40.0,0.0,167.0,1059.0,1025.0,,,,,,,,,,,0.0,0.0,44.0,0.0,118.0,1007.0,625.0,,,,,,,,,,,36.0,133.0,114.0,4.0,197.0,739.0,850.0,,,,,,,,,,,0.0,11.0,0.0,0.0,0.0,4.0,13.0,,,,,,,,,,
317,222.0,386.0,192.0,84.0,320.0,598.0,749.0,,,,,,,,,,,0.0,0.0,40.0,0.0,167.0,1059.0,1025.0,,,,,,,,,,,0.0,0.0,44.0,0.0,118.0,1007.0,625.0,,,,,,,,,,,36.0,133.0,114.0,4.0,197.0,739.0,850.0,,,,,,,,,,,0.0,11.0,0.0,0.0,0.0,4.0,13.0,,,,,,,,,,
318,222.0,386.0,192.0,84.0,323.0,598.0,749.0,,,,,,,,,,,0.0,0.0,40.0,0.0,167.0,1059.0,1025.0,,,,,,,,,,,0.0,0.0,44.0,0.0,118.0,1007.0,625.0,,,,,,,,,,,36.0,133.0,114.0,4.0,197.0,739.0,850.0,,,,,,,,,,,0.0,11.0,0.0,0.0,0.0,4.0,13.0,,,,,,,,,,
319,222.0,386.0,192.0,84.0,323.0,598.0,749.0,,,,,,,,,,,0.0,0.0,40.0,0.0,167.0,1059.0,1025.0,,,,,,,,,,,0.0,0.0,44.0,0.0,118.0,1007.0,625.0,,,,,,,,,,,36.0,133.0,114.0,4.0,197.0,739.0,850.0,,,,,,,,,,,0.0,11.0,0.0,0.0,0.0,4.0,13.0,,,,,,,,,,
320,222.0,394.0,192.0,84.0,323.0,598.0,749.0,,,,,,,,,,,0.0,0.0,40.0,0.0,167.0,1059.0,1029.0,,,,,,,,,,,0.0,0.0,44.0,0.0,118.0,1007.0,629.0,,,,,,,,,,,36.0,137.0,114.0,4.0,197.0,739.0,850.0,,,,,,,,,,,0.0,11.0,0.0,0.0,0.0,4.0,13.0,,,,,,,,,,
321,222.0,399.0,192.0,84.0,323.0,598.0,749.0,,,,,,,,,,,0.0,0.0,40.0,0.0,167.0,1059.0,1029.0,,,,,,,,,,,0.0,0.0,44.0,0.0,118.0,1007.0,629.0,,,,,,,,,,,36.0,142.0,114.0,4.0,197.0,739.0,850.0,,,,,,,,,,,0.0,11.0,0.0,0.0,0.0,4.0,13.0,,,,,,,,,,
322,222.0,399.0,192.0,84.0,323.0,598.0,749.0,,,,,,,,,,,0.0,0.0,40.0,0.0,167.0,1059.0,1029.0,,,,,,,,,,,0.0,0.0,44.0,0.0,118.0,1007.0,629.0,,,,,,,,,,,36.0,142.0,114.0,4.0,197.0,739.0,850.0,,,,,,,,,,,0.0,11.0,0.0,0.0,0.0,4.0,13.0,,,,,,,,,,
323,222.0,400.0,192.0,84.0,326.0,598.0,749.0,,,,,,,,,,,0.0,0.0,40.0,0.0,167.0,1059.0,1029.0,,,,,,,,,,,0.0,0.0,44.0,0.0,118.0,1007.0,629.0,,,,,,,,,,,36.0,142.0,114.0,4.0,200.0,739.0,850.0,,,,,,,,,,,0.0,11.0,0.0,0.0,0.0,4.0,13.0,,,,,,,,,,
324,222.0,404.0,192.0,84.0,326.0,598.0,749.0,,,,,,,,,,,0.0,0.0,40.0,0.0,167.0,1059.0,1029.0,,,,,,,,,,,0.0,0.0,44.0,0.0,118.0,1007.0,629.0,,,,,,,,,,,36.0,142.0,114.0,4.0,200.0,739.0,850.0,,,,,,,,,,,0.0,11.0,0.0,0.0,0.0,4.0,13.0,,,,,,,,,,
325,222.0,404.0,192.0,84.0,326.0,598.0,749.0,,,,,,,,,,,0.0,0.0,40.0,0.0,167.0,1059.0,1033.0,,,,,,,,,,,0.0,0.0,44.0,0.0,118.0,1007.0,631.0,,,,,,,,,,,36.0,142.0,114.0,4.0,200.0,739.0,850.0,,,,,,,,,,,0.0,11.0,0.0,0.0,0.0,4.0,13.0,,,,,,,,,,
326,222.0,404.0,192.0,84.0,326.0,598.0,749.0,,,,,,,,,,,0.0,0.0,40.0,0.0,167.0,1059.0,1037.0,,,,,,,,,,,0.0,0.0,44.0,0.0,118.0,1007.0,635.0,,,,,,,,,,,36.0,142.0,114.0,4.0,200.0,739.0,850.0,,,,,,,,,,,0.0,11.0,0.0,0.0,0.0,4.0,13.0,,,,,,,,,,
327,222.0,404.0,192.0,84.0,326.0,598.0,749.0,,,,,,,,,,,0.0,0.0,40.0,0.0,167.0,1059.0,1042.0,,,,,,,,,,,0.0,0.0,44.0,0.0,118.0,1007.0,640.0,,,,,,,,,,,36.0,142.0,114.0,4.0,200.0,739.0,850.0,,,,,,,,,,,0.0,11.0,0.0,0.0,0.0,4.0,13.0,,,,,,,,,,
328,222.0,404.0,192.0,84.0,329.0,598.0,749.0,,,,,,,,,,,0.0,0.0,40.0,0.0,167.0,1059.0,1042.0,,,,,,,,,,,0.0,0.0,44.0,0.0,118.0,1007.0,640.0,,,,,,,,,,,36.0,142.0,114.0,4.0,200.0,739.0,850.0,,,,,,,,,,,0.0,11.0,0.0,0.0,0.0,4.0,13.0,,,,,,,,,,
329,222.0,404.0,192.0,84.0,329.0,607.0,749.0,,,,,,,,,,,0.0,0.0,40.0,0.0,167.0,1059.0,1045.0,,,,,,,,,,,0.0,0.0,44.0,0.0,118.0,1007.0,643.0,,,,,,,,,,,36.0,142.0,114.0,4.0,200.0,739.0,850.0,,,,,,,,,,,0.0,11.0,0.0,0.0,0.0,4.0,13.0,,,,,,,,,,
330,222.0,404.0,192.0,84.0,329.0,613.0,749.0,,,,,,,,,,,0.0,0.0,40.0,0.0,167.0,1059.0,1045.0,,,,,,,,,,,0.0,0.0,44.0,0.0,118.0,1007.0,643.0,,,,,,,,,,,36.0,142.0,114.0,4.0,200.0,739.0,850.0,,,,,,,,,,,0.0,11.0,0.0,0.0,0.0,4.0,13.0,,,,,,,,,,
331,222.0,404.0,192.0,84.0,329.0,613.0,749.0,,,,,,,,,,,0.0,0.0,40.0,0.0,167.0,1059.0,1045.0,,,,,,,,,,,0.0,0.0,44.0,0.0,118.0,1007.0,643.0,,,,,,,,,,,36.0,142.0,114.0,4.0,200.0,739.0,850.0,,,,,,,,,,,0.0,11.0,0.0,0.0,0.0,4.0,13.0,,,,,,,,,,
332,222.0,404.0,192.0,84.0,329.0,613.0,749.0,,,,,,,,,,,0.0,0.0,40.0,0.0,167.0,1059.0,1045.0,,,,,,,,,,,0.0,0.0,44.0,0.0,118.0,1007.0,643.0,,,,,,,,,,,36.0,142.0,114.0,4.0,200.0,739.0,850.0,,,,,,,,,,,0.0,11.0,0.0,0.0,0.0,4.0,13.0,,,,,,,,,,
333,222.0,404.0,192.0,84.0,329.0,613.0,749.0,,,,,,,,,,,0.0,0.0,40.0,0.0,167.0,1059.0,1045.0,,,,,,,,,,,0.0,0.0,44.0,0.0,118.0,1007.0,643.0,,,,,,,,,,,36.0,142.0,114.0,4.0,200.0,739.0,850.0,,,,,,,,,,,0.0,11.0,0.0,0.0,0.0,4.0,13.0,,,,,,,,,,
334,222.0,404.0,192.0,84.0,329.0,613.0,749.0,,,,,,,,,,,0.0,0.0,40.0,0.0,167.0,1059.0,1045.0,,,,,,,,,,,0.0,0.0,44.0,0.0,118.0,1007.0,643.0,,,,,,,,,,,36.0,142.0,114.0,4.0,200.0,739.0,850.0,,,,,,,,,,,0.0,11.0,0.0,0.0,0.0,4.0,13.0,,,,,,,,,,
335,222.0,404.0,192.0,84.0,329.0,613.0,749.0,,,,,,,,,,,0.0,0.0,40.0,0.0,167.0,1059.0,1045.0,,,,,,,,,,,0.0,0.0,44.0,0.0,118.0,1007.0,643.0,,,,,,,,,,,36.0,142.0,114.0,4.0,200.0,739.0,850.0,,,,,,,,,,,0.0,11.0,0.0,0.0,0.0,4.0,13.0,,,,,,,,,,
336,222.0,404.0,192.0,84.0,329.0,613.0,749.0,,,,,,,,,,,0.0,0.0,40.0,0.0,167.0,1059.0,1045.0,,,,,,,,,,,0.0,0.0,44.0,0.0,118.0,1007.0,643.0,,,,,,,,,,,36.0,142.0,114.0,4.0,200.0,739.0,850.0,,,,,,,,,,,0.0,11.0,0.0,0.0,0.0,4.0,13.0,,,,,,,,,,
337,222.0,404.0,192.0,84.0,329.0,613.0,749.0,,,,,,,,,,,0.0,0.0,40.0,0.0,167.0,1059.0,1045.0,,,,,,,,,,,0.0,0.0,44.0,0.0,118.0,1007.0,643.0,,,,,,,,,,,36.0,142.0,114.0,4.0,200.0,739.0,850.0,,,,,,,,,,,0.0,11.0,0.0,0.0,0.0,4.0,13.0,,,,,,,,,,
338,222.0,404.0,192.0,84.0,329.0,613.0,749.0,,,,,,,,,,,0.0,0.0,40.0,0.0,167.0,1059.0,1045.0,,,,,,,,,,,0.0,0.0,44.0,0.0,118.0,1007.0,643.0,,,,,,,,,,,36.0,142.0,114.0,4.0,200.0,739.0,850.0,,,,,,,,,,,0.0,11.0,0.0,0.0,0.0,4.0,13.0,,,,,,,,,,
339,222.0,404.0,192.0,84.0,329.0,613.0,749.0,,,,,,,,,,,0.0,0.0,40.0,0.0,167.0,1059.0,1045.0,,,,,,,,,,,0.0,0.0,44.0,0.0,118.0,1007.0,643.0,,,,,,,,,,,36.0,142.0,114.0,4.0,200.0,739.0,850.0,,,,,,,,,,,0.0,11.0,0.0,0.0,0.0,4.0,13.0,,,,,,,,,,
340,222.0,404.0,192.0,84.0,329.0,613.0,749.0,,,,,,,,,,,0.0,0.0,40.0,0.0,167.0,1059.0,1045.0,,,,,,,,,,,0.0,0.0,44.0,0.0,118.0,1007.0,643.0,,,,,,,,,,,36.0,142.0,114.0,4.0,200.0,739.0,850.0,,,,,,,,,,,0.0,11.0,0.0,0.0,0.0,4.0,13.0,,,,,,,,,,
341,227.0,404.0,192.0,84.0,329.0,613.0,749.0,,,,,,,,,,,0.0,0.0,40.0,0.0,167.0,1059.0,1048.0,,,,,,,,,,,0.0,0.0,44.0,0.0,118.0,1007.0,646.0,,,,,,,,,,,36.0,142.0,114.0,4.0,200.0,739.0,850.0,,,,,,,,,,,0.0,11.0,0.0,0.0,0.0,4.0,13.0,,,,,,,,,,
342,247.0,404.0,192.0,84.0,329.0,613.0,749.0,,,,,,,,,,,0.0,0.0,40.0,0.0,167.0,1059.0,1048.0,,,,,,,,,,,0.0,0.0,44.0,0.0,118.0,1007.0,646.0,,,,,,,,,,,36.0,142.0,114.0,4.0,200.0,739.0,850.0,,,,,,,,,,,0.0,11.0,0.0,0.0,0.0,4.0,13.0,,,,,,,,,,
343,252.0,404.0,192.0,84.0,329.0,613.0,749.0,,,,,,,,,,,0.0,0.0,40.0,0.0,167.0,1064.0,1048.0,,,,,,,,,,,0.0,0.0,44.0,0.0,118.0,1012.0,646.0,,,,,,,,,,,37.0,142.0,114.0,4.0,200.0,739.0,850.0,,,,,,,,,,,0.0,11.0,0.0,0.0,0.0,4.0,13.0,,,,,,,,,,
344,252.0,404.0,192.0,84.0,329.0,613.0,749.0,,,,,,,,,,,0.0,0.0,40.0,0.0,167.0,1064.0,1048.0,,,,,,,,,,,0.0,0.0,44.0,0.0,118.0,1012.0,646.0,,,,,,,,,,,37.0,142.0,114.0,4.0,200.0,739.0,850.0,,,,,,,,,,,0.0,11.0,0.0,0.0,0.0,4.0,13.0,,,,,,,,,,
345,254.0,404.0,192.0,84.0,329.0,613.0,749.0,,,,,,,,,,,0.0,0.0,40.0,0.0,167.0,1064.0,1048.0,,,,,,,,,,,0.0,0.0,44.0,0.0,118.0,1012.0,646.0,,,,,,,,,,,37.0,142.0,114.0,4.0,200.0,739.0,850.0,,,,,,,,,,,0.0,11.0,0.0,0.0,0.0,4.0,13.0,,,,,,,,,,
346,254.0,404.0,192.0,84.0,329.0,613.0,749.0,,,,,,,,,,,0.0,0.0,40.0,0.0,167.0,1064.0,1048.0,,,,,,,,,,,0.0,0.0,44.0,0.0,118.0,1012.0,646.0,,,,,,,,,,,37.0,142.0,114.0,4.0,200.0,739.0,850.0,,,,,,,,,,,0.0,11.0,0.0,0.0,0.0,4.0,13.0,,,,,,,,,,
347,254.0,404.0,192.0,84.0,329.0,613.0,749.0,,,,,,,,,,,0.0,0.0,40.0,0.0,167.0,1064.0,1048.0,,,,,,,,,,,0.0,0.0,44.0,0.0,118.0,1012.0,646.0,,,,,,,,,,,37.0,142.0,114.0,4.0,200.0,739.0,850.0,,,,,,,,,,,0.0,11.0,0.0,0.0,0.0,4.0,13.0,,,,,,,,,,
348,255.0,404.0,192.0,84.0,329.0,613.0,749.0,,,,,,,,,,,0.0,0.0,40.0,0.0,167.0,1064.0,1048.0,,,,,,,,,,,0.0,0.0,44.0,0.0,118.0,1012.0,646.0,,,,,,,,,,,37.0,142.0,114.0,4.0,200.0,739.0,850.0,,,,,,,,,,,0.0,11.0,0.0,0.0,0.0,4.0,13.0,,,,,,,,,,
349,261.0,404.0,192.0,84.0,329.0,613.0,749.0,,,,,,,,,,,0.0,0.0,40.0,0.0,167.0,1064.0,1048.0,,,,,,,,,,,0.0,0.0,44.0,0.0,118.0,1012.0,646.0,,,,,,,,,,,37.0,142.0,114.0,4.0,200.0,739.0,850.0,,,,,,,,,,,0.0,11.0,0.0,0.0,0.0,4.0,13.0,,,,,,,,,,
350,261.0,404.0,192.0,84.0,329.0,614.0,749.0,,,,,,,,,,,0.0,0.0,40.0,0.0,167.0,1064.0,1048.0,,,,,,,,,,,0.0,0.0,44.0,0.0,118.0,1012.0,646.0,,,,,,,,,,,37.0,142.0,114.0,4.0,200.0,739.0,850.0,,,,,,,,,,,0.0,11.0,0.0,0.0,0.0,4.0,13.0,,,,,,,,,,
351,261.0,404.0,192.0,84.0,329.0,618.0,749.0,,,,,,,,,,,0.0,0.0,40.0,0.0,167.0,1064.0,1048.0,,,,,,,,,,,0.0,0.0,44.0,0.0,118.0,1012.0,646.0,,,,,,,,,,,37.0,142.0,114.0,4.0,200.0,739.0,850.0,,,,,,,,,,,0.0,11.0,0.0,0.0,0.0,4.0,13.0,,,,,,,,,,
352,261.0,404.0,192.0,84.0,329.0,618.0,749.0,,,,,,,,,,,0.0,0.0,40.0,0.0,167.0,1064.0,1048.0,,,,,,,,,,,0.0,0.0,44.0,0.0,118.0,1012.0,646.0,,,,,,,,,,,37.0,142.0,114.0,4.0,200.0,739.0,853.0,,,,,,,,,,,0.0,11.0,0.0,0.0,0.0,4.0,13.0,,,,,,,,,,
353,261.0,404.0,192.0,84.0,329.0,618.0,749.0,,,,,,,,,,,0.0,0.0,40.0,0.0,167.0,1064.0,1048.0,,,,,,,,,,,0.0,0.0,44.0,0.0,118.0,1012.0,646.0,,,,,,,,,,,37.0,142.0,114.0,4.0,200.0,739.0,853.0,,,,,,,,,,,0.0,11.0,0.0,0.0,0.0,4.0,13.0,,,,,,,,,,
354,261.0,404.0,192.0,84.0,329.0,619.0,749.0,,,,,,,,,,,0.0,0.0,40.0,0.0,167.0,1064.0,1048.0,,,,,,,,,,,0.0,0.0,44.0,0.0,118.0,1012.0,646.0,,,,,,,,,,,37.0,142.0,114.0,4.0,200.0,739.0,853.0,,,,,,,,,,,0.0,11.0,0.0,0.0,0.0,4.0,13.0,,,,,,,,,,
355,261.0,404.0,192.0,84.0,332.0,619.0,749.0,,,,,,,,,,,1.0,0.0,40.0,0.0,167.0,1064.0,1048.0,,,,,,,,,,,6.0,0.0,44.0,0.0,118.0,1012.0,646.0,,,,,,,,,,,37.0,142.0,114.0,4.0,201.0,739.0,853.0,,,,,,,,,,,0.0,11.0,0.0,0.0,0.0,4.0,13.0,,,,,,,,,,
356,261.0,405.0,192.0,84.0,339.0,620.0,749.0,,,,,,,,,,,9.0,0.0,40.0,0.0,167.0,1064.0,1048.0,,,,,,,,,,,16.0,0.0,44.0,0.0,118.0,1012.0,646.0,,,,,,,,,,,37.0,142.0,114.0,4.0,205.0,739.0,853.0,,,,,,,,,,,0.0,11.0,0.0,0.0,0.0,4.0,13.0,,,,,,,,,,
357,266.0,410.0,192.0,84.0,346.0,627.0,749.0,,,,,,,,,,,9.0,0.0,40.0,0.0,167.0,1064.0,1048.0,,,,,,,,,,,16.0,0.0,44.0,0.0,118.0,1012.0,646.0,,,,,,,,,,,37.0,145.0,114.0,4.0,211.0,739.0,853.0,,,,,,,,,,,0.0,11.0,0.0,0.0,0.0,4.0,13.0,,,,,,,,,,
358,272.0,410.0,192.0,84.0,370.0,627.0,749.0,,,,,,,,,,,10.0,0.0,40.0,0.0,167.0,1064.0,1048.0,,,,,,,,,,,17.0,0.0,44.0,0.0,118.0,1012.0,646.0,,,,,,,,,,,38.0,145.0,114.0,4.0,229.0,739.0,853.0,,,,,,,,,,,0.0,11.0,0.0,0.0,0.0,4.0,13.0,,,,,,,,,,
359,272.0,411.0,192.0,84.0,386.0,627.0,749.0,,,,,,,,,,,10.0,0.0,40.0,0.0,167.0,1064.0,1048.0,,,,,,,,,,,17.0,0.0,44.0,0.0,118.0,1012.0,646.0,,,,,,,,,,,38.0,147.0,114.0,4.0,246.0,739.0,853.0,,,,,,,,,,,0.0,11.0,0.0,0.0,0.0,4.0,13.0,,,,,,,,,,
360,272.0,411.0,192.0,84.0,400.0,627.0,749.0,,,,,,,,,,,10.0,0.0,40.0,0.0,167.0,1064.0,1048.0,,,,,,,,,,,17.0,0.0,44.0,0.0,118.0,1012.0,646.0,,,,,,,,,,,38.0,147.0,114.0,4.0,254.0,739.0,853.0,,,,,,,,,,,0.0,11.0,0.0,0.0,0.0,4.0,13.0,,,,,,,,,,
361,272.0,415.0,192.0,84.0,402.0,627.0,749.0,,,,,,,,,,,10.0,0.0,40.0,0.0,167.0,1064.0,1048.0,,,,,,,,,,,17.0,0.0,44.0,0.0,118.0,1012.0,646.0,,,,,,,,,,,38.0,147.0,114.0,4.0,254.0,739.0,853.0,,,,,,,,,,,0.0,11.0,0.0,0.0,0.0,4.0,13.0,,,,,,,,,,
362,272.0,435.0,192.0,88.0,409.0,627.0,749.0,,,,,,,,,,,10.0,0.0,40.0,0.0,167.0,1064.0,1048.0,,,,,,,,,,,17.0,0.0,44.0,0.0,118.0,1012.0,646.0,,,,,,,,,,,38.0,151.0,114.0,6.0,259.0,739.0,853.0,,,,,,,,,,,0.0,11.0,0.0,0.0,0.0,4.0,13.0,,,,,,,,,,
363,272.0,435.0,192.0,95.0,420.0,627.0,749.0,,,,,,,,,,,10.0,0.0,40.0,4.0,167.0,1064.0,1048.0,,,,,,,,,,,17.0,0.0,44.0,4.0,118.0,1012.0,646.0,,,,,,,,,,,38.0,151.0,114.0,11.0,266.0,739.0,853.0,,,,,,,,,,,0.0,11.0,0.0,0.0,0.0,4.0,13.0,,,,,,,,,,
364,272.0,435.0,192.0,101.0,420.0,627.0,749.0,,,,,,,,,,,10.0,0.0,40.0,6.0,167.0,1064.0,1048.0,,,,,,,,,,,17.0,0.0,44.0,6.0,118.0,1012.0,646.0,,,,,,,,,,,38.0,151.0,114.0,13.0,266.0,739.0,853.0,,,,,,,,,,,0.0,11.0,0.0,0.0,0.0,4.0,13.0,,,,,,,,,,
365,272.0,435.0,204.0,125.0,425.0,627.0,749.0,,,,,,,,,,,10.0,0.0,40.0,19.0,171.0,1064.0,1048.0,,,,,,,,,,,17.0,0.0,44.0,23.0,122.0,1012.0,646.0,,,,,,,,,,,38.0,151.0,114.0,26.0,271.0,739.0,853.0,,,,,,,,,,,0.0,11.0,0.0,0.0,0.0,4.0,13.0,,,,,,,,,,
366,,435.0,,,,628.0,,,,,,,,,,,,,0.0,,,,1064.0,,,,,,,,,,,,,0.0,,,,1012.0,,,,,,,,,,,,,151.0,,,,739.0,,,,,,,,,,,,,11.0,,,,4.0,,,,,,,,,,,
