pct_of_hours,DE_2019,DE_2020,DE_2021,DE_2022,DE_2023,DE_2024,DE_2025,DE_2026,DE_2027,DE_2028,DE_2029,DE_2030,DE_2031,DE_2032,DE_2033,DE_2034,DE_2035,ES_2019,ES_2020,ES_2021,ES_2022,ES_2023,ES_2024,ES_2025,ES_2026,ES_2027,ES_2028,ES_2029,ES_2030,ES_2031,ES_2032,ES_2033,ES_2034,ES_2035,PT_2019,PT_2020,PT_2021,PT_2022,PT_2023,PT_2024,PT_2025,PT_2026,PT_2027,PT_2028,PT_2029,PT_2030,PT_2031,PT_2032,PT_2033,PT_2034,PT_2035,FR_2019,FR_2020,FR_2021,FR_2022,FR_2023,FR_2024,FR_2025,FR_2026,FR_2027,FR_2028,FR_2029,FR_2030,FR_2031,FR_2032,FR_2033,FR_2034,FR_2035,IT_2019,IT_2020,IT_2021,IT_2022,IT_2023,IT_2024,IT_2025,IT_2026,IT_2027,IT_2028,IT_2029,IT_2030,IT_2031,IT_2032,IT_2033,IT_2034,IT_2035
0.0,121.46,200.04,620.0,871.0,524.27,936.28,583.4,665.82,,,,,,,,,,74.74,68.9,409.0,700.0,220.0,193.0,240.0,247.15,,,,,,,,,,74.74,68.9,409.0,651.0,220.0,193.0,240.0,205.42,,,,,,,,,,121.46,200.04,620.0,2987.78,276.12,284.21,473.28,313.36,,,,,,,,,,108.49,162.6,533.19,870.0,295.0,275.08,289.0,284.51,,,,,,,,,
1.0,72.52,74.84,366.82,664.94,207.98,224.86,242.84,241.44,,,,,,,,,,69.74,57.17,334.55,397.47,165.74,158.27,169.56,165.56,,,,,,,,,,69.81,56.62,334.55,395.65,165.22,158.47,169.22,163.79,,,,,,,,,,75.91,75.38,399.28,703.63,209.5,152.0,175.82,174.39,,,,,,,,,,82.92,77.94,381.17,702.94,225.35,192.46,185.84,195.75,,,,,,,,,
2.0,66.75,64.21,322.2,590.7,190.0,181.39,197.14,203.08,,,,,,,,,,68.38,54.89,307.92,330.07,160.0,150.0,158.37,154.74,,,,,,,,,,68.4,54.56,307.92,330.07,159.37,150.0,157.84,153.55,,,,,,,,,,70.86,65.78,351.57,650.0,193.02,137.82,160.16,163.28,,,,,,,,,,79.89,72.34,339.58,650.0,213.43,178.88,175.68,186.84,,,,,,,,,
3.0,62.45,59.67,291.81,559.89,179.97,160.95,179.92,186.41,,,,,,,,,,67.21,53.54,285.23,291.01,154.07,144.36,151.25,149.57,,,,,,,,,,67.66,53.28,285.23,291.01,153.93,144.38,150.99,148.24,,,,,,,,,,68.51,61.89,326.92,610.13,182.24,131.0,150.96,153.81,,,,,,,,,,77.34,69.12,319.27,619.35,204.02,171.18,170.0,180.12,,,,,,,,,
4.0,60.0,56.96,269.02,530.0,171.63,151.06,170.0,177.98,,,,,,,,,,66.03,52.85,265.35,278.33,150.45,140.09,145.02,142.26,,,,,,,,,,66.5,52.53,265.35,278.0,150.0,140.09,145.0,140.61,,,,,,,,,,66.68,59.17,305.81,577.37,175.66,126.43,143.63,147.84,,,,,,,,,,75.42,66.22,304.34,592.9,198.22,166.51,165.06,177.0,,,,,,,,,
5.0,58.29,55.16,248.85,509.98,166.25,143.25,162.35,171.29,,,,,,,,,,64.21,51.89,254.46,268.18,146.96,136.59,139.01,136.28,,,,,,,,,,65.0,51.73,254.76,268.04,146.73,136.59,138.86,135.34,,,,,,,,,,64.63,56.9,287.75,553.3,170.07,122.83,138.02,142.38,,,,,,,,,,74.28,64.44,290.51,571.36,193.67,162.08,161.32,174.35,,,,,,,,,
6.0,56.82,53.89,233.68,493.9,161.79,137.84,155.78,166.04,,,,,,,,,,63.06,51.02,248.02,261.39,144.22,133.06,134.76,132.6,,,,,,,,,,63.64,50.92,248.02,260.79,143.9,133.02,134.42,131.49,,,,,,,,,,62.63,55.22,272.26,534.02,165.38,119.55,133.7,138.5,,,,,,,,,,73.41,62.68,277.88,551.8,189.98,158.42,158.8,172.62,,,,,,,,,
7.0,55.59,52.53,221.06,478.13,157.07,134.4,151.0,161.91,,,,,,,,,,61.57,50.5,240.52,255.0,141.54,130.0,131.11,128.65,,,,,,,,,,62.01,50.27,240.45,255.0,141.39,130.0,130.86,127.78,,,,,,,,,,60.49,54.0,258.45,516.44,161.21,116.74,129.78,135.11,,,,,,,,,,72.49,61.14,267.21,534.98,186.21,154.7,155.85,170.39,,,,,,,,,
8.0,54.81,51.39,212.26,461.78,153.52,130.81,147.58,158.71,,,,,,,,,,60.49,50.0,234.05,250.0,139.53,127.39,128.07,125.92,,,,,,,,,,60.8,49.87,234.04,250.0,139.48,127.32,127.94,125.42,,,,,,,,,,59.01,53.0,248.95,501.79,158.43,114.22,125.96,132.61,,,,,,,,,,71.56,59.58,256.28,518.48,182.1,151.66,153.68,168.77,,,,,,,,,
9.0,54.0,50.18,203.09,450.66,150.68,128.14,143.5,154.87,,,,,,,,,,59.83,49.26,228.86,247.45,137.74,125.0,125.22,123.82,,,,,,,,,,59.97,49.16,228.86,247.37,137.67,124.98,125.21,122.95,,,,,,,,,,57.61,52.03,240.0,485.0,154.66,111.8,123.82,129.42,,,,,,,,,,70.69,58.35,250.01,502.69,179.66,148.97,151.78,166.75,,,,,,,,,
10.0,53.2,49.2,197.53,439.44,147.16,125.25,140.93,152.39,,,,,,,,,,59.21,48.61,223.0,243.47,135.86,122.75,123.52,121.79,,,,,,,,,,59.38,48.42,223.0,243.47,135.72,122.58,123.49,120.81,,,,,,,,,,56.42,50.9,230.25,472.39,151.97,109.88,121.32,127.4,,,,,,,,,,69.73,57.26,243.02,493.05,175.46,145.72,150.05,165.15,,,,,,,,,
11.0,52.74,48.27,190.0,428.82,144.8,123.01,137.73,150.29,,,,,,,,,,58.8,48.0,218.3,240.0,134.1,120.75,121.29,119.55,,,,,,,,,,58.9,47.86,218.3,240.0,134.0,120.72,121.16,119.04,,,,,,,,,,55.39,50.0,223.24,461.16,149.68,108.05,119.39,125.78,,,,,,,,,,68.65,56.05,236.88,480.21,172.81,143.4,148.95,163.28,,,,,,,,,
12.0,52.01,47.63,182.56,418.38,142.26,120.96,134.99,147.96,,,,,,,,,,58.47,47.21,214.48,237.28,132.35,119.23,119.58,117.99,,,,,,,,,,58.58,47.08,214.48,237.2,132.24,119.0,119.39,116.75,,,,,,,,,,54.62,49.12,216.71,450.94,146.75,106.2,117.0,123.92,,,,,,,,,,67.86,55.16,231.24,470.31,170.0,141.05,147.32,161.92,,,,,,,,,
13.0,51.47,46.8,176.55,407.45,140.09,118.93,132.72,145.63,,,,,,,,,,58.0,46.75,207.76,234.0,130.64,117.14,117.64,115.58,,,,,,,,,,58.09,46.53,207.76,233.96,130.44,117.11,117.56,115.03,,,,,,,,,,53.94,48.34,209.8,441.98,144.72,104.51,114.64,122.19,,,,,,,,,,66.97,54.43,226.7,462.3,167.66,139.25,145.69,160.43,,,,,,,,,
14.0,51.0,46.06,169.4,399.72,138.51,116.86,130.12,144.19,,,,,,,,,,57.66,46.23,202.0,230.02,129.82,115.88,115.98,113.96,,,,,,,,,,57.75,46.07,202.0,230.04,129.74,115.74,115.86,113.03,,,,,,,,,,52.96,47.67,203.65,433.28,142.78,102.67,112.36,120.83,,,,,,,,,,66.26,53.54,221.99,454.51,165.0,136.83,144.24,159.37,,,,,,,,,
15.0,50.5,45.47,162.88,390.0,136.61,115.09,128.69,142.56,,,,,,,,,,57.2,45.82,198.41,227.98,128.54,114.34,114.78,111.53,,,,,,,,,,57.32,45.56,198.41,227.98,128.36,114.3,114.72,111.03,,,,,,,,,,52.3,46.99,198.0,425.06,140.48,100.91,110.19,119.2,,,,,,,,,,65.43,52.86,217.86,450.0,162.96,135.05,143.0,158.05,,,,,,,,,
16.0,50.02,44.97,157.11,379.9,134.98,113.48,126.91,140.69,,,,,,,,,,56.89,45.18,194.06,225.0,127.02,112.85,113.64,109.12,,,,,,,,,,56.94,45.07,194.06,225.01,126.96,112.83,113.55,108.52,,,,,,,,,,51.79,46.21,192.12,415.61,138.73,99.74,108.1,117.99,,,,,,,,,,64.9,52.13,213.1,443.6,160.89,133.76,141.59,156.91,,,,,,,,,
17.0,49.71,44.52,151.2,371.92,133.05,111.72,125.09,139.11,,,,,,,,,,56.51,44.94,190.8,222.78,125.86,111.39,112.3,107.34,,,,,,,,,,56.56,44.86,190.83,222.78,125.64,111.36,112.2,106.81,,,,,,,,,,51.13,45.69,186.0,408.9,136.58,98.09,105.87,116.26,,,,,,,,,,64.23,51.47,208.5,435.7,159.31,131.7,140.29,155.52,,,,,,,,,
18.0,49.1,43.88,145.0,362.7,131.78,110.14,123.57,138.01,,,,,,,,,,56.16,44.52,187.4,220.25,124.79,110.0,111.0,104.93,,,,,,,,,,56.26,44.45,187.82,220.26,124.59,110.0,110.94,104.71,,,,,,,,,,50.62,45.1,181.28,400.07,135.0,95.97,104.18,114.84,,,,,,,,,,63.55,50.92,203.87,429.68,157.23,130.23,139.52,154.53,,,,,,,,,
19.0,48.73,43.25,139.39,353.0,130.02,109.01,122.15,136.98,,,,,,,,,,56.0,44.09,184.21,218.47,123.2,108.83,109.91,103.39,,,,,,,,,,56.02,44.01,184.58,218.5,123.0,108.78,109.85,103.18,,,,,,,,,,50.1,44.71,176.52,393.4,133.1,94.5,102.52,113.66,,,,,,,,,,62.95,50.27,198.9,423.08,155.0,129.26,138.09,153.62,,,,,,,,,
20.0,48.16,42.83,133.79,346.15,129.14,107.64,120.71,135.85,,,,,,,,,,55.62,43.76,180.3,216.01,121.99,107.27,108.69,102.07,,,,,,,,,,55.78,43.66,180.3,216.01,121.88,107.2,108.61,101.69,,,,,,,,,,49.71,44.18,170.66,385.28,131.8,92.97,100.69,112.34,,,,,,,,,,62.39,49.95,193.84,416.78,153.49,127.56,136.76,152.81,,,,,,,,,
21.0,47.9,42.15,128.51,338.0,127.74,106.4,119.73,134.81,,,,,,,,,,55.44,43.33,177.0,214.9,120.76,105.7,107.5,100.47,,,,,,,,,,55.51,43.21,177.0,214.9,120.58,105.63,107.32,100.17,,,,,,,,,,49.2,43.71,164.88,378.04,130.03,91.55,99.4,111.04,,,,,,,,,,61.92,49.33,189.04,410.39,151.56,125.97,135.71,151.88,,,,,,,,,
22.0,47.47,41.69,123.55,332.04,126.22,105.14,118.26,133.59,,,,,,,,,,55.13,43.0,173.89,212.6,120.0,104.58,106.54,98.87,,,,,,,,,,55.26,42.93,173.89,212.6,119.96,104.44,106.43,98.72,,,,,,,,,,48.83,43.13,159.99,371.13,129.11,90.12,98.0,109.73,,,,,,,,,,61.36,48.8,184.7,403.7,150.07,125.0,135.0,151.16,,,,,,,,,
23.0,46.99,41.2,119.2,324.85,124.95,103.63,116.6,131.91,,,,,,,,,,55.0,42.67,168.84,210.24,118.87,103.0,105.46,97.71,,,,,,,,,,55.04,42.61,168.84,210.25,118.76,102.98,105.42,97.39,,,,,,,,,,48.25,42.64,152.6,363.56,127.58,88.99,96.3,108.29,,,,,,,,,,60.92,48.36,180.28,396.41,149.49,123.91,134.13,150.32,,,,,,,,,
24.0,46.69,40.8,115.49,317.11,123.63,102.45,115.24,130.9,,,,,,,,,,54.82,42.31,162.82,208.97,117.72,101.78,104.79,96.05,,,,,,,,,,54.94,42.22,162.82,208.97,117.62,101.72,104.72,95.65,,,,,,,,,,47.89,42.11,146.04,355.43,125.87,87.95,94.9,107.11,,,,,,,,,,60.57,47.91,177.58,388.16,148.0,123.06,133.19,149.75,,,,,,,,,
25.0,46.27,40.25,112.03,310.08,122.12,101.34,114.14,129.85,,,,,,,,,,54.52,42.0,157.5,206.4,116.21,100.48,104.01,94.66,,,,,,,,,,54.66,41.94,157.7,206.4,116.08,100.28,103.87,94.4,,,,,,,,,,47.43,41.74,140.55,350.0,124.34,86.54,93.2,105.52,,,,,,,,,,60.13,47.38,173.59,380.53,146.55,122.04,132.31,148.99,,,,,,,,,
26.0,45.93,39.93,109.87,304.05,120.7,100.09,112.79,128.77,,,,,,,,,,54.3,41.69,152.45,204.85,115.2,99.79,102.93,93.67,,,,,,,,,,54.47,41.63,152.54,204.86,115.09,99.64,102.68,93.4,,,,,,,,,,46.99,41.33,134.93,344.64,122.79,85.27,91.85,104.2,,,,,,,,,,59.8,46.95,168.69,374.65,145.11,121.04,131.57,148.06,,,,,,,,,
27.0,45.51,39.4,107.18,299.31,119.6,99.44,111.72,127.57,,,,,,,,,,54.01,41.4,147.35,202.6,114.28,98.7,101.58,92.16,,,,,,,,,,54.1,41.36,147.35,202.6,114.21,98.6,101.45,91.68,,,,,,,,,,46.59,40.9,129.42,336.53,121.31,84.18,90.46,102.96,,,,,,,,,,59.37,46.49,163.5,369.0,143.83,120.1,130.65,147.41,,,,,,,,,
28.0,45.06,38.95,105.02,294.45,118.36,98.28,110.5,126.72,,,,,,,,,,53.7,41.07,141.22,200.48,113.27,97.14,100.46,90.32,,,,,,,,,,53.96,41.06,141.42,200.49,113.21,96.9,100.39,89.68,,,,,,,,,,46.1,40.45,122.86,330.5,120.0,82.94,89.43,101.61,,,,,,,,,,59.0,46.03,158.49,361.9,142.37,119.86,130.0,146.44,,,,,,,,,
29.0,44.84,38.41,103.09,288.64,117.3,97.04,109.61,125.81,,,,,,,,,,53.49,40.75,137.49,199.8,112.19,95.5,99.82,88.83,,,,,,,,,,53.6,40.7,137.78,199.84,112.16,95.41,99.62,88.22,,,,,,,,,,45.8,40.04,117.01,324.56,118.85,81.51,88.22,100.43,,,,,,,,,,58.64,45.7,152.73,356.16,141.3,119.06,129.3,145.76,,,,,,,,,
30.0,44.4,38.04,100.82,282.41,116.09,96.02,108.85,125.05,,,,,,,,,,53.1,40.39,131.85,197.64,111.0,94.37,98.35,86.98,,,,,,,,,,53.29,40.37,132.5,197.65,111.0,94.2,98.21,86.69,,,,,,,,,,45.35,39.82,112.1,318.45,117.53,80.38,87.03,99.06,,,,,,,,,,58.28,45.29,146.26,350.0,140.22,118.18,128.5,145.1,,,,,,,,,
31.0,44.03,37.75,99.43,277.12,115.01,94.99,107.98,123.88,,,,,,,,,,52.99,40.1,126.13,195.97,110.01,92.5,97.0,85.33,,,,,,,,,,53.03,40.1,127.38,195.98,110.01,92.28,96.84,84.99,,,,,,,,,,45.02,39.38,108.77,312.28,116.0,79.16,85.89,98.05,,,,,,,,,,57.85,44.95,141.43,344.39,139.54,117.54,127.6,144.62,,,,,,,,,
32.0,43.85,37.24,97.61,272.47,114.0,93.88,107.09,122.73,,,,,,,,,,52.66,40.0,122.05,194.56,109.42,90.8,95.4,83.6,,,,,,,,,,52.84,40.0,122.81,194.6,109.48,90.57,95.15,83.31,,,,,,,,,,44.69,39.01,105.61,307.59,114.94,77.94,84.99,96.84,,,,,,,,,,57.52,44.55,137.19,337.0,138.28,116.89,126.78,143.62,,,,,,,,,
33.0,43.4,36.94,95.96,267.86,112.77,92.74,106.18,121.6,,,,,,,,,,52.39,39.8,119.9,192.2,108.19,89.86,94.06,81.89,,,,,,,,,,52.54,39.79,119.97,192.42,108.26,89.73,93.94,81.81,,,,,,,,,,44.26,38.69,102.82,301.7,113.71,76.64,83.79,95.32,,,,,,,,,,57.08,44.16,132.06,330.96,137.1,116.12,125.95,143.0,,,,,,,,,
34.0,43.0,36.59,94.9,263.54,111.3,91.77,105.22,120.64,,,,,,,,,,52.1,39.54,116.3,190.15,107.0,88.0,92.69,80.69,,,,,,,,,,52.27,39.53,116.73,190.2,107.0,87.99,92.38,80.61,,,,,,,,,,43.99,38.26,100.15,298.29,112.49,75.57,82.45,94.15,,,,,,,,,,56.77,43.86,127.9,326.22,135.8,115.43,125.15,142.35,,,,,,,,,
35.0,42.7,36.15,93.26,259.2,110.17,90.94,104.21,119.58,,,,,,,,,,51.94,39.19,112.98,189.0,105.8,86.22,91.04,78.93,,,,,,,,,,52.0,39.19,113.05,189.0,105.83,86.11,90.79,78.82,,,,,,,,,,43.64,37.97,98.68,294.41,111.03,74.45,81.1,93.0,,,,,,,,,,56.42,43.46,124.4,320.04,135.0,115.0,124.9,141.76,,,,,,,,,
36.0,42.31,35.87,91.68,254.91,109.41,90.02,103.2,118.62,,,,,,,,,,51.69,38.99,110.0,186.31,105.0,85.0,89.8,77.38,,,,,,,,,,51.8,38.99,110.0,186.43,105.0,85.0,89.59,77.5,,,,,,,,,,43.25,37.6,96.51,289.0,110.06,73.14,80.02,91.51,,,,,,,,,,56.1,43.13,121.08,314.69,133.94,114.35,124.04,141.06,,,,,,,,,
37.0,41.95,35.35,90.01,250.0,108.26,89.26,102.36,117.65,,,,,,,,,,51.49,38.61,107.45,184.84,104.0,83.98,88.31,75.9,,,,,,,,,,51.59,38.61,107.49,184.94,104.0,83.82,88.09,76.08,,,,,,,,,,42.9,37.12,95.0,284.76,109.2,72.01,78.95,90.27,,,,,,,,,,55.8,42.81,119.24,309.78,133.01,113.68,123.17,140.42,,,,,,,,,
38.0,41.58,35.03,88.66,245.86,107.35,88.44,101.54,116.46,,,,,,,,,,51.24,38.3,105.02,182.4,103.07,82.45,86.61,74.15,,,,,,,,,,51.38,38.3,105.12,182.49,103.09,82.29,86.08,74.36,,,,,,,,,,42.49,36.85,93.28,279.88,107.93,71.08,77.71,89.09,,,,,,,,,,55.5,42.46,117.09,304.74,132.04,112.91,122.34,140.0,,,,,,,,,
39.0,41.17,34.76,87.13,241.53,106.27,87.73,100.71,115.64,,,,,,,,,,51.05,38.05,103.5,180.18,102.0,81.29,85.0,72.06,,,,,,,,,,51.19,38.05,103.55,180.18,102.0,81.17,85.0,72.15,,,,,,,,,,42.08,36.44,91.74,275.45,106.78,70.08,76.19,87.5,,,,,,,,,,55.15,42.14,115.0,300.0,131.14,112.0,121.53,139.56,,,,,,,,,
40.0,40.91,34.4,85.92,238.11,105.4,86.9,100.0,114.81,,,,,,,,,,50.95,37.81,101.36,179.76,100.97,80.0,83.52,69.56,,,,,,,,,,51.0,37.82,101.47,179.9,101.0,79.96,83.34,69.43,,,,,,,,,,41.7,36.07,90.03,271.93,105.64,69.33,74.95,86.24,,,,,,,,,,54.84,41.83,112.83,297.13,130.18,111.27,120.83,139.07,,,,,,,,,
41.0,40.58,34.06,84.81,233.56,104.71,86.12,99.12,113.9,,,,,,,,,,50.69,37.54,100.0,177.89,100.0,78.25,82.27,66.7,,,,,,,,,,50.87,37.55,100.03,178.04,100.0,78.05,82.03,66.44,,,,,,,,,,41.3,35.74,88.82,268.59,104.88,68.22,73.5,84.86,,,,,,,,,,54.49,41.44,110.91,293.2,129.7,110.71,120.09,138.38,,,,,,,,,
42.0,40.19,33.76,83.61,229.98,103.76,85.3,98.45,113.09,,,,,,,,,,50.5,37.2,99.05,176.0,99.64,76.41,80.4,64.81,,,,,,,,,,50.55,37.21,99.19,176.07,99.7,76.15,80.4,64.56,,,,,,,,,,41.02,35.28,87.1,265.0,103.92,67.08,72.13,83.3,,,,,,,,,,54.15,41.09,109.2,290.0,128.68,110.06,119.97,137.55,,,,,,,,,
43.0,39.97,33.38,82.2,227.07,102.88,84.65,97.8,111.97,,,,,,,,,,50.33,37.0,97.86,174.77,98.95,75.0,79.46,62.94,,,,,,,,,,50.45,37.0,97.91,174.96,99.0,75.0,79.43,62.56,,,,,,,,,,40.81,35.0,85.84,261.3,103.06,65.97,70.78,81.99,,,,,,,,,,53.84,40.75,106.86,286.46,127.92,109.93,119.22,136.74,,,,,,,,,
44.0,39.74,33.06,81.07,224.15,102.02,83.88,97.2,111.12,,,,,,,,,,50.12,36.69,96.01,172.54,97.79,73.74,78.0,61.07,,,,,,,,,,50.24,36.7,96.08,172.77,97.96,73.55,78.0,60.49,,,,,,,,,,40.39,34.65,84.71,258.08,102.19,65.0,69.43,80.43,,,,,,,,,,53.42,40.35,105.0,281.98,126.83,109.31,118.51,136.05,,,,,,,,,
45.0,39.43,32.78,80.09,220.69,101.22,83.12,96.5,110.2,,,,,,,,,,50.0,36.28,95.0,170.9,96.85,71.99,76.75,58.77,,,,,,,,,,50.1,36.29,95.0,171.04,96.94,71.94,76.78,57.94,,,,,,,,,,40.01,34.21,83.67,254.94,101.3,63.86,68.11,78.62,,,,,,,,,,53.01,40.0,102.94,278.48,125.92,108.77,117.9,135.45,,,,,,,,,
46.0,39.13,32.4,79.37,218.35,100.54,82.25,95.7,109.31,,,,,,,,,,49.94,36.05,93.46,169.89,95.62,70.8,75.43,55.37,,,,,,,,,,50.0,36.06,93.51,170.0,95.7,70.74,75.47,54.53,,,,,,,,,,39.76,33.95,82.35,251.74,100.44,62.72,66.5,76.82,,,,,,,,,,52.75,39.8,101.34,275.17,125.0,108.12,117.25,135.0,,,,,,,,,
47.0,38.95,32.04,78.34,215.28,100.0,81.61,94.95,108.72,,,,,,,,,,49.62,35.65,92.54,168.0,95.0,69.82,73.84,53.55,,,,,,,,,,49.87,35.66,92.54,168.52,95.0,69.74,73.9,52.57,,,,,,,,,,39.44,33.5,81.2,248.89,99.99,61.67,64.85,74.72,,,,,,,,,,52.46,39.48,99.82,272.47,124.38,107.54,116.66,134.38,,,,,,,,,
48.0,38.68,31.71,77.6,212.86,99.36,80.92,94.07,107.77,,,,,,,,,,49.39,35.18,91.46,166.38,94.0,68.0,72.07,50.62,,,,,,,,,,49.53,35.21,91.45,166.78,94.09,68.0,72.18,49.18,,,,,,,,,,39.1,33.1,80.09,245.26,99.18,60.67,63.18,73.01,,,,,,,,,,52.08,39.14,98.14,268.96,123.71,106.99,115.92,133.8,,,,,,,,,
49.0,38.38,31.31,76.49,210.27,98.74,80.16,93.26,106.98,,,,,,,,,,49.07,34.99,90.05,164.99,93.08,65.88,70.76,47.54,,,,,,,,,,49.2,35.0,90.07,165.02,93.32,66.01,70.77,45.85,,,,,,,,,,38.94,32.8,79.46,241.93,98.38,59.82,61.41,70.51,,,,,,,,,,51.78,38.87,96.09,266.51,123.0,106.39,115.21,133.08,,,,,,,,,
50.0,38.06,30.99,75.48,208.34,98.02,79.58,92.43,105.69,,,,,,,,,,48.95,34.62,89.5,163.54,92.13,64.79,69.97,44.05,,,,,,,,,,49.0,34.64,89.5,163.95,92.5,64.93,69.99,42.64,,,,,,,,,,38.65,32.37,78.46,239.34,97.7,58.81,60.0,68.32,,,,,,,,,,51.4,38.47,94.52,264.26,122.06,105.83,114.99,132.58,,,,,,,,,
51.0,37.87,30.59,74.59,205.65,97.28,78.87,91.73,104.83,,,,,,,,,,48.63,34.22,88.59,161.62,91.59,62.72,68.64,41.02,,,,,,,,,,48.87,34.27,88.61,162.12,91.82,63.09,68.64,39.63,,,,,,,,,,38.34,32.01,77.72,236.91,96.93,57.69,58.02,66.31,,,,,,,,,,51.05,38.1,92.43,261.13,121.32,105.22,114.47,131.83,,,,,,,,,
52.0,37.56,30.21,73.5,202.71,96.65,77.97,91.0,104.11,,,,,,,,,,48.43,34.01,87.34,160.38,90.78,61.0,66.71,38.52,,,,,,,,,,48.56,34.01,87.34,160.96,91.0,61.28,66.62,36.43,,,,,,,,,,38.03,31.66,76.39,233.6,96.02,56.6,56.01,64.63,,,,,,,,,,50.77,37.85,90.24,258.9,120.3,105.0,114.0,130.94,,,,,,,,,
53.0,37.32,29.95,72.08,200.0,95.9,77.05,90.41,103.08,,,,,,,,,,48.11,33.6,86.6,159.68,90.08,60.0,65.0,35.85,,,,,,,,,,48.34,33.64,86.6,160.0,90.3,60.0,65.0,35.01,,,,,,,,,,37.8,31.16,75.3,230.63,95.13,55.41,53.95,62.56,,,,,,,,,,50.42,37.52,88.59,256.49,119.76,104.65,113.37,130.1,,,,,,,,,
54.0,37.07,29.58,70.96,197.96,95.1,76.03,89.92,102.23,,,,,,,,,,48.0,33.31,85.12,157.3,89.78,58.4,62.58,35.01,,,,,,,,,,48.03,33.32,85.08,158.26,90.0,58.83,62.56,33.19,,,,,,,,,,37.5,30.74,74.47,228.58,94.49,54.32,52.12,60.7,,,,,,,,,,50.02,37.2,87.13,253.47,118.98,104.05,112.8,130.1,,,,,,,,,
55.0,36.92,29.16,69.98,195.77,94.61,75.01,89.26,101.5,,,,,,,,,,47.57,33.01,84.34,155.62,88.89,56.29,60.31,33.76,,,,,,,,,,47.8,33.01,84.27,156.17,89.42,56.83,60.33,31.01,,,,,,,,,,37.24,30.29,73.49,225.68,93.65,52.98,50.74,57.42,,,,,,,,,,49.84,36.94,85.95,250.0,118.06,103.46,112.09,130.0,,,,,,,,,
56.0,36.63,28.9,68.88,193.5,93.97,74.22,88.74,100.9,,,,,,,,,,47.4,32.7,83.43,154.3,87.99,55.0,58.62,31.8,,,,,,,,,,47.5,32.7,83.35,155.0,88.44,55.2,58.58,28.96,,,,,,,,,,37.0,30.0,72.18,223.5,92.65,51.98,49.28,54.36,,,,,,,,,,49.54,36.6,84.98,248.26,117.23,103.0,111.66,129.57,,,,,,,,,
57.0,36.32,28.52,67.87,190.9,93.18,73.32,88.08,100.17,,,,,,,,,,47.09,32.3,82.58,153.0,86.99,53.0,55.84,29.86,,,,,,,,,,47.25,32.32,82.54,153.33,87.46,54.0,55.91,26.84,,,,,,,,,,36.7,29.6,71.24,220.72,91.81,50.5,47.44,51.93,,,,,,,,,,49.23,36.22,83.43,245.62,116.47,102.38,111.1,128.89,,,,,,,,,
58.0,36.12,28.09,66.75,189.2,92.38,72.33,87.42,99.6,,,,,,,,,,46.96,32.02,81.2,151.11,85.8,50.68,53.18,27.74,,,,,,,,,,47.01,32.05,81.07,151.94,86.24,51.99,53.69,24.34,,,,,,,,,,36.4,29.1,70.27,218.95,91.0,49.25,45.28,49.3,,,,,,,,,,48.95,35.91,82.23,243.04,115.59,101.82,110.58,128.23,,,,,,,,,
59.0,35.94,27.85,65.86,185.98,91.64,71.55,86.67,98.76,,,,,,,,,,46.69,31.6,80.18,150.0,85.0,49.8,51.02,25.31,,,,,,,,,,46.85,31.66,80.0,150.3,85.2,50.2,51.41,23.0,,,,,,,,,,36.13,28.75,69.55,216.46,90.3,48.12,43.47,46.9,,,,,,,,,,48.63,35.5,81.0,241.04,115.04,101.29,110.03,127.66,,,,,,,,,
60.0,35.69,27.4,65.0,184.03,90.69,70.58,85.9,97.87,,,,,,,,,,46.36,31.24,79.26,149.11,84.13,47.5,49.7,23.59,,,,,,,,,,46.5,31.26,79.19,149.95,84.82,49.05,50.0,20.82,,,,,,,,,,35.93,28.3,68.61,214.78,89.65,46.85,41.51,44.24,,,,,,,,,,48.28,35.1,79.96,239.3,114.64,100.8,109.82,126.9,,,,,,,,,
61.0,35.46,27.06,64.13,181.57,89.97,69.81,85.22,96.99,,,,,,,,,,46.07,30.91,78.05,148.1,83.0,45.5,46.8,21.87,,,,,,,,,,46.18,30.96,78.02,148.58,83.9,47.22,47.56,18.89,,,,,,,,,,35.63,27.93,67.64,212.69,88.77,45.67,40.14,41.26,,,,,,,,,,48.0,34.87,78.68,236.94,113.94,100.18,109.22,126.24,,,,,,,,,
62.0,35.24,26.7,63.09,179.34,89.18,68.88,84.79,96.1,,,,,,,,,,45.94,30.55,76.75,147.0,82.0,43.92,44.75,19.8,,,,,,,,,,46.0,30.58,76.72,147.62,82.85,45.38,45.59,16.19,,,,,,,,,,35.29,27.5,66.57,210.14,87.94,44.32,38.8,38.9,,,,,,,,,,47.69,34.43,77.43,234.91,113.37,100.0,108.61,125.59,,,,,,,,,
63.0,35.02,26.26,62.2,176.09,88.39,67.9,84.0,95.16,,,,,,,,,,45.68,30.25,75.74,145.46,80.75,41.87,42.0,17.66,,,,,,,,,,45.77,30.29,75.57,146.0,81.76,43.64,43.78,14.32,,,,,,,,,,35.05,27.01,65.81,207.99,87.04,43.02,37.53,36.25,,,,,,,,,,47.37,34.0,76.35,232.63,112.66,99.46,108.01,124.94,,,,,,,,,
64.0,34.9,26.0,61.28,172.82,87.71,66.96,83.37,94.21,,,,,,,,,,45.38,30.01,74.75,144.0,80.0,40.1,40.0,15.16,,,,,,,,,,45.5,30.02,74.53,144.95,80.5,41.8,41.22,12.41,,,,,,,,,,34.9,26.61,65.02,206.0,86.01,41.54,36.1,34.16,,,,,,,,,,47.08,33.53,75.3,230.68,111.98,99.0,107.55,124.04,,,,,,,,,
65.0,34.55,25.73,60.46,169.94,86.9,66.0,82.64,93.22,,,,,,,,,,45.07,29.84,73.36,142.42,78.91,39.0,38.11,13.31,,,,,,,,,,45.17,29.9,73.35,143.0,80.0,40.08,39.68,11.02,,,,,,,,,,34.5,26.1,64.24,203.73,85.17,40.05,35.01,32.33,,,,,,,,,,46.76,33.0,74.34,228.88,111.23,98.47,106.97,123.37,,,,,,,,,
66.0,34.24,25.34,59.98,167.34,85.96,64.97,81.78,92.1,,,,,,,,,,44.98,29.5,72.04,140.58,77.62,36.0,36.0,11.28,,,,,,,,,,45.0,29.51,72.02,141.11,78.85,38.51,37.93,9.6,,,,,,,,,,34.17,25.75,63.26,201.45,84.44,38.78,33.81,30.44,,,,,,,,,,46.39,32.61,73.45,227.09,110.53,97.9,106.46,122.7,,,,,,,,,
67.0,34.0,25.04,59.16,164.09,85.0,64.18,80.94,90.89,,,,,,,,,,44.62,29.04,70.72,139.84,76.09,35.01,35.01,9.82,,,,,,,,,,44.71,29.1,70.68,140.0,77.62,35.79,35.62,8.18,,,,,,,,,,33.94,25.33,62.36,199.92,83.5,37.32,32.14,28.6,,,,,,,,,,46.1,32.13,72.59,225.0,110.0,97.23,105.93,122.04,,,,,,,,,
68.0,33.63,24.86,58.34,161.37,84.0,63.41,79.96,89.58,,,,,,,,,,44.3,28.77,69.55,137.83,75.0,35.0,33.96,8.47,,,,,,,,,,44.4,28.88,69.61,138.53,76.2,35.01,35.0,6.88,,,,,,,,,,33.5,25.0,61.64,197.5,82.52,35.7,30.72,26.72,,,,,,,,,,45.82,31.71,71.65,223.11,109.52,96.72,105.41,121.35,,,,,,,,,
69.0,33.23,24.39,57.6,157.42,82.93,62.5,78.99,88.44,,,,,,,,,,44.0,28.38,68.11,135.93,73.86,35.0,31.49,7.05,,,,,,,,,,44.07,28.5,68.26,136.24,75.0,35.0,33.6,5.57,,,,,,,,,,33.11,24.51,60.77,195.95,81.7,35.0,29.35,25.0,,,,,,,,,,45.54,31.13,70.72,221.37,108.95,96.0,105.1,120.68,,,,,,,,,
70.0,33.01,24.02,56.87,153.31,81.85,61.45,77.95,87.1,,,,,,,,,,43.73,28.03,66.65,134.64,72.1,33.74,30.0,5.64,,,,,,,,,,43.81,28.1,66.84,135.0,74.0,35.0,31.17,4.61,,,,,,,,,,32.89,24.1,60.06,194.3,80.4,33.7,27.95,23.43,,,,,,,,,,45.21,30.72,69.96,219.42,108.2,95.38,105.1,120.05,,,,,,,,,
71.0,32.69,23.66,55.95,149.78,80.48,60.38,77.0,85.59,,,,,,,,,,43.4,27.8,65.5,132.1,70.65,30.52,27.84,4.51,,,,,,,,,,43.5,27.92,65.71,133.1,72.52,33.0,30.0,3.9,,,,,,,,,,32.51,23.6,59.45,191.99,79.61,32.0,26.28,21.85,,,,,,,,,,45.0,30.28,69.18,217.9,107.5,95.0,104.78,119.19,,,,,,,,,
72.0,32.3,23.12,55.25,145.64,79.71,59.45,75.5,84.2,,,,,,,,,,43.0,27.5,64.5,130.19,69.56,28.21,25.77,3.78,,,,,,,,,,43.1,27.52,64.69,131.0,70.81,30.1,28.3,3.6,,,,,,,,,,32.16,22.98,58.6,190.0,78.42,30.4,25.2,19.95,,,,,,,,,,44.66,30.0,68.32,215.85,106.92,94.34,104.25,118.29,,,,,,,,,
73.0,31.98,22.8,54.56,141.04,78.52,58.18,74.15,82.44,,,,,,,,,,42.68,27.1,62.99,129.11,67.46,24.92,23.48,3.39,,,,,,,,,,42.85,27.2,63.15,129.99,69.99,27.03,26.21,2.96,,,,,,,,,,31.88,22.5,57.78,188.14,77.15,28.85,23.7,18.53,,,,,,,,,,44.36,29.6,67.63,214.37,106.2,93.67,103.68,117.29,,,,,,,,,
74.0,31.51,22.19,53.8,138.04,77.13,56.99,72.6,80.99,,,,,,,,,,42.41,26.85,61.93,127.0,65.1,20.56,21.01,2.64,,,,,,,,,,42.51,27.0,62.01,127.85,68.0,24.22,24.59,2.36,,,,,,,,,,31.39,21.85,56.79,185.55,76.0,27.0,22.33,17.2,,,,,,,,,,44.07,29.05,66.78,212.74,105.5,92.93,102.96,116.46,,,,,,,,,
75.0,31.06,21.75,53.01,134.2,75.88,55.56,71.09,78.95,,,,,,,,,,42.01,26.45,60.9,125.0,63.47,17.5,19.7,2.09,,,,,,,,,,42.21,26.51,61.02,125.33,65.88,20.1,22.19,2.0,,,,,,,,,,31.0,21.2,56.0,183.03,74.94,25.51,20.96,15.53,,,,,,,,,,43.77,28.67,65.86,210.79,104.87,92.06,102.35,115.35,,,,,,,,,
76.0,30.76,21.11,52.13,130.14,74.42,54.52,69.76,75.89,,,,,,,,,,41.76,26.02,59.98,122.3,60.39,14.72,17.56,1.61,,,,,,,,,,41.95,26.2,60.0,123.38,64.8,17.04,20.3,1.69,,,,,,,,,,30.61,20.64,55.15,180.09,73.47,24.08,19.89,14.46,,,,,,,,,,43.46,28.15,65.1,209.31,104.0,91.31,101.86,114.37,,,,,,,,,
77.0,30.29,20.72,51.2,126.25,72.86,52.77,68.03,73.72,,,,,,,,,,41.32,25.8,58.59,120.21,59.0,12.03,15.98,1.04,,,,,,,,,,41.54,26.0,58.96,121.0,62.48,14.2,19.26,1.32,,,,,,,,,,30.19,20.06,54.31,177.89,71.82,21.91,18.48,13.02,,,,,,,,,,43.13,27.71,64.46,207.42,103.13,90.6,101.24,113.19,,,,,,,,,
78.0,30.03,20.1,50.56,122.14,70.7,51.21,66.21,70.81,,,,,,,,,,41.0,25.34,57.16,119.12,55.44,10.03,14.83,0.84,,,,,,,,,,41.1,25.51,57.46,120.0,60.0,11.41,17.6,1.08,,,,,,,,,,30.0,19.73,53.48,174.89,70.1,20.13,17.44,11.75,,,,,,,,,,42.71,27.27,63.66,205.21,102.52,90.09,100.44,112.06,,,,,,,,,
79.0,29.8,19.81,49.88,119.51,69.4,49.62,64.21,67.7,,,,,,,,,,40.6,25.0,55.93,116.67,52.8,8.0,13.0,0.57,,,,,,,,,,40.85,25.09,56.05,117.99,57.88,10.0,15.97,0.9,,,,,,,,,,29.61,19.12,52.68,171.82,68.41,18.59,16.28,10.48,,,,,,,,,,42.42,26.65,62.94,203.38,101.54,89.69,99.98,110.28,,,,,,,,,
80.0,29.37,19.16,49.02,115.92,67.03,47.33,61.01,65.39,,,,,,,,,,40.1,24.51,54.86,115.0,50.0,6.08,10.63,0.29,,,,,,,,,,40.46,24.82,54.99,115.55,55.0,7.58,15.0,0.61,,,,,,,,,,29.14,18.67,51.6,169.32,66.18,16.9,15.33,8.84,,,,,,,,,,42.05,26.11,62.19,201.2,100.74,88.78,99.23,109.24,,,,,,,,,
81.0,29.0,18.66,48.21,112.34,64.11,45.38,58.05,62.2,,,,,,,,,,39.87,24.1,53.47,113.0,48.11,5.0,8.0,0.16,,,,,,,,,,40.0,24.3,53.58,114.13,52.0,6.0,13.9,0.42,,,,,,,,,,28.69,18.12,50.56,166.69,64.15,15.1,14.11,7.3,,,,,,,,,,41.7,25.72,61.3,199.88,100.0,87.81,98.51,107.75,,,,,,,,,
82.0,28.62,18.05,47.41,108.88,60.88,42.87,53.75,56.31,,,,,,,,,,39.5,23.72,52.0,111.01,45.1,4.0,6.0,0.03,,,,,,,,,,39.68,24.0,52.01,112.0,49.99,5.0,12.01,0.27,,,,,,,,,,28.23,17.57,49.77,163.54,61.92,13.64,13.0,5.71,,,,,,,,,,41.27,25.3,60.61,197.77,99.5,86.63,97.67,106.47,,,,,,,,,
83.0,28.15,17.39,46.47,104.04,57.86,40.1,48.32,51.16,,,,,,,,,,39.02,23.0,50.3,109.7,42.23,3.32,5.0,0.0,,,,,,,,,,39.2,23.19,50.4,110.0,47.0,3.74,9.7,0.16,,,,,,,,,,27.9,17.04,48.9,160.42,59.1,11.9,11.97,4.32,,,,,,,,,,40.83,25.0,60.0,195.7,98.5,85.7,97.1,105.1,,,,,,,,,
84.0,27.8,16.74,45.72,100.22,53.93,37.51,41.0,45.47,,,,,,,,,,38.56,22.5,48.62,106.15,40.02,3.25,3.82,0.0,,,,,,,,,,38.88,22.67,48.67,107.41,44.94,3.29,7.44,0.06,,,,,,,,,,27.46,16.43,48.02,156.69,56.09,10.54,10.5,3.27,,,,,,,,,,40.41,24.76,59.31,193.46,97.5,85.0,96.22,104.23,,,,,,,,,
85.0,27.3,15.97,44.91,97.49,49.81,34.17,33.0,40.67,,,,,,,,,,38.01,21.85,46.69,104.0,38.0,3.2,3.52,0.0,,,,,,,,,,38.23,22.0,46.83,105.0,41.58,3.22,5.99,0.01,,,,,,,,,,27.02,15.91,46.78,152.39,53.27,9.64,9.21,2.22,,,,,,,,,,40.0,24.1,58.34,190.92,96.57,84.0,95.12,102.43,,,,,,,,,
86.0,26.91,14.98,43.89,93.82,45.37,29.97,25.98,33.1,,,,,,,,,,37.5,21.02,44.68,101.1,34.99,3.15,3.52,-0.0,,,,,,,,,,37.8,21.25,44.7,102.0,40.0,3.2,5.38,0.0,,,,,,,,,,26.61,15.27,45.72,147.54,48.93,8.16,7.74,1.14,,,,,,,,,,39.76,23.51,57.65,188.42,95.52,83.0,94.4,100.2,,,,,,,,,
87.0,26.33,14.03,42.91,89.88,40.54,24.91,18.87,23.51,,,,,,,,,,36.7,20.46,43.05,99.38,30.87,1.87,2.0,-0.0,,,,,,,,,,37.0,20.64,43.05,100.0,36.48,2.35,5.0,0.0,,,,,,,,,,26.12,14.82,44.74,143.42,45.14,6.92,5.99,0.42,,,,,,,,,,39.16,22.9,56.55,185.0,94.9,81.54,93.47,98.69,,,,,,,,,
88.0,25.79,12.96,41.9,86.73,35.07,19.95,13.03,17.58,,,,,,,,,,36.03,20.0,40.52,96.63,27.56,0.94,1.0,-0.01,,,,,,,,,,36.29,20.01,40.52,97.8,33.1,1.5,4.31,0.0,,,,,,,,,,25.49,14.06,43.68,139.28,40.87,5.4,4.57,0.02,,,,,,,,,,38.81,22.06,55.73,182.07,93.78,80.0,91.74,96.5,,,,,,,,,
89.0,25.1,11.75,40.49,82.77,29.09,14.28,8.59,9.93,,,,,,,,,,35.54,19.31,38.5,94.26,24.8,0.44,0.65,-0.01,,,,,,,,,,35.82,19.51,38.5,95.01,30.0,0.5,3.6,-0.0,,,,,,,,,,24.66,13.45,42.34,134.72,36.18,4.35,3.34,0.0,,,,,,,,,,38.19,21.4,54.69,179.35,92.68,78.78,90.0,94.97,,,,,,,,,
90.0,24.34,10.46,39.54,78.88,22.73,10.11,4.15,5.49,,,,,,,,,,35.0,18.48,36.4,90.91,20.3,0.2,0.18,-0.03,,,,,,,,,,35.26,18.83,36.46,92.15,25.6,0.43,3.52,-0.0,,,,,,,,,,24.0,12.71,41.04,128.27,30.68,3.25,1.5,0.0,,,,,,,,,,37.65,20.65,53.71,174.62,91.08,77.12,88.39,92.25,,,,,,,,,
91.0,23.09,9.06,37.87,74.55,16.85,6.5,2.0,2.22,,,,,,,,,,34.21,17.73,33.89,88.91,18.0,0.01,0.0,-0.1,,,,,,,,,,34.66,18.02,33.62,89.74,22.8,0.1,2.99,-0.01,,,,,,,,,,22.94,12.0,39.94,121.99,25.78,1.71,0.2,-0.0,,,,,,,,,,36.99,20.0,52.77,169.85,89.59,75.33,85.92,88.43,,,,,,,,,
92.0,21.35,7.59,36.02,70.05,11.64,2.95,0.1,0.4,,,,,,,,,,33.02,16.72,30.0,84.96,14.0,0.0,0.0,-0.27,,,,,,,,,,33.68,17.01,29.8,86.0,18.89,0.0,1.72,-0.03,,,,,,,,,,21.59,11.25,38.08,114.7,20.54,0.49,0.0,-0.0,,,,,,,,,,36.33,19.64,51.76,164.99,87.6,73.28,83.07,81.67,,,,,,,,,
93.0,18.52,5.49,33.3,63.85,8.63,0.75,0.0,-0.0,,,,,,,,,,32.03,15.75,26.4,79.74,9.72,0.0,0.0,-0.44,,,,,,,,,,32.51,16.01,26.41,80.27,15.0,0.0,0.66,-0.11,,,,,,,,,,20.0,10.52,35.76,107.46,15.72,0.06,0.0,-0.01,,,,,,,,,,35.51,18.99,50.23,157.82,85.6,71.0,79.53,74.09,,,,,,,,,
94.0,14.22,3.69,28.89,52.27,4.97,0.01,-0.01,-0.03,,,,,,,,,,30.8,14.97,22.48,74.65,5.0,0.0,-0.01,-0.68,,,,,,,,,,31.5,15.0,22.74,75.49,10.0,0.0,0.38,-0.33,,,,,,,,,,18.29,9.6,32.51,100.74,10.67,0.0,0.0,-0.01,,,,,,,,,,34.97,18.01,49.28,151.18,83.55,69.18,74.33,62.67,,,,,,,,,
95.0,10.72,1.23,22.82,40.08,1.07,-0.01,-0.11,-0.55,,,,,,,,,,30.0,14.0,18.19,65.3,4.3,0.0,-0.01,-0.84,,,,,,,,,,30.01,14.01,18.4,66.18,5.0,0.0,0.02,-0.5,,,,,,,,,,16.09,8.39,28.12,95.9,7.05,0.0,-0.01,-0.02,,,,,,,,,,34.01,16.96,47.9,144.02,80.1,65.62,68.42,53.26,,,,,,,,,
96.0,5.57,0.07,16.1,27.25,0.06,-0.08,-1.01,-1.76,,,,,,,,,,28.24,12.45,14.0,54.86,4.16,0.0,-0.5,-1.19,,,,,,,,,,29.0,12.66,14.0,55.0,4.3,0.0,0.0,-0.83,,,,,,,,,,14.51,6.69,22.06,88.42,3.82,-0.01,-0.01,-0.11,,,,,,,,,,32.85,15.89,46.02,134.41,76.69,61.87,59.07,38.38,,,,,,,,,
97.0,0.39,-0.11,7.2,15.22,-0.04,-1.04,-2.63,-4.07,,,,,,,,,,25.99,11.0,8.73,43.56,2.88,0.0,-1.01,-2.04,,,,,,,,,,26.51,11.34,9.4,45.0,4.16,0.0,0.0,-1.46,,,,,,,,,,11.89,4.99,15.98,79.09,0.9,-0.04,-0.04,-1.7,,,,,,,,,,31.27,14.77,43.73,121.61,70.09,56.29,46.15,28.7,,,,,,,,,
98.0,-0.93,-4.94,0.09,7.17,-1.01,-5.04,-6.0,-12.6,,,,,,,,,,19.99,9.06,3.5,21.01,1.22,-0.01,-2.07,-2.1,,,,,,,,,,20.62,9.83,3.5,21.02,1.74,-0.01,-0.01,-2.01,,,,,,,,,,9.15,2.23,7.45,60.59,0.0,-1.5,-1.56,-9.38,,,,,,,,,,29.18,11.58,40.1,106.04,55.67,46.48,25.59,13.6,,,,,,,,,
99.0,-9.98,-16.95,-2.98,0.07,-5.22,-19.95,-18.89,-35.57,,,,,,,,,,6.23,5.67,1.95,4.11,0.0,-0.46,-4.2,-4.0,,,,,,,,,,6.46,5.93,1.95,4.11,0.1,-0.07,-0.86,-2.98,,,,,,,,,,5.29,-0.1,0.08,33.08,-0.08,-14.4,-7.39,-29.77,,,,,,,,,,22.2,8.0,34.87,92.87,35.14,30.0,13.99,6.6,,,,,,,,,
100.0,-90.01,-83.94,-69.0,-19.04,-500.0,-135.45,-250.32,-499.0,,,,,,,,,,0.03,1.02,0.01,0.0,0.0,-2.0,-15.0,-9.82,,,,,,,,,,0.01,1.02,0.0,0.0,0.0,-2.0,-5.0,-9.82,,,,,,,,,,-24.92,-75.82,-66.18,-1.44,-134.94,-87.29,-118.01,-496.86,,,,,,,,,,1.0,0.0,3.0,10.0,2.36,0.1,0.0,0.0,,,,,,,,,
