hour_utc,DE_2019_Q1,DE_2019_Q2,DE_2019_Q3,DE_2019_Q4,DE_2020_Q1,DE_2020_Q2,DE_2020_Q3,DE_2020_Q4,DE_2021_Q1,DE_2021_Q2,DE_2021_Q3,DE_2021_Q4,DE_2022_Q1,DE_2022_Q2,DE_2022_Q3,DE_2022_Q4,DE_2023_Q1,DE_2023_Q2,DE_2023_Q3,DE_2023_Q4,DE_2024_Q1,DE_2024_Q2,DE_2024_Q3,DE_2024_Q4,DE_2025_Q1,DE_2025_Q2,DE_2025_Q3,DE_2025_Q4,DE_2026_Q1,DE_2026_Q2,DE_2026_Q3,DE_2026_Q4,DE_2027_Q1,DE_2027_Q2,DE_2027_Q3,DE_2027_Q4,DE_2028_Q1,DE_2028_Q2,DE_2028_Q3,DE_2028_Q4,DE_2029_Q1,DE_2029_Q2,DE_2029_Q3,DE_2029_Q4,DE_2030_Q1,DE_2030_Q2,DE_2030_Q3,DE_2030_Q4,DE_2031_Q1,DE_2031_Q2,DE_2031_Q3,DE_2031_Q4,DE_2032_Q1,DE_2032_Q2,DE_2032_Q3,DE_2032_Q4,DE_2033_Q1,DE_2033_Q2,DE_2033_Q3,DE_2033_Q4,DE_2034_Q1,DE_2034_Q2,DE_2034_Q3,DE_2034_Q4,DE_2035_Q1,DE_2035_Q2,DE_2035_Q3,DE_2035_Q4,ES_2019_Q1,ES_2019_Q2,ES_2019_Q3,ES_2019_Q4,ES_2020_Q1,ES_2020_Q2,ES_2020_Q3,ES_2020_Q4,ES_2021_Q1,ES_2021_Q2,ES_2021_Q3,ES_2021_Q4,ES_2022_Q1,ES_2022_Q2,ES_2022_Q3,ES_2022_Q4,ES_2023_Q1,ES_2023_Q2,ES_2023_Q3,ES_2023_Q4,ES_2024_Q1,ES_2024_Q2,ES_2024_Q3,ES_2024_Q4,ES_2025_Q1,ES_2025_Q2,ES_2025_Q3,ES_2025_Q4,ES_2026_Q1,ES_2026_Q2,ES_2026_Q3,ES_2026_Q4,ES_2027_Q1,ES_2027_Q2,ES_2027_Q3,ES_2027_Q4,ES_2028_Q1,ES_2028_Q2,ES_2028_Q3,ES_2028_Q4,ES_2029_Q1,ES_2029_Q2,ES_2029_Q3,ES_2029_Q4,ES_2030_Q1,ES_2030_Q2,ES_2030_Q3,ES_2030_Q4,ES_2031_Q1,ES_2031_Q2,ES_2031_Q3,ES_2031_Q4,ES_2032_Q1,ES_2032_Q2,ES_2032_Q3,ES_2032_Q4,ES_2033_Q1,ES_2033_Q2,ES_2033_Q3,ES_2033_Q4,ES_2034_Q1,ES_2034_Q2,ES_2034_Q3,ES_2034_Q4,ES_2035_Q1,ES_2035_Q2,ES_2035_Q3,ES_2035_Q4,PT_2019_Q1,PT_2019_Q2,PT_2019_Q3,PT_2019_Q4,PT_2020_Q1,PT_2020_Q2,PT_2020_Q3,PT_2020_Q4,PT_2021_Q1,PT_2021_Q2,PT_2021_Q3,PT_2021_Q4,PT_2022_Q1,PT_2022_Q2,PT_2022_Q3,PT_2022_Q4,PT_2023_Q1,PT_2023_Q2,PT_2023_Q3,PT_2023_Q4,PT_2024_Q1,PT_2024_Q2,PT_2024_Q3,PT_2024_Q4,PT_2025_Q1,PT_2025_Q2,PT_2025_Q3,PT_2025_Q4,PT_2026_Q1,PT_2026_Q2,PT_2026_Q3,PT_2026_Q4,PT_2027_Q1,PT_2027_Q2,PT_2027_Q3,PT_2027_Q4,PT_2028_Q1,PT_2028_Q2,PT_2028_Q3,PT_2028_Q4,PT_2029_Q1,PT_2029_Q2,PT_2029_Q3,PT_2029_Q4,PT_2030_Q1,PT_2030_Q2,PT_2030_Q3,PT_2030_Q4,PT_2031_Q1,PT_2031_Q2,PT_2031_Q3,PT_2031_Q4,PT_2032_Q1,PT_2032_Q2,PT_2032_Q3,PT_2032_Q4,PT_2033_Q1,PT_2033_Q2,PT_2033_Q3,PT_2033_Q4,PT_2034_Q1,PT_2034_Q2,PT_2034_Q3,PT_2034_Q4,PT_2035_Q1,PT_2035_Q2,PT_2035_Q3,PT_2035_Q4,FR_2019_Q1,FR_2019_Q2,FR_2019_Q3,FR_2019_Q4,FR_2020_Q1,FR_2020_Q2,FR_2020_Q3,FR_2020_Q4,FR_2021_Q1,FR_2021_Q2,FR_2021_Q3,FR_2021_Q4,FR_2022_Q1,FR_2022_Q2,FR_2022_Q3,FR_2022_Q4,FR_2023_Q1,FR_2023_Q2,FR_2023_Q3,FR_2023_Q4,FR_2024_Q1,FR_2024_Q2,FR_2024_Q3,FR_2024_Q4,FR_2025_Q1,FR_2025_Q2,FR_2025_Q3,FR_2025_Q4,FR_2026_Q1,FR_2026_Q2,FR_2026_Q3,FR_2026_Q4,FR_2027_Q1,FR_2027_Q2,FR_2027_Q3,FR_2027_Q4,FR_2028_Q1,FR_2028_Q2,FR_2028_Q3,FR_2028_Q4,FR_2029_Q1,FR_2029_Q2,FR_2029_Q3,FR_2029_Q4,FR_2030_Q1,FR_2030_Q2,FR_2030_Q3,FR_2030_Q4,FR_2031_Q1,FR_2031_Q2,FR_2031_Q3,FR_2031_Q4,FR_2032_Q1,FR_2032_Q2,FR_2032_Q3,FR_2032_Q4,FR_2033_Q1,FR_2033_Q2,FR_2033_Q3,FR_2033_Q4,FR_2034_Q1,FR_2034_Q2,FR_2034_Q3,FR_2034_Q4,FR_2035_Q1,FR_2035_Q2,FR_2035_Q3,FR_2035_Q4,IT_2019_Q1,IT_2019_Q2,IT_2019_Q3,IT_2019_Q4,IT_2020_Q1,IT_2020_Q2,IT_2020_Q3,IT_2020_Q4,IT_2021_Q1,IT_2021_Q2,IT_2021_Q3,IT_2021_Q4,IT_2022_Q1,IT_2022_Q2,IT_2022_Q3,IT_2022_Q4,IT_2023_Q1,IT_2023_Q2,IT_2023_Q3,IT_2023_Q4,IT_2024_Q1,IT_2024_Q2,IT_2024_Q3,IT_2024_Q4,IT_2025_Q1,IT_2025_Q2,IT_2025_Q3,IT_2025_Q4,IT_2026_Q1,IT_2026_Q2,IT_2026_Q3,IT_2026_Q4,IT_2027_Q1,IT_2027_Q2,IT_2027_Q3,IT_2027_Q4,IT_2028_Q1,IT_2028_Q2,IT_2028_Q3,IT_2028_Q4,IT_2029_Q1,IT_2029_Q2,IT_2029_Q3,IT_2029_Q4,IT_2030_Q1,IT_2030_Q2,IT_2030_Q3,IT_2030_Q4,IT_2031_Q1,IT_2031_Q2,IT_2031_Q3,IT_2031_Q4,IT_2032_Q1,IT_2032_Q2,IT_2032_Q3,IT_2032_Q4,IT_2033_Q1,IT_2033_Q2,IT_2033_Q3,IT_2033_Q4,IT_2034_Q1,IT_2034_Q2,IT_2034_Q3,IT_2034_Q4,IT_2035_Q1,IT_2035_Q2,IT_2035_Q3,IT_2035_Q4,GB_2019_Q1,GB_2019_Q2,GB_2019_Q3,GB_2019_Q4,GB_2020_Q1,GB_2020_Q2,GB_2020_Q3,GB_2020_Q4,GB_2021_Q1,GB_2021_Q2,GB_2021_Q3,GB_2021_Q4,GB_2022_Q1,GB_2022_Q2,GB_2022_Q3,GB_2022_Q4,GB_2023_Q1,GB_2023_Q2,GB_2023_Q3,GB_2023_Q4,GB_2024_Q1,GB_2024_Q2,GB_2024_Q3,GB_2024_Q4,GB_2025_Q1,GB_2025_Q2,GB_2025_Q3,GB_2025_Q4,GB_2026_Q1,GB_2026_Q2,GB_2026_Q3,GB_2026_Q4,GB_2027_Q1,GB_2027_Q2,GB_2027_Q3,GB_2027_Q4,GB_2028_Q1,GB_2028_Q2,GB_2028_Q3,GB_2028_Q4,GB_2029_Q1,GB_2029_Q2,GB_2029_Q3,GB_2029_Q4,GB_2030_Q1,GB_2030_Q2,GB_2030_Q3,GB_2030_Q4,GB_2031_Q1,GB_2031_Q2,GB_2031_Q3,GB_2031_Q4,GB_2032_Q1,GB_2032_Q2,GB_2032_Q3,GB_2032_Q4,GB_2033_Q1,GB_2033_Q2,GB_2033_Q3,GB_2033_Q4,GB_2034_Q1,GB_2034_Q2,GB_2034_Q3,GB_2034_Q4,GB_2035_Q1,GB_2035_Q2,GB_2035_Q3,GB_2035_Q4
0,30.76,29.78,30.44,25.4,18.7,16.97,28.65,27.88,39.45,52.8,80.16,125.13,154.86,166.55,327.62,138.13,91.93,88.87,81.6,57.84,54.95,65.37,73.59,73.3,94.43,81.21,81.58,70.79,89.51,108.5,135.94,,,,,,,,,,,,,,,,,,,,,,,,,,,,,,,,,,,,,,50.62,44.91,42.31,35.15,31.13,21.51,32.28,33.87,36.79,69.02,112.69,194.05,215.42,180.38,143.97,96.94,87.12,87.46,99.23,66.22,38.76,40.29,90.22,87.14,78.14,48.14,85.03,68.9,39.48,80.39,159.54,,,,,,,,,,,,,,,,,,,,,,,,,,,,,,,,,,,,,,52.22,45.31,42.33,35.22,31.25,21.59,32.28,33.95,37.05,69.02,112.69,194.33,215.81,180.38,144.42,97.0,87.18,87.46,99.33,66.24,38.83,40.63,90.62,87.75,78.31,49.8,85.03,68.91,39.28,80.39,159.54,,,,,,,,,,,,,,,,,,,,,,,,,,,,,,,,,,,,,,40.04,29.4,28.52,30.06,23.8,15.88,30.12,31.24,43.7,57.34,80.1,179.5,206.7,200.71,356.21,164.63,111.06,88.33,76.86,57.62,53.02,31.27,47.49,66.86,86.82,34.49,51.9,50.77,64.37,63.54,129.49,,,,,,,,,,,,,,,,,,,,,,,,,,,,,,,,,,,,,,50.98,43.4,43.75,36.97,32.08,21.59,34.87,37.14,49.04,66.12,111.57,202.71,221.74,227.31,417.61,192.23,136.96,105.08,103.91,104.83,80.82,86.28,107.51,107.24,122.73,97.0,106.99,98.91,120.02,128.16,170.13,,,,,,,,,,,,,,,,,,,,,,,,,,,,,,,,,,,,,,51.91,40.14,33.08,36.68,27.08,23.06,29.45,37.66,55.59,72.69,114.62,180.42,194.63,156.87,281.33,152.41,125.61,92.51,75.73,69.22,64.7,66.44,68.24,82.91,104.07,80.91,76.61,68.62,93.37,105.67,140.88,,,,,,,,,,,,,,,,,,,,,,,,,,,,,,,,,,,,,
1,29.51,29.05,29.78,24.11,17.48,16.23,27.37,26.41,38.52,51.28,77.75,120.33,151.26,163.53,318.35,132.59,90.18,87.12,78.68,55.11,53.34,64.16,72.35,70.64,91.79,80.19,80.28,68.41,87.28,106.95,132.95,,,,,,,,,,,,,,,,,,,,,,,,,,,,,,,,,,,,,,48.01,44.07,41.49,32.87,29.23,20.88,31.21,31.61,33.52,68.19,111.28,185.74,206.79,176.77,138.27,91.41,83.25,85.38,97.46,62.81,36.2,39.41,90.16,82.05,73.55,45.88,81.75,64.64,36.21,77.59,156.55,,,,,,,,,,,,,,,,,,,,,,,,,,,,,,,,,,,,,,49.41,44.31,41.5,32.94,29.44,20.91,31.22,31.76,33.96,68.19,111.28,185.84,207.06,176.77,138.7,91.41,83.25,85.38,97.46,62.83,36.55,39.77,90.57,82.65,73.82,47.54,81.75,64.64,35.89,77.59,156.55,,,,,,,,,,,,,,,,,,,,,,,,,,,,,,,,,,,,,,38.25,26.63,25.82,27.54,22.61,14.4,28.24,28.78,42.06,53.69,71.59,169.47,201.03,190.51,336.99,156.95,108.43,83.31,68.21,53.76,50.35,25.57,39.79,62.42,83.77,28.39,44.03,45.67,58.53,56.16,120.78,,,,,,,,,,,,,,,,,,,,,,,,,,,,,,,,,,,,,,48.46,42.28,42.66,35.08,30.2,20.51,33.13,35.12,46.73,63.49,108.16,196.36,215.66,224.64,407.42,183.69,131.74,103.05,102.19,100.84,77.46,85.25,105.89,103.38,119.62,95.89,105.27,97.88,117.96,126.86,165.58,,,,,,,,,,,,,,,,,,,,,,,,,,,,,,,,,,,,,,51.2,39.53,31.53,35.5,27.93,22.25,28.89,37.43,54.86,71.58,110.21,180.28,194.09,154.08,274.87,145.59,120.57,90.87,73.63,66.74,62.33,63.15,65.37,78.37,101.32,77.34,75.19,66.86,92.97,104.68,137.91,,,,,,,,,,,,,,,,,,,,,,,,,,,,,,,,,,,,,
2,28.94,29.11,29.98,23.3,16.67,16.28,27.32,25.3,37.24,51.49,78.43,119.05,147.55,165.27,319.06,129.78,87.88,87.79,79.5,53.31,51.96,64.93,73.01,68.86,90.16,81.76,82.37,67.8,86.39,108.11,132.83,,,,,,,,,,,,,,,,,,,,,,,,,,,,,,,,,,,,,,46.49,43.91,41.1,31.62,28.17,20.56,30.9,30.48,31.82,67.6,110.96,176.25,198.14,176.47,138.94,88.1,80.5,83.41,95.85,60.61,34.8,39.03,88.07,78.86,70.2,45.44,80.2,62.13,33.15,76.59,154.9,,,,,,,,,,,,,,,,,,,,,,,,,,,,,,,,,,,,,,47.8,44.03,41.1,31.68,28.4,20.57,30.91,30.66,32.23,67.6,110.96,176.5,198.39,176.47,138.98,88.1,80.5,83.41,95.85,60.63,34.96,39.39,88.19,79.7,70.22,46.97,80.2,62.13,32.81,76.59,154.9,,,,,,,,,,,,,,,,,,,,,,,,,,,,,,,,,,,,,,34.87,25.52,24.33,25.5,20.26,13.58,27.76,26.61,39.34,52.2,66.96,156.83,189.57,189.58,333.13,146.43,100.03,81.54,63.53,49.37,46.77,21.95,35.33,55.77,78.29,26.58,40.6,40.96,49.85,55.15,119.41,,,,,,,,,,,,,,,,,,,,,,,,,,,,,,,,,,,,,,47.19,42.25,42.09,33.97,29.21,20.2,32.62,33.73,45.3,64.36,109.27,190.97,210.66,224.62,407.43,178.06,128.32,103.09,101.88,98.8,75.88,85.12,105.61,102.37,118.01,96.36,104.68,97.46,117.27,126.93,162.27,,,,,,,,,,,,,,,,,,,,,,,,,,,,,,,,,,,,,,50.02,39.23,29.24,34.51,25.98,19.36,28.41,34.67,51.29,69.47,107.44,169.65,184.63,147.41,269.18,135.64,112.34,87.77,71.22,62.18,59.83,59.71,62.68,74.1,98.46,74.74,73.71,64.66,90.33,101.69,136.39,,,,,,,,,,,,,,,,,,,,,,,,,,,,,,,,,,,,,
3,29.53,30.82,31.45,24.81,17.3,17.59,29.3,26.61,37.63,54.06,83.42,125.96,151.19,175.69,342.87,135.38,88.55,93.76,85.29,55.9,52.53,70.31,79.33,71.07,91.98,87.9,89.24,69.7,87.31,112.4,138.94,,,,,,,,,,,,,,,,,,,,,,,,,,,,,,,,,,,,,,45.9,44.93,41.96,31.45,27.7,21.21,32.1,30.5,31.4,69.36,112.7,173.73,195.76,182.3,142.09,88.23,79.54,86.34,98.21,60.08,33.69,40.5,89.18,78.14,68.38,47.77,82.64,61.18,32.24,79.42,156.01,,,,,,,,,,,,,,,,,,,,,,,,,,,,,,,,,,,,,,47.04,45.0,41.96,31.45,27.91,21.23,32.1,30.68,31.8,69.36,112.7,174.12,196.57,182.3,142.09,88.29,79.54,86.34,98.21,60.21,33.92,40.63,89.27,78.7,68.43,48.6,82.64,61.18,31.91,79.42,156.01,,,,,,,,,,,,,,,,,,,,,,,,,,,,,,,,,,,,,,34.07,27.94,26.89,26.11,19.62,14.06,29.58,27.12,38.56,55.73,76.97,159.0,185.32,200.05,357.47,148.18,98.9,85.78,72.09,50.76,45.08,26.08,40.6,57.02,75.89,30.47,44.5,39.81,49.33,59.02,127.81,,,,,,,,,,,,,,,,,,,,,,,,,,,,,,,,,,,,,,47.48,44.3,43.14,34.92,29.57,21.53,34.15,34.68,45.13,67.21,112.61,193.82,211.39,229.3,419.56,182.43,130.05,107.0,104.24,100.44,76.59,89.15,107.9,103.63,118.48,100.65,107.02,99.08,117.39,130.27,166.38,,,,,,,,,,,,,,,,,,,,,,,,,,,,,,,,,,,,,,47.83,39.01,30.19,32.49,23.66,18.83,28.74,33.15,48.54,69.21,107.9,163.3,178.11,149.73,271.43,131.5,106.29,90.23,73.1,63.1,59.03,60.9,64.26,73.09,95.93,75.05,74.38,62.94,87.92,102.88,138.36,,,,,,,,,,,,,,,,,,,,,,,,,,,,,,,,,,,,,
4,32.39,37.23,37.99,28.83,20.07,22.0,35.81,30.53,41.2,64.4,101.66,145.14,165.31,202.9,405.87,154.14,96.92,108.55,103.75,66.51,56.45,86.11,96.65,81.17,98.26,101.19,102.68,77.77,93.04,123.14,151.27,,,,,,,,,,,,,,,,,,,,,,,,,,,,,,,,,,,,,,47.19,47.2,43.09,33.24,28.92,22.63,35.97,32.7,33.83,73.78,119.46,186.07,204.03,195.97,150.05,94.53,83.72,93.65,106.85,65.76,35.76,44.85,95.04,83.7,71.86,54.48,88.15,65.93,34.86,87.09,162.93,,,,,,,,,,,,,,,,,,,,,,,,,,,,,,,,,,,,,,47.87,47.23,43.09,33.22,29.05,22.65,35.97,32.88,34.13,73.71,119.46,186.24,204.23,195.97,150.06,94.53,83.86,93.65,106.85,65.76,35.65,44.66,95.04,83.82,71.88,53.61,88.15,65.93,34.42,87.02,162.93,,,,,,,,,,,,,,,,,,,,,,,,,,,,,,,,,,,,,,37.35,32.44,32.07,30.3,21.91,16.15,35.2,31.38,42.53,64.74,93.6,182.22,197.82,225.67,415.02,170.5,107.34,96.02,83.98,62.01,49.77,33.95,49.75,66.47,82.12,40.49,52.84,49.15,57.7,68.11,140.55,,,,,,,,,,,,,,,,,,,,,,,,,,,,,,,,,,,,,,50.44,48.95,47.24,40.19,32.97,24.48,38.98,39.57,49.56,74.74,122.61,210.8,223.8,248.85,457.84,204.65,139.51,117.42,111.2,110.84,81.85,100.7,116.32,112.52,125.71,114.88,114.97,106.92,122.13,142.31,179.48,,,,,,,,,,,,,,,,,,,,,,,,,,,,,,,,,,,,,,47.68,40.95,35.28,33.15,24.16,20.18,32.82,34.41,48.04,72.52,114.6,172.21,180.06,154.12,282.27,140.97,109.19,95.89,82.02,65.74,59.34,67.09,68.9,76.11,95.56,81.28,80.36,63.88,87.98,110.98,148.23,,,,,,,,,,,,,,,,,,,,,,,,,,,,,,,,,,,,,
5,39.73,42.68,43.81,35.32,25.44,26.31,41.56,36.56,48.0,72.9,113.56,178.31,194.16,222.0,440.66,187.93,116.93,116.92,117.86,83.39,66.42,94.96,105.99,98.24,115.15,104.15,110.8,94.19,105.74,122.11,149.65,,,,,,,,,,,,,,,,,,,,,,,,,,,,,,,,,,,,,,50.91,49.54,45.01,37.51,31.65,23.51,38.48,37.05,38.67,77.2,124.18,203.79,223.02,209.13,160.78,107.97,93.91,102.62,112.79,75.18,41.7,53.6,103.0,95.69,83.23,64.5,96.17,77.04,41.21,91.18,166.39,,,,,,,,,,,,,,,,,,,,,,,,,,,,,,,,,,,,,,51.26,49.53,45.01,37.48,31.65,23.56,38.38,37.14,38.61,76.78,124.06,203.93,223.02,208.35,161.92,107.94,93.91,102.62,112.79,75.01,40.38,52.03,103.0,95.32,82.07,62.18,96.17,77.03,39.97,90.63,166.39,,,,,,,,,,,,,,,,,,,,,,,,,,,,,,,,,,,,,,44.6,38.71,37.24,38.37,27.16,18.91,40.6,38.64,50.52,73.89,106.52,215.32,229.74,271.74,455.27,205.33,126.5,111.07,99.47,78.17,60.01,47.65,62.46,82.36,97.97,54.28,62.41,63.15,72.43,78.01,142.37,,,,,,,,,,,,,,,,,,,,,,,,,,,,,,,,,,,,,,58.74,54.32,50.33,47.73,38.84,27.44,43.81,47.73,58.98,81.19,129.34,240.11,250.32,268.53,490.45,250.25,158.29,132.8,119.64,128.6,94.06,114.39,124.73,130.79,141.44,126.23,120.59,118.98,135.74,147.01,179.97,,,,,,,,,,,,,,,,,,,,,,,,,,,,,,,,,,,,,,49.8,43.41,38.65,38.06,28.42,22.56,35.3,40.93,54.14,79.06,124.16,193.95,194.94,173.43,315.37,162.35,127.14,108.91,93.55,76.12,66.18,76.97,80.15,83.91,104.98,90.98,89.32,71.65,94.97,116.48,150.49,,,,,,,,,,,,,,,,,,,,,,,,,,,,,,,,,,,,,
6,46.81,44.76,44.77,40.96,31.39,26.34,44.05,43.46,55.46,75.57,116.32,211.09,219.46,221.3,444.33,223.43,133.62,112.57,108.65,95.62,76.17,81.67,94.98,120.57,134.74,86.84,100.21,108.74,119.18,105.52,133.8,,,,,,,,,,,,,,,,,,,,,,,,,,,,,,,,,,,,,,55.75,51.74,47.0,42.06,35.4,24.08,39.76,41.28,46.45,79.76,126.2,220.39,244.33,207.53,161.28,122.86,107.68,100.48,110.79,86.1,52.61,44.32,96.64,109.71,102.84,53.96,86.98,89.41,54.71,70.81,145.72,,,,,,,,,,,,,,,,,,,,,,,,,,,,,,,,,,,,,,55.93,51.67,47.0,41.73,35.29,24.09,39.49,41.17,46.03,78.77,126.0,220.19,244.19,207.12,162.96,121.12,107.3,100.8,111.53,85.22,48.92,43.6,96.64,109.12,100.04,53.13,86.98,89.07,47.93,70.77,145.82,,,,,,,,,,,,,,,,,,,,,,,,,,,,,,,,,,,,,,51.76,42.3,40.74,44.38,32.99,20.81,43.75,45.93,59.14,78.5,114.32,247.69,260.95,281.07,471.57,242.44,144.85,113.81,103.73,92.89,72.26,48.59,71.9,99.95,120.3,52.23,65.56,77.0,91.14,70.98,131.56,,,,,,,,,,,,,,,,,,,,,,,,,,,,,,,,,,,,,,63.37,59.27,53.55,52.69,43.07,28.09,46.06,53.85,65.17,85.54,133.99,265.61,274.47,278.07,504.16,279.93,174.76,136.72,122.44,139.94,102.45,115.65,125.91,146.93,154.43,119.59,119.36,129.44,145.1,140.99,173.51,,,,,,,,,,,,,,,,,,,,,,,,,,,,,,,,,,,,,,53.64,50.01,43.4,42.47,32.31,25.82,39.94,44.93,59.62,90.0,139.33,209.24,219.86,197.43,363.29,189.65,143.03,114.71,100.18,91.64,73.66,84.07,90.65,100.87,119.58,95.09,93.78,83.55,104.78,119.03,142.18,,,,,,,,,,,,,,,,,,,,,,,,,,,,,,,,,,,,,
7,49.07,40.44,42.05,42.69,33.27,22.31,41.04,46.31,59.21,66.68,108.26,215.4,221.1,196.83,405.21,226.74,141.0,96.14,92.29,98.21,79.85,61.82,73.02,120.91,141.34,57.78,79.25,108.98,118.32,78.23,102.69,,,,,,,,,,,,,,,,,,,,,,,,,,,,,,,,,,,,,,57.66,52.27,48.38,44.1,37.11,24.16,39.97,43.25,50.82,77.34,123.15,225.72,250.65,193.75,151.05,126.9,113.84,84.31,98.72,88.3,56.7,30.57,78.79,110.26,108.32,29.6,59.15,85.42,54.66,38.28,99.65,,,,,,,,,,,,,,,,,,,,,,,,,,,,,,,,,,,,,,57.74,52.28,48.38,43.61,36.71,24.2,39.86,43.02,49.98,77.17,123.15,225.63,250.4,193.75,153.32,124.94,112.08,85.68,99.98,87.58,53.92,30.67,78.79,110.27,105.44,34.99,59.15,85.41,47.33,38.7,101.63,,,,,,,,,,,,,,,,,,,,,,,,,,,,,,,,,,,,,,53.99,40.82,40.9,46.99,35.78,20.29,42.98,48.97,62.35,73.51,109.55,257.69,269.56,239.22,465.49,252.44,155.48,100.04,92.59,98.29,77.93,36.13,58.2,104.58,130.06,33.84,51.12,79.72,94.15,45.96,100.32,,,,,,,,,,,,,,,,,,,,,,,,,,,,,,,,,,,,,,68.05,56.87,53.45,54.45,45.34,26.37,45.05,57.02,69.8,81.17,131.58,272.42,282.92,262.93,486.05,278.3,186.17,124.92,113.9,142.45,109.99,103.75,116.99,148.9,159.85,106.17,111.32,125.83,145.19,125.81,163.22,,,,,,,,,,,,,,,,,,,,,,,,,,,,,,,,,,,,,,59.9,52.04,45.58,47.72,36.86,27.17,41.8,51.29,63.73,95.7,153.22,237.15,246.93,200.6,365.61,209.72,156.69,111.57,93.92,103.16,80.91,83.95,89.87,113.98,132.71,91.92,91.09,93.78,112.86,114.19,131.65,,,,,,,,,,,,,,,,,,,,,,,,,,,,,,,,,,,,,
8,47.31,36.67,38.96,41.68,31.38,19.24,36.69,45.01,57.06,58.72,100.17,208.31,201.13,174.2,363.96,217.41,131.95,80.41,76.45,90.57,72.73,46.87,52.09,113.07,121.44,31.6,59.36,99.25,106.45,52.22,74.08,,,,,,,,,,,,,,,,,,,,,,,,,,,,,,,,,,,,,,59.12,51.69,47.85,44.94,37.57,23.38,38.57,43.83,51.37,73.86,118.39,221.38,246.95,180.77,134.6,117.12,104.37,68.65,84.95,76.87,47.78,21.48,58.57,98.17,89.74,15.56,34.69,65.37,41.23,16.35,58.63,,,,,,,,,,,,,,,,,,,,,,,,,,,,,,,,,,,,,,59.12,51.76,47.85,44.66,37.37,23.44,38.58,43.81,51.15,73.81,118.52,221.38,246.99,180.77,138.11,117.12,104.22,70.82,87.07,76.86,47.47,21.76,59.5,98.9,89.62,24.04,34.85,65.83,39.06,17.2,65.12,,,,,,,,,,,,,,,,,,,,,,,,,,,,,,,,,,,,,,53.97,37.98,39.02,46.65,35.09,18.51,40.99,49.31,62.53,65.6,102.46,253.44,263.79,224.38,433.43,242.62,151.17,84.99,79.26,93.01,72.46,23.43,42.1,98.91,114.57,16.03,31.97,70.26,80.1,26.15,67.74,,,,,,,,,,,,,,,,,,,,,,,,,,,,,,,,,,,,,,65.89,54.07,51.14,52.35,43.44,24.09,42.55,54.53,66.71,76.51,126.43,265.27,270.96,245.72,458.26,263.37,174.88,110.87,107.19,132.15,101.58,90.47,109.52,137.03,147.14,88.7,103.87,117.33,138.44,102.84,151.42,,,,,,,,,,,,,,,,,,,,,,,,,,,,,,,,,,,,,,61.22,51.8,45.78,47.87,38.9,28.23,42.4,53.12,69.4,93.76,154.7,239.99,252.57,189.37,345.22,215.72,160.43,105.61,88.39,105.26,81.25,79.45,85.37,116.93,131.31,83.58,81.4,93.49,112.24,102.52,118.83,,,,,,,,,,,,,,,,,,,,,,,,,,,,,,,,,,,,,
9,45.28,34.36,37.12,40.13,28.47,17.7,34.38,43.36,53.09,55.57,94.37,199.05,179.91,160.01,333.53,205.46,121.33,69.69,66.41,83.52,66.16,36.19,37.25,102.92,102.33,16.76,43.81,89.9,92.14,34.05,51.27,,,,,,,,,,,,,,,,,,,,,,,,,,,,,,,,,,,,,,59.24,51.17,47.87,44.1,37.04,23.42,38.24,42.74,49.18,71.71,115.86,211.97,235.03,168.66,126.88,107.01,91.33,59.94,77.03,66.72,40.31,15.46,48.47,82.67,72.91,9.02,23.86,48.98,30.55,8.04,34.96,,,,,,,,,,,,,,,,,,,,,,,,,,,,,,,,,,,,,,59.24,51.3,47.86,44.04,36.9,23.53,38.24,42.79,49.24,71.75,116.24,211.97,235.22,169.15,131.82,107.09,92.44,67.43,82.16,66.76,40.42,17.52,51.1,83.31,73.44,18.09,24.22,49.27,31.14,9.48,47.73,,,,,,,,,,,,,,,,,,,,,,,,,,,,,,,,,,,,,,52.72,36.8,38.07,45.48,32.97,18.4,40.72,48.02,57.99,62.4,98.27,244.37,248.45,220.31,431.09,231.73,141.09,76.59,71.66,84.34,65.56,15.07,29.75,88.25,97.5,7.14,21.89,57.42,64.12,14.09,47.7,,,,,,,,,,,,,,,,,,,,,,,,,,,,,,,,,,,,,,60.91,50.98,49.64,50.16,39.76,22.96,41.77,51.51,62.75,73.61,123.03,254.58,253.57,237.97,449.75,250.18,156.08,103.5,101.75,121.05,91.67,81.97,105.15,123.91,134.55,75.27,95.16,109.38,126.93,87.55,139.44,,,,,,,,,,,,,,,,,,,,,,,,,,,,,,,,,,,,,,60.93,49.77,44.52,47.65,39.7,27.87,41.73,56.7,71.34,89.28,151.28,244.51,247.63,183.12,334.73,213.97,159.85,100.16,84.48,105.3,80.91,74.94,80.29,116.12,125.16,77.65,76.2,89.78,107.76,96.18,110.74,,,,,,,,,,,,,,,,,,,,,,,,,,,,,,,,,,,,,
10,44.06,31.71,34.14,39.54,27.64,15.8,31.07,42.37,51.58,51.18,88.82,193.34,172.61,148.85,301.12,199.28,114.42,60.88,56.71,78.79,62.14,27.28,27.57,95.6,89.42,3.12,32.21,84.64,80.15,18.51,35.32,,,,,,,,,,,,,,,,,,,,,,,,,,,,,,,,,,,,,,58.2,51.07,48.35,43.08,36.23,23.65,38.97,41.71,46.68,70.36,115.02,203.79,222.61,164.01,129.46,101.04,84.4,56.78,74.21,61.42,35.4,13.69,44.94,72.53,62.82,6.52,20.78,40.54,25.61,5.22,26.74,,,,,,,,,,,,,,,,,,,,,,,,,,,,,,,,,,,,,,58.26,51.43,48.33,43.06,36.17,23.72,38.96,41.87,46.79,70.32,115.51,203.79,222.88,164.75,131.79,101.17,85.22,64.43,80.18,61.48,35.7,15.76,48.13,73.83,62.88,15.18,21.12,41.41,26.14,6.64,40.66,,,,,,,,,,,,,,,,,,,,,,,,,,,,,,,,,,,,,,51.4,35.56,36.68,44.25,31.92,18.6,40.85,47.09,56.24,60.28,97.11,238.59,234.82,217.13,433.76,229.09,132.34,71.77,67.39,79.49,60.97,13.15,23.47,81.62,87.17,4.76,19.31,51.14,55.28,5.59,39.31,,,,,,,,,,,,,,,,,,,,,,,,,,,,,,,,,,,,,,57.77,46.04,46.14,47.7,37.97,21.22,40.5,49.95,60.34,69.68,118.3,246.7,242.75,225.2,441.08,241.6,146.54,93.1,95.48,114.0,84.74,67.88,100.49,115.56,125.22,61.69,87.36,103.0,119.55,69.4,131.68,,,,,,,,,,,,,,,,,,,,,,,,,,,,,,,,,,,,,,59.44,46.13,41.23,46.24,38.76,25.33,39.47,56.04,69.7,84.18,152.23,234.81,243.29,170.23,309.08,206.22,154.15,93.94,80.77,100.8,79.07,67.86,73.22,113.47,120.84,64.8,67.65,85.98,104.0,86.2,100.3,,,,,,,,,,,,,,,,,,,,,,,,,,,,,,,,,,,,,
11,42.04,28.55,32.0,38.4,25.63,11.97,28.45,40.78,48.75,44.47,81.82,185.54,161.56,136.35,278.71,191.58,108.05,51.86,47.52,75.19,57.26,20.46,20.4,91.48,83.11,-6.47,25.23,82.19,72.98,5.04,26.72,,,,,,,,,,,,,,,,,,,,,,,,,,,,,,,,,,,,,,57.33,50.37,48.87,42.51,35.48,23.69,38.83,40.94,44.73,67.71,114.41,200.87,217.03,158.47,131.51,98.42,80.45,53.52,71.88,59.37,33.24,11.82,43.35,69.17,57.0,4.73,18.74,37.88,23.02,3.79,24.57,,,,,,,,,,,,,,,,,,,,,,,,,,,,,,,,,,,,,,57.6,50.65,48.85,42.51,35.48,23.78,38.84,41.04,44.86,67.71,114.69,200.87,217.21,159.79,133.43,98.53,81.8,61.03,78.39,59.4,33.33,13.95,45.76,70.18,57.06,12.96,19.02,39.59,23.61,5.17,35.35,,,,,,,,,,,,,,,,,,,,,,,,,,,,,,,,,,,,,,49.89,32.79,34.1,43.1,30.82,15.77,38.55,46.26,54.71,52.99,88.69,230.79,229.4,207.2,407.7,214.14,122.29,64.17,59.11,73.5,56.01,8.01,16.51,79.53,84.13,-3.25,12.6,49.27,53.12,-7.64,29.65,,,,,,,,,,,,,,,,,,,,,,,,,,,,,,,,,,,,,,53.38,43.64,45.62,46.24,35.64,18.99,39.21,48.07,57.27,65.29,115.76,239.67,232.97,215.15,426.14,228.77,138.0,87.95,91.7,108.22,77.85,62.1,99.49,111.31,117.56,58.01,83.99,99.6,110.6,65.94,131.35,,,,,,,,,,,,,,,,,,,,,,,,,,,,,,,,,,,,,,56.58,45.86,40.73,45.15,36.71,25.62,39.52,55.82,69.88,84.18,149.5,231.06,230.65,166.05,308.06,200.71,144.3,91.85,80.09,97.51,75.38,66.38,72.22,111.26,113.79,61.0,65.07,83.51,98.73,81.81,97.96,,,,,,,,,,,,,,,,,,,,,,,,,,,,,,,,,,,,,
12,40.47,26.67,30.81,38.47,24.15,9.2,27.26,39.95,45.94,40.29,78.28,181.19,154.22,130.0,271.13,191.08,103.58,48.94,44.28,75.07,55.49,18.96,19.59,93.57,81.02,-5.52,26.0,85.4,72.31,6.96,27.52,,,,,,,,,,,,,,,,,,,,,,,,,,,,,,,,,,,,,,56.44,48.42,47.74,41.32,34.87,22.81,37.76,39.85,43.66,63.96,112.29,197.74,211.69,149.9,125.81,96.29,77.04,48.85,68.45,57.51,31.74,10.12,41.48,67.42,53.76,3.81,17.63,35.72,22.17,3.94,27.11,,,,,,,,,,,,,,,,,,,,,,,,,,,,,,,,,,,,,,56.9,48.73,47.74,41.33,34.9,22.88,37.75,40.01,43.85,63.98,112.5,197.82,212.01,151.45,127.45,96.34,78.09,56.19,74.43,57.64,31.83,12.33,43.34,68.31,53.97,11.23,17.93,37.36,22.7,4.73,33.79,,,,,,,,,,,,,,,,,,,,,,,,,,,,,,,,,,,,,,47.27,30.18,32.44,41.45,28.56,12.58,36.9,44.13,50.75,47.65,83.17,219.21,214.32,202.15,410.14,210.39,115.65,58.7,56.03,70.43,51.7,4.41,14.83,75.67,77.21,-6.08,10.91,44.68,46.63,-5.34,33.01,,,,,,,,,,,,,,,,,,,,,,,,,,,,,,,,,,,,,,51.72,45.85,48.04,46.98,34.62,18.62,39.05,47.28,54.69,65.21,117.89,237.24,226.06,217.77,434.4,227.39,133.54,90.56,93.51,109.26,76.17,66.22,102.05,112.59,115.45,63.7,86.96,102.57,110.97,70.89,135.36,,,,,,,,,,,,,,,,,,,,,,,,,,,,,,,,,,,,,,56.61,43.91,39.45,45.24,37.34,22.88,37.96,56.83,71.99,79.52,142.83,230.98,230.32,158.78,302.3,197.96,142.14,85.22,75.52,97.37,75.77,60.96,68.42,109.69,114.05,55.32,61.75,83.02,97.44,76.83,95.62,,,,,,,,,,,,,,,,,,,,,,,,,,,,,,,,,,,,,
13,40.34,27.53,31.67,39.85,24.4,10.21,28.97,41.35,45.19,41.4,80.74,189.03,157.97,136.83,289.35,204.53,106.18,54.62,53.62,81.39,59.1,26.0,27.91,101.54,87.68,7.07,36.07,94.55,80.64,24.5,37.56,,,,,,,,,,,,,,,,,,,,,,,,,,,,,,,,,,,,,,54.35,46.19,46.28,40.03,33.51,20.51,36.07,38.7,41.69,60.12,106.42,191.58,206.17,143.87,119.71,94.74,74.09,44.32,66.77,56.2,31.56,8.77,38.79,67.47,51.63,3.59,18.17,36.68,22.73,4.0,27.23,,,,,,,,,,,,,,,,,,,,,,,,,,,,,,,,,,,,,,55.21,46.94,46.33,40.08,33.6,20.75,36.11,38.76,41.89,60.37,107.47,191.69,206.45,145.31,121.18,94.73,75.23,53.35,73.08,56.9,31.59,11.72,42.56,68.73,51.82,11.08,18.94,38.58,23.22,4.35,30.92,,,,,,,,,,,,,,,,,,,,,,,,,,,,,,,,,,,,,,45.34,29.45,32.06,41.1,27.04,11.0,35.76,43.27,48.39,46.72,81.98,217.86,207.29,193.45,403.87,217.02,118.53,59.55,58.32,75.59,53.86,4.87,17.94,76.75,76.24,-1.98,14.78,45.52,48.53,4.94,36.47,,,,,,,,,,,,,,,,,,,,,,,,,,,,,,,,,,,,,,54.39,47.94,50.49,49.08,36.32,19.38,39.32,49.63,55.85,67.04,120.49,244.14,229.22,224.41,444.44,241.88,140.24,95.3,98.44,117.72,81.6,72.16,106.07,121.25,122.55,70.29,90.51,110.5,117.58,78.1,142.48,,,,,,,,,,,,,,,,,,,,,,,,,,,,,,,,,,,,,,55.99,42.59,38.93,46.25,36.23,20.64,36.8,55.83,70.66,76.94,142.06,230.43,228.36,155.36,301.19,201.21,140.82,83.21,73.17,98.62,75.53,57.91,67.87,110.93,117.7,54.98,61.07,84.52,97.76,76.38,96.31,,,,,,,,,,,,,,,,,,,,,,,,,,,,,,,,,,,,,
14,41.36,29.63,33.88,41.82,26.61,12.87,32.02,43.99,47.66,45.91,86.95,201.38,174.24,149.74,321.94,218.17,112.96,67.06,68.35,92.34,66.75,38.44,45.46,119.45,106.03,23.22,52.14,107.55,96.24,49.79,58.05,,,,,,,,,,,,,,,,,,,,,,,,,,,,,,,,,,,,,,52.51,44.84,45.64,39.84,32.64,19.46,35.69,38.49,39.74,58.49,104.74,194.29,202.75,142.79,117.36,96.53,72.69,44.39,69.41,59.43,32.12,8.74,39.49,71.87,53.83,4.82,22.08,43.49,24.48,5.86,33.47,,,,,,,,,,,,,,,,,,,,,,,,,,,,,,,,,,,,,,53.92,45.73,45.76,39.88,33.08,19.86,35.77,38.55,39.85,58.87,106.17,194.48,203.48,144.15,119.15,96.6,74.1,52.81,75.06,59.82,32.2,10.98,42.57,73.55,54.35,11.29,22.4,45.14,25.01,6.16,35.78,,,,,,,,,,,,,,,,,,,,,,,,,,,,,,,,,,,,,,44.77,29.89,32.83,41.42,27.21,12.36,36.42,44.1,48.99,48.79,84.62,224.71,209.82,195.81,403.07,227.08,120.85,66.25,67.19,81.1,57.23,9.71,26.7,83.62,82.9,3.9,21.59,51.39,53.04,14.35,46.83,,,,,,,,,,,,,,,,,,,,,,,,,,,,,,,,,,,,,,58.37,50.81,53.16,52.15,39.48,21.01,41.32,53.14,58.98,70.73,124.74,255.3,239.17,236.51,466.46,261.87,149.14,101.83,106.7,128.34,88.64,84.37,113.05,134.75,133.74,83.24,99.83,121.87,126.16,95.17,158.21,,,,,,,,,,,,,,,,,,,,,,,,,,,,,,,,,,,,,,56.21,43.66,40.68,47.32,35.58,21.11,38.64,56.47,67.72,76.57,153.06,234.4,226.81,161.42,316.66,203.32,140.73,85.68,81.45,103.45,75.48,61.49,69.84,116.84,118.36,61.47,67.12,90.39,99.6,83.9,107.09,,,,,,,,,,,,,,,,,,,,,,,,,,,,,,,,,,,,,
15,43.72,35.5,39.18,44.9,29.32,19.48,38.56,47.33,51.73,57.14,101.21,221.16,194.42,182.38,391.11,238.79,123.0,86.43,89.86,105.23,75.6,60.52,70.36,140.36,126.44,53.32,81.53,122.36,116.56,84.17,94.68,,,,,,,,,,,,,,,,,,,,,,,,,,,,,,,,,,,,,,52.38,44.99,45.97,41.65,33.26,20.08,36.73,40.32,41.56,61.45,109.29,209.04,211.35,149.41,119.43,108.28,78.01,51.33,76.92,71.13,36.06,11.38,47.8,89.45,64.59,9.53,31.12,59.94,28.67,10.5,52.93,,,,,,,,,,,,,,,,,,,,,,,,,,,,,,,,,,,,,,53.67,45.59,46.01,41.65,33.74,20.38,36.76,40.35,41.68,61.76,110.01,209.04,211.64,149.46,121.13,108.37,79.05,57.44,81.54,71.06,36.06,13.17,50.17,89.9,64.65,15.39,31.35,60.72,29.06,10.67,53.78,,,,,,,,,,,,,,,,,,,,,,,,,,,,,,,,,,,,,,46.17,33.23,36.65,44.05,28.55,15.88,40.36,47.34,51.83,56.53,96.66,240.58,221.73,213.05,443.45,245.34,128.94,82.3,80.74,92.92,60.97,17.53,40.64,94.95,91.8,18.7,33.6,63.1,59.04,26.73,79.3,,,,,,,,,,,,,,,,,,,,,,,,,,,,,,,,,,,,,,63.27,51.57,55.67,55.89,43.29,23.71,44.54,57.63,62.88,74.54,128.93,268.73,253.8,246.82,496.98,283.76,162.14,109.81,115.52,142.9,97.89,94.57,119.43,150.18,148.5,100.24,110.78,132.7,138.53,120.35,173.45,,,,,,,,,,,,,,,,,,,,,,,,,,,,,,,,,,,,,,62.13,46.47,43.33,52.59,38.32,24.53,42.72,63.07,80.65,83.88,165.21,262.43,247.05,172.8,347.91,219.69,148.4,92.91,88.74,111.85,80.39,69.63,78.3,130.12,133.93,70.45,75.04,100.63,110.54,96.16,119.06,,,,,,,,,,,,,,,,,,,,,,,,,,,,,,,,,,,,,
16,49.39,41.81,44.44,49.03,34.87,25.73,45.84,53.18,60.33,69.49,116.43,246.54,230.87,219.91,454.9,265.82,141.7,107.49,117.53,119.24,88.7,84.81,100.13,167.61,152.24,91.94,112.96,136.03,139.03,119.57,137.39,,,,,,,,,,,,,,,,,,,,,,,,,,,,,,,,,,,,,,55.07,45.77,46.42,45.09,35.62,22.03,38.34,44.15,47.2,66.96,115.39,230.94,233.82,162.5,129.55,128.06,94.49,60.78,89.14,89.06,44.72,17.38,64.19,110.39,84.36,19.75,47.95,83.9,39.33,22.13,81.21,,,,,,,,,,,,,,,,,,,,,,,,,,,,,,,,,,,,,,55.86,46.01,46.43,45.08,35.69,22.22,38.31,44.04,47.25,66.99,115.54,230.94,233.82,162.57,131.25,127.57,94.94,64.48,92.24,88.33,44.72,17.84,64.68,110.39,84.53,24.25,48.43,84.09,38.58,22.13,81.26,,,,,,,,,,,,,,,,,,,,,,,,,,,,,,,,,,,,,,51.64,38.65,41.38,50.44,32.96,20.37,46.71,53.77,60.09,68.41,110.39,268.48,251.54,238.47,493.58,276.84,148.41,101.99,100.8,112.65,70.01,29.48,64.8,113.76,109.73,37.75,54.39,82.01,76.23,50.88,124.23,,,,,,,,,,,,,,,,,,,,,,,,,,,,,,,,,,,,,,69.88,54.76,58.61,62.39,48.61,27.49,49.69,63.8,69.32,80.49,134.92,289.71,279.73,265.49,536.95,315.38,180.03,121.84,131.32,155.71,107.29,105.46,138.96,161.31,160.57,119.02,123.8,137.92,149.1,145.46,192.82,,,,,,,,,,,,,,,,,,,,,,,,,,,,,,,,,,,,,,64.98,53.68,49.04,58.75,42.66,32.98,50.85,73.1,89.82,94.56,200.61,290.63,275.65,198.74,396.95,245.34,166.84,108.01,107.29,124.77,86.81,84.22,96.61,147.02,150.82,91.88,95.35,112.66,122.71,118.26,150.26,,,,,,,,,,,,,,,,,,,,,,,,,,,,,,,,,,,,,
17,52.64,47.35,49.76,48.79,38.6,31.39,53.94,51.89,66.38,80.5,128.09,242.31,249.65,250.91,506.58,266.24,152.24,127.69,151.64,121.6,97.07,114.8,139.3,155.4,163.79,121.18,148.51,130.89,147.88,159.56,174.03,,,,,,,,,,,,,,,,,,,,,,,,,,,,,,,,,,,,,,58.51,47.61,47.55,49.19,38.42,23.88,41.01,48.68,55.02,74.98,123.84,248.45,259.52,187.03,151.13,147.26,114.75,83.62,108.7,102.05,55.73,29.46,89.33,128.59,112.08,38.65,79.03,102.07,60.6,55.03,128.85,,,,,,,,,,,,,,,,,,,,,,,,,,,,,,,,,,,,,,58.61,47.68,47.55,49.08,38.31,23.95,40.97,48.46,54.96,74.97,123.84,248.3,259.52,187.03,152.11,146.48,114.85,83.62,109.13,100.73,55.4,29.88,89.81,128.59,111.99,41.5,79.46,102.07,54.16,54.97,128.94,,,,,,,,,,,,,,,,,,,,,,,,,,,,,,,,,,,,,,56.76,42.19,44.68,54.47,38.21,23.61,54.88,57.1,68.87,78.72,122.78,283.23,279.62,265.15,541.06,291.94,164.27,118.95,121.78,121.79,83.2,45.01,86.92,130.51,134.7,60.76,80.94,98.2,106.03,84.97,163.19,,,,,,,,,,,,,,,,,,,,,,,,,,,,,,,,,,,,,,75.77,60.52,64.1,63.8,54.02,33.63,56.12,64.5,76.4,88.27,145.63,298.41,305.47,299.43,583.66,327.15,200.22,148.69,153.18,160.41,114.88,127.23,167.83,164.87,168.26,138.6,140.75,139.25,155.9,165.29,213.68,,,,,,,,,,,,,,,,,,,,,,,,,,,,,,,,,,,,,,73.82,55.77,51.29,63.43,50.78,35.76,56.12,82.55,138.08,100.31,211.45,337.32,315.51,208.79,410.64,260.79,188.77,116.26,117.34,131.37,95.7,95.22,105.99,150.42,170.01,105.87,108.51,117.62,133.83,134.9,170.87,,,,,,,,,,,,,,,,,,,,,,,,,,,,,,,,,,,,,
18,51.62,47.74,49.09,44.46,37.21,32.75,49.8,46.54,64.83,82.37,125.84,213.89,241.46,254.55,500.13,237.58,146.47,134.62,144.43,105.41,90.56,128.97,149.17,129.62,151.59,144.24,142.49,111.38,138.22,187.43,188.68,,,,,,,,,,,,,,,,,,,,,,,,,,,,,,,,,,,,,,61.34,50.86,49.03,50.47,41.85,25.77,43.37,49.94,62.49,81.18,129.33,255.36,276.11,215.44,180.42,159.41,136.51,107.67,124.67,108.37,69.61,48.05,108.84,133.03,137.77,67.22,105.09,111.93,86.07,92.54,170.98,,,,,,,,,,,,,,,,,,,,,,,,,,,,,,,,,,,,,,61.44,50.86,49.03,50.3,41.65,25.81,43.23,49.85,62.44,81.18,129.32,255.23,275.56,215.27,181.02,159.34,136.51,107.67,124.68,107.77,68.32,47.71,108.84,133.03,137.4,67.65,105.1,111.93,74.18,91.98,171.18,,,,,,,,,,,,,,,,,,,,,,,,,,,,,,,,,,,,,,58.69,40.81,43.74,51.15,40.15,23.43,50.61,52.99,69.95,80.76,123.57,268.32,291.56,272.03,531.84,267.34,167.92,123.57,127.48,109.37,90.18,51.9,90.74,120.78,144.95,69.86,90.2,92.09,121.27,98.37,177.77,,,,,,,,,,,,,,,,,,,,,,,,,,,,,,,,,,,,,,76.62,64.41,64.98,60.77,54.4,36.77,55.44,60.84,75.95,90.75,143.48,284.14,310.64,312.55,578.13,304.89,206.4,159.42,152.94,150.18,115.39,134.26,170.93,155.13,169.1,149.13,144.39,135.54,155.55,173.31,220.5,,,,,,,,,,,,,,,,,,,,,,,,,,,,,,,,,,,,,,76.21,57.79,52.12,58.87,53.93,35.98,51.0,72.49,119.19,103.2,200.86,306.27,315.76,216.5,411.25,244.55,195.22,123.96,121.02,122.05,96.56,103.31,110.2,136.24,168.15,119.36,116.12,109.55,134.54,148.11,183.09,,,,,,,,,,,,,,,,,,,,,,,,,,,,,,,,,,,,,
19,46.36,44.28,44.86,39.46,31.27,28.71,44.58,40.37,56.14,77.43,114.99,187.59,211.03,240.06,464.64,207.2,132.54,125.32,125.5,91.15,79.29,110.73,117.94,106.11,132.06,129.92,122.25,97.61,120.54,173.44,182.47,,,,,,,,,,,,,,,,,,,,,,,,,,,,,,,,,,,,,,62.03,54.68,50.43,48.88,42.74,28.0,44.13,48.45,62.02,83.98,131.68,252.66,275.38,227.85,194.88,156.3,138.22,117.86,129.16,104.38,76.8,67.23,122.05,128.44,137.32,93.36,122.13,109.98,91.7,114.05,194.38,,,,,,,,,,,,,,,,,,,,,,,,,,,,,,,,,,,,,,62.15,54.65,50.43,48.81,42.66,28.0,43.85,48.45,62.28,83.93,131.66,252.64,275.33,227.85,194.95,156.3,138.22,117.86,129.16,104.08,76.66,67.04,122.05,128.44,137.28,91.36,122.13,109.98,82.26,112.87,194.38,,,,,,,,,,,,,,,,,,,,,,,,,,,,,,,,,,,,,,53.84,39.61,41.74,44.93,34.46,23.16,45.51,46.52,61.43,79.0,117.25,239.86,267.29,260.78,498.58,234.82,152.63,119.1,120.76,94.0,78.24,57.39,87.15,103.82,127.27,76.18,87.38,77.45,98.32,102.88,176.83,,,,,,,,,,,,,,,,,,,,,,,,,,,,,,,,,,,,,,71.2,60.58,61.68,55.39,49.02,33.75,50.46,54.12,68.44,86.9,135.74,259.65,281.61,291.06,546.02,266.63,183.86,146.42,137.63,134.76,105.01,120.91,150.46,138.81,155.02,134.51,131.3,126.62,146.08,163.18,212.22,,,,,,,,,,,,,,,,,,,,,,,,,,,,,,,,,,,,,,68.14,56.13,50.29,49.68,45.93,35.86,48.41,57.41,81.42,103.51,182.37,246.3,272.29,209.24,399.47,213.39,175.65,123.42,117.06,107.29,88.49,101.22,105.3,116.17,143.98,117.25,111.25,96.14,122.94,149.9,181.75,,,,,,,,,,,,,,,,,,,,,,,,,,,,,,,,,,,,,
20,41.16,41.75,41.44,36.32,27.5,26.43,41.25,36.54,50.46,73.04,106.89,166.47,188.49,228.61,437.08,185.68,121.38,114.4,111.64,82.94,71.77,93.71,99.68,95.31,117.9,111.1,107.35,89.91,109.88,147.38,171.38,,,,,,,,,,,,,,,,,,,,,,,,,,,,,,,,,,,,,,61.17,53.29,48.93,45.29,41.33,27.68,42.45,45.61,58.0,81.48,128.98,238.25,263.24,221.23,182.22,142.0,127.12,112.87,123.43,95.32,65.78,62.12,113.48,118.62,120.43,84.01,112.15,100.54,79.45,110.89,184.5,,,,,,,,,,,,,,,,,,,,,,,,,,,,,,,,,,,,,,61.33,53.29,48.93,45.29,41.32,27.65,42.36,45.61,58.09,81.48,128.98,238.25,263.24,221.23,182.37,142.0,127.12,112.87,123.43,95.04,65.44,61.97,113.48,118.82,120.52,83.22,112.15,100.54,73.07,110.1,184.54,,,,,,,,,,,,,,,,,,,,,,,,,,,,,,,,,,,,,,48.04,41.85,41.82,40.86,29.6,24.57,43.09,41.5,54.29,76.91,112.12,221.17,240.62,252.86,474.42,207.63,138.08,114.49,112.06,85.06,68.69,59.91,87.54,94.88,112.37,78.1,89.48,69.31,81.68,106.08,171.53,,,,,,,,,,,,,,,,,,,,,,,,,,,,,,,,,,,,,,65.52,54.46,55.07,49.1,44.17,29.68,46.6,48.8,61.78,80.65,127.91,237.25,256.98,267.75,510.58,243.07,166.31,126.08,121.49,126.0,98.44,106.09,127.35,128.47,144.83,120.57,121.4,117.27,138.6,152.55,200.33,,,,,,,,,,,,,,,,,,,,,,,,,,,,,,,,,,,,,,62.3,52.43,46.98,47.16,41.33,34.23,43.2,52.74,71.38,97.68,150.79,227.35,253.07,197.7,373.94,196.28,161.81,117.32,107.15,99.97,81.8,93.03,98.29,107.97,130.07,108.04,101.44,88.64,114.41,140.12,174.59,,,,,,,,,,,,,,,,,,,,,,,,,,,,,,,,,,,,,
21,40.57,36.87,36.28,33.47,26.91,22.62,35.7,34.52,49.13,64.52,94.92,152.75,182.94,202.09,389.75,172.67,115.99,103.41,98.54,76.15,68.8,79.42,87.08,89.75,112.02,96.45,94.99,85.25,104.92,126.7,155.93,,,,,,,,,,,,,,,,,,,,,,,,,,,,,,,,,,,,,,58.77,50.69,46.39,42.4,38.24,25.49,38.59,42.76,52.15,77.25,122.65,222.47,245.91,205.51,164.62,123.57,113.19,102.09,116.23,86.0,55.85,52.38,104.01,111.1,109.22,65.43,98.9,90.19,62.55,98.46,172.0,,,,,,,,,,,,,,,,,,,,,,,,,,,,,,,,,,,,,,59.01,50.74,46.39,42.4,38.24,25.47,38.56,42.76,51.86,77.25,122.65,222.47,245.91,205.51,165.0,123.45,113.34,102.16,116.23,86.0,55.57,52.37,104.01,111.32,109.36,66.47,98.9,90.19,59.48,98.34,172.0,,,,,,,,,,,,,,,,,,,,,,,,,,,,,,,,,,,,,,48.7,38.06,37.14,39.12,30.19,22.59,38.89,40.65,52.7,72.22,102.73,209.34,233.63,236.2,447.32,197.43,133.36,104.91,99.37,80.3,67.52,53.11,77.43,91.37,107.68,64.37,78.46,68.33,81.93,92.23,157.68,,,,,,,,,,,,,,,,,,,,,,,,,,,,,,,,,,,,,,59.59,48.09,48.9,44.88,38.64,25.58,41.66,45.45,56.85,74.55,121.47,222.35,244.2,249.29,479.99,228.63,157.08,117.2,112.41,119.74,93.81,99.62,116.01,121.85,138.27,111.76,114.86,110.94,130.87,140.48,183.98,,,,,,,,,,,,,,,,,,,,,,,,,,,,,,,,,,,,,,57.15,47.79,44.25,44.74,37.41,31.83,40.33,48.79,65.68,88.02,133.33,214.54,232.33,183.02,349.02,180.41,150.11,110.12,99.58,92.29,75.35,83.57,89.1,101.53,120.85,98.77,93.12,82.78,106.65,128.29,165.06,,,,,,,,,,,,,,,,,,,,,,,,,,,,,,,,,,,,,
22,35.22,33.57,33.38,29.57,22.98,20.1,33.31,30.65,43.7,60.42,88.9,132.96,162.79,187.55,368.06,153.16,103.63,99.06,92.7,67.05,62.33,75.01,82.83,80.03,102.1,90.6,89.98,78.01,95.29,119.29,149.61,,,,,,,,,,,,,,,,,,,,,,,,,,,,,,,,,,,,,,56.03,50.2,47.28,40.32,35.15,24.79,37.57,39.5,45.49,75.71,122.32,211.72,229.4,199.75,164.5,115.67,102.21,98.78,111.81,77.91,47.55,48.02,99.96,102.18,96.83,58.74,96.02,82.96,49.64,93.49,169.37,,,,,,,,,,,,,,,,,,,,,,,,,,,,,,,,,,,,,,56.59,50.2,47.28,40.33,35.2,24.79,37.57,39.5,45.78,75.71,122.49,211.86,229.88,199.75,164.71,115.58,102.23,98.78,111.81,77.91,47.23,48.14,100.32,102.57,96.83,59.95,96.03,83.03,48.92,93.49,169.37,,,,,,,,,,,,,,,,,,,,,,,,,,,,,,,,,,,,,,45.64,34.58,33.51,36.09,28.79,19.92,36.15,37.7,49.23,66.49,92.43,198.12,221.96,220.95,401.3,184.17,124.05,99.81,92.42,71.3,62.17,44.73,61.98,80.81,100.27,50.21,64.75,61.87,73.58,79.96,147.5,,,,,,,,,,,,,,,,,,,,,,,,,,,,,,,,,,,,,,53.97,49.08,49.01,41.79,34.89,25.99,40.38,42.36,52.94,73.05,122.97,213.12,231.92,242.55,454.68,210.7,147.8,114.21,111.15,113.92,87.89,95.25,115.72,115.37,131.46,107.7,113.28,105.43,124.94,138.45,188.14,,,,,,,,,,,,,,,,,,,,,,,,,,,,,,,,,,,,,,55.37,45.58,40.08,42.24,35.23,29.0,34.69,45.37,60.46,78.72,129.03,199.68,222.49,169.9,314.97,165.18,137.2,100.04,87.32,81.92,69.91,74.99,77.91,94.66,114.92,88.75,81.96,76.34,99.63,114.3,152.55,,,,,,,,,,,,,,,,,,,,,,,,,,,,,,,,,,,,,
23,32.94,31.17,31.52,26.93,20.44,18.13,30.26,29.48,41.45,55.49,83.51,132.73,162.35,174.83,337.66,145.24,97.75,92.11,85.59,61.13,59.09,68.99,76.23,78.02,100.36,84.03,84.59,74.06,93.27,112.03,141.89,,,,,,,,,,,,,,,,,,,,,,,,,,,,,,,,,,,,,,54.26,47.2,44.51,37.77,33.59,22.92,34.12,36.98,41.61,71.76,117.68,207.18,229.82,186.63,151.58,107.07,95.25,91.64,104.9,70.43,42.41,43.28,94.3,94.61,85.87,51.28,88.59,76.48,44.43,86.64,163.02,,,,,,,,,,,,,,,,,,,,,,,,,,,,,,,,,,,,,,55.33,47.72,44.51,37.82,33.65,23.11,34.12,37.03,41.77,71.76,117.88,207.46,230.48,186.63,152.01,107.07,95.55,91.64,104.9,70.44,42.21,43.76,94.6,94.78,86.3,53.17,88.65,76.54,44.05,86.64,163.02,,,,,,,,,,,,,,,,,,,,,,,,,,,,,,,,,,,,,,43.56,31.57,30.47,32.97,25.41,17.39,32.25,33.61,46.59,60.37,84.27,189.6,218.67,206.8,363.43,173.44,116.5,90.88,82.72,62.44,57.08,34.89,51.94,72.67,93.99,37.96,55.76,54.79,68.43,73.09,140.06,,,,,,,,,,,,,,,,,,,,,,,,,,,,,,,,,,,,,,53.59,46.6,46.06,39.97,33.98,23.16,37.29,40.2,52.61,68.43,116.45,212.3,232.84,233.03,429.64,206.28,143.15,108.13,107.24,110.55,85.01,90.14,110.87,112.17,128.23,100.8,109.34,102.76,125.16,131.08,178.29,,,,,,,,,,,,,,,,,,,,,,,,,,,,,,,,,,,,,,51.78,41.96,35.78,38.86,27.98,24.75,31.28,38.4,52.89,73.37,120.68,177.95,195.39,159.54,290.11,155.23,123.66,95.84,82.18,70.39,64.5,69.16,72.88,84.89,105.64,84.54,79.88,68.69,92.16,109.74,146.0,,,,,,,,,,,,,,,,,,,,,,,,,,,,,,,,,,,,,
