week,FR_w1,FR_w2,FR_w3,FR_w4,FR_w5,FR_w6,FR_w7,FR_w8,FR_min,FR_range,FR_avg,ES_w1,ES_w2,ES_w3,ES_w4,ES_w5,ES_w6,ES_w7,ES_w8,ES_min,ES_range,ES_avg,PT_w1,PT_w2,PT_w3,PT_w4,PT_w5,PT_w6,PT_w7,PT_w8,PT_min,PT_range,PT_avg,IT_w1,IT_w2,IT_w3,IT_w4,IT_w5,IT_w6,IT_w7,IT_w8,IT_min,IT_range,IT_avg,NO_w1,NO_w2,NO_w3,NO_w4,NO_w5,NO_w6,NO_w7,NO_w8,NO_min,NO_range,NO_avg,SE_w1,SE_w2,SE_w3,SE_w4,SE_w5,SE_w6,SE_w7,SE_w8,SE_min,SE_range,SE_avg,FI_w1,FI_w2,FI_w3,FI_w4,FI_w5,FI_w6,FI_w7,FI_w8,FI_min,FI_range,FI_avg,AT_w1,AT_w2,AT_w3,AT_w4,AT_w5,AT_w6,AT_w7,AT_w8,AT_min,AT_range,AT_avg,CH_w1,CH_w2,CH_w3,CH_w4,CH_w5,CH_w6,CH_w7,CH_w8,CH_min,CH_range,CH_avg,DEpump_w1,DEpump_w2,DEpump_w3,DEpump_w4,DEpump_w5,DEpump_w6,DEpump_w7,DEpump_w8,DEpump_min,DEpump_range,DEpump_avg,GBpump_w1,GBpump_w2,GBpump_w3,GBpump_w4,GBpump_w5,GBpump_w6,GBpump_w7,GBpump_w8,GBpump_min,GBpump_range,GBpump_avg
1,2.056,2.742,2.082,2.137,2.347,2.368,2.3,1.558,1.506,1.236,2.177,8.007,9.753,9.026,7.149,9.142,9.367,9.766,9.594,5.285,6.362,8.813,1.532,2.404,1.724,1.131,2.451,2.501,1.872,2.397,1.131,1.37,1.9,2.705,3.127,3.117,2.462,2.202,3.054,2.857,2.197,2.202,1.887,2.986,49.91,55.494,64.866,45.418,53.925,49.076,64.35,57.537,45.418,19.448,54.822,17.301,20.546,23.605,19.216,17.778,16.646,25.063,21.581,16.533,8.53,19.759,2.667,3.258,4.011,3.209,3.131,3.277,3.042,3.424,2.667,1.344,3.384,1.373,1.534,1.007,1.26,1.597,1.423,1.246,1.181,0.785,0.812,1.228,4.42,4.837,3.338,3.284,4.499,4.031,4.414,4.685,2.685,2.152,3.746,124.874,193.54,205.715,177.821,226.441,164.714,137.995,129.106,124.874,101.567,175.872,46.351,27.294,52.986,28.517,0.0,47.206,53.275,28.435,0.0,53.275,36.518
2,1.931,2.653,1.924,1.998,2.331,2.202,1.977,1.509,1.352,1.3,2.05,7.878,9.922,9.367,7.209,9.606,9.608,9.912,9.529,5.33,6.187,8.935,1.512,2.306,1.705,1.11,2.555,2.451,2.01,2.311,1.11,1.445,1.919,2.594,2.982,3.012,2.389,2.233,2.927,2.748,2.133,2.233,1.762,2.89,47.504,54.438,62.24,43.952,51.118,46.03,63.894,54.492,43.952,19.942,52.687,16.239,20.092,22.596,18.718,16.707,15.264,25.273,20.437,15.264,10.009,18.914,2.571,3.262,3.917,3.09,3.072,3.081,2.993,3.287,2.571,1.346,3.285,1.326,1.426,0.952,1.175,1.541,1.261,1.151,1.054,0.737,0.804,1.157,4.154,4.47,2.965,3.014,4.335,2.996,4.131,4.195,2.169,2.302,3.383,176.023,184.858,182.009,190.26,231.496,197.443,170.792,193.545,170.792,60.704,190.411,14.02,27.482,57.832,36.701,45.34,48.742,45.91,39.793,14.02,43.812,39.433
3,1.75,2.427,1.773,1.817,1.861,2.146,1.849,1.478,0.988,1.468,1.871,7.802,9.95,9.367,7.116,10.152,10.547,9.885,9.543,5.403,6.128,9.023,1.473,2.252,1.721,1.048,2.616,2.597,2.049,2.26,1.048,1.567,1.923,2.49,2.857,2.983,2.196,2.24,2.778,2.631,2.067,2.196,1.624,2.784,44.553,53.991,58.446,42.769,49.046,44.7,61.638,51.191,42.769,18.869,50.676,15.003,19.893,21.232,18.142,16.127,14.533,24.858,18.955,14.533,10.325,18.118,2.413,3.241,3.796,2.967,2.998,2.989,2.872,3.121,2.413,1.383,3.179,1.177,1.274,0.9,1.037,1.375,1.158,0.989,0.984,0.647,0.728,1.042,3.693,3.974,2.694,2.74,3.887,3.326,3.612,3.774,1.774,2.2,3.089,165.367,215.29,161.913,174.057,207.137,186.969,225.932,167.317,161.913,64.019,190.952,33.658,31.332,37.316,24.01,45.052,52.322,37.338,24.07,24.01,28.312,37.29
4,1.591,2.194,1.859,1.747,1.741,2.011,1.844,1.321,0.907,1.383,1.785,8.08,10.149,10.27,7.003,10.162,10.645,10.506,10.276,5.412,6.291,9.228,1.442,2.235,1.968,1.025,2.612,2.688,2.078,2.3,1.025,1.662,1.945,2.474,2.762,2.886,2.116,2.248,2.62,2.53,2.036,2.116,1.562,2.679,41.731,52.48,55.336,40.941,46.902,43.717,58.811,47.816,40.941,17.87,48.459,13.793,19.415,19.846,17.101,15.041,14.318,24.027,17.467,13.793,10.234,17.204,2.305,3.237,3.627,2.824,2.879,2.934,2.78,2.96,2.305,1.322,3.067,1.078,1.157,0.853,0.963,1.269,1.074,0.962,0.917,0.575,0.695,0.972,3.289,3.522,2.523,2.497,3.519,2.472,3.186,3.356,1.525,1.997,2.731,224.259,212.023,189.295,193.227,230.585,164.522,212.62,158.74,164.522,66.063,203.79,58.197,40.148,29.094,28.702,50.91,59.041,68.886,24.024,28.702,40.184,47.854
5,1.475,2.214,1.726,1.729,1.549,1.968,1.619,1.303,0.971,1.243,1.685,8.546,10.445,12.156,6.965,9.996,10.526,11.302,12.133,5.359,6.798,9.619,1.519,2.302,2.146,1.029,2.533,2.567,2.506,2.657,1.029,1.538,2.006,2.517,2.663,2.831,2.034,2.078,2.522,2.444,2.093,2.034,1.563,2.614,39.352,50.56,51.904,39.219,45.001,41.067,56.098,44.791,39.219,16.879,45.95,12.848,18.612,18.499,16.343,14.401,12.89,23.075,15.955,12.848,10.227,16.153,2.24,3.153,3.432,2.708,2.8,2.734,2.674,2.777,2.24,1.278,2.939,1.005,1.154,0.748,0.934,1.184,1.018,0.892,0.89,0.534,0.651,0.911,2.971,3.378,2.247,2.335,3.287,2.705,2.915,3.067,1.476,1.902,2.578,194.406,229.862,187.459,171.287,169.451,188.761,183.542,175.047,169.451,60.411,189.253,44.668,36.777,35.496,41.797,48.146,57.236,45.344,29.992,35.496,21.741,44.209
6,1.447,2.174,1.534,1.697,1.49,1.855,1.415,1.369,0.937,1.237,1.566,8.771,10.452,12.156,6.93,9.887,10.642,11.243,13.981,5.459,6.697,9.768,1.604,2.394,2.486,1.029,2.456,2.46,2.567,2.765,1.029,1.563,2.081,2.469,2.592,2.71,1.973,2.032,2.441,2.367,2.174,1.973,1.47,2.545,37.714,49.178,48.977,37.387,43.071,38.305,52.738,41.713,37.387,15.35,43.62,12.065,17.849,17.223,15.273,13.514,11.804,21.856,14.45,11.804,10.052,15.141,2.18,3.094,3.272,2.619,2.67,2.612,2.528,2.571,2.18,1.18,2.814,0.93,1.137,0.667,0.88,1.074,0.936,0.79,0.843,0.529,0.608,0.845,2.785,3.187,1.887,2.197,3.03,2.486,2.569,2.805,1.358,1.829,2.352,175.905,214.055,184.133,151.595,189.48,180.546,178.097,134.321,151.595,62.46,181.973,43.99,39.028,40.768,38.904,43.004,22.884,44.991,22.968,22.884,22.107,39.081
7,1.319,2.117,1.516,1.74,1.443,1.729,1.335,1.428,0.936,1.181,1.491,8.867,10.407,12.683,6.906,9.817,10.824,11.178,15.051,5.67,7.013,9.881,1.651,2.337,2.593,1.042,2.425,2.535,2.506,2.944,1.042,1.684,2.114,2.393,2.507,2.592,2.136,1.987,2.335,2.252,2.148,1.987,1.251,2.461,36.332,48.345,47.937,34.978,41.023,35.957,50.178,39.062,34.978,15.201,41.626,11.207,17.188,16.292,14.253,12.473,10.895,20.777,13.083,10.895,9.882,14.167,2.094,3.065,3.15,2.467,2.494,2.489,2.43,2.41,2.094,1.077,2.686,0.862,1.086,0.612,0.886,1.04,0.88,0.684,0.792,0.525,0.561,0.79,2.575,2.95,1.376,2.152,2.875,2.269,2.149,2.592,1.226,1.725,2.119,166.66,223.392,157.932,181.897,172.23,170.183,195.317,156.24,157.932,65.46,181.087,45.814,34.488,19.214,58.909,49.962,0.0,39.629,21.782,0.0,58.909,35.431
8,1.227,2.009,1.387,1.605,1.343,1.609,1.226,1.43,0.812,1.197,1.357,8.865,10.319,12.603,6.818,9.759,11.228,11.124,15.377,5.77,6.832,9.918,1.668,2.279,2.635,1.042,2.394,2.549,2.437,3.063,1.042,1.642,2.107,2.313,2.432,2.471,2.079,2.006,2.338,2.148,2.046,2.006,1.116,2.4,35.024,45.962,45.985,32.407,38.667,33.63,48.256,37.042,32.407,15.848,39.36,10.463,16.056,15.521,13.208,11.822,9.957,19.808,11.733,9.957,9.851,13.189,1.983,2.969,3.02,2.303,2.368,2.371,2.368,2.261,1.983,1.037,2.553,0.794,1.063,0.535,0.807,0.946,0.784,0.617,0.758,0.52,0.543,0.726,2.383,2.777,1.376,1.956,2.602,1.979,1.806,2.329,0.76,2.017,1.785,151.06,223.057,150.849,188.387,138.404,198.785,204.382,150.698,138.404,84.653,179.275,41.814,29.69,12.638,45.242,39.917,41.668,60.06,39.624,12.638,47.423,38.719
9,1.162,1.864,1.176,1.421,1.352,1.477,1.138,1.235,0.665,1.199,1.277,8.912,10.393,12.603,6.793,9.735,11.814,11.213,15.346,6.659,5.995,10.096,1.661,2.209,2.603,1.021,2.35,2.725,2.42,3.089,1.021,1.704,2.107,2.254,2.331,2.362,1.84,1.841,2.283,2.039,1.945,1.84,1.193,2.312,33.321,43.439,43.819,29.964,35.651,31.198,49.002,34.934,29.964,19.038,37.206,9.69,14.897,14.46,12.079,10.324,8.608,19.236,10.772,8.608,10.628,12.101,1.893,2.867,2.837,2.128,2.155,2.167,2.361,2.169,1.893,0.974,2.409,0.748,1.015,0.455,0.693,0.819,0.664,0.551,0.668,0.455,0.561,0.649,2.215,2.492,1.259,1.801,2.245,1.647,1.552,2.086,0.703,1.788,1.581,175.048,222.659,171.917,172.391,192.719,170.865,175.957,180.243,170.865,51.794,183.079,45.135,34.37,46.97,38.659,36.188,46.488,37.66,44.618,34.37,12.599,40.781
10,1.158,1.816,1.154,1.375,1.437,1.359,1.006,1.111,0.704,1.113,1.215,9.087,10.702,12.508,6.881,9.947,12.232,11.699,15.223,6.881,5.932,10.386,1.698,2.283,2.581,1.026,2.384,2.786,2.43,3.053,1.026,1.759,2.149,2.223,2.307,2.262,1.838,1.865,2.233,2.085,1.897,1.838,1.13,2.294,31.545,41.581,41.202,27.538,33.46,29.209,46.52,33.472,27.538,18.982,35.095,8.711,13.942,13.484,11.2,9.385,7.725,18.219,10.039,7.725,10.494,11.167,1.791,2.757,2.67,2.025,2.039,2.072,2.235,2.158,1.791,0.966,2.287,0.709,0.962,0.402,0.64,0.779,0.57,0.493,0.576,0.402,0.56,0.596,2.261,2.231,1.062,1.678,2.096,1.345,1.397,1.803,0.863,1.398,1.516,188.918,235.676,175.842,192.623,206.952,165.336,214.204,190.097,165.336,70.339,197.079,42.462,43.455,25.128,39.31,39.58,37.982,30.12,28.301,25.128,18.326,36.862
11,1.135,1.779,0.995,1.369,1.48,1.302,1.015,1.049,0.643,1.136,1.165,9.073,10.818,12.373,7.046,10.128,12.45,12.486,15.238,7.046,5.44,10.547,1.737,2.3,2.59,1.045,2.472,2.9,2.571,2.983,1.045,1.855,2.222,2.223,2.302,2.205,1.851,1.885,2.142,2.024,1.885,1.851,1.036,2.265,30.412,39.454,39.54,25.627,31.763,26.796,44.453,32.257,25.627,18.826,33.171,7.993,12.836,12.876,10.607,8.471,6.763,17.463,9.712,6.763,10.7,10.321,1.752,2.624,2.527,1.916,1.977,1.947,2.147,2.205,1.752,0.872,2.173,0.651,0.931,0.349,0.61,0.697,0.477,0.44,0.503,0.349,0.582,0.54,2.154,2.112,0.915,1.594,2.004,1.173,1.349,1.599,0.763,1.392,1.408,207.933,228.902,161.217,170.869,219.551,182.241,203.594,190.649,161.217,67.685,196.329,42.362,32.654,32.55,34.18,52.258,45.3,12.814,43.123,12.814,39.445,36.017
12,1.064,1.764,0.962,1.335,1.508,1.267,0.981,0.953,0.586,1.178,1.129,9.022,10.971,12.138,7.24,10.208,12.738,13.271,15.197,7.24,6.031,10.755,1.738,2.295,2.529,1.063,2.481,2.869,2.62,3.011,1.063,1.807,2.23,2.224,2.308,2.178,1.85,1.936,2.089,1.808,1.838,1.808,1.017,2.23,29.912,37.347,39.93,23.653,29.352,24.897,43.171,31.24,23.653,19.519,31.657,7.518,11.785,12.575,9.768,7.346,6.096,16.714,9.23,6.096,10.618,9.564,1.674,2.47,2.489,1.8,1.834,1.846,2.13,2.306,1.674,0.815,2.071,0.595,0.862,0.328,0.565,0.641,0.413,0.389,0.443,0.323,0.539,0.496,1.514,1.972,0.79,1.468,1.944,0.992,1.258,1.394,0.7,1.272,1.242,164.81,204.595,173.681,166.159,210.397,187.098,199.63,201.429,164.81,45.586,186.624,47.425,29.886,23.804,33.744,55.953,53.34,22.296,35.926,22.296,33.657,38.064
13,0.984,1.615,0.999,1.197,1.512,1.366,0.989,0.888,0.597,1.017,1.112,8.93,11.022,12.001,7.34,10.194,13.461,13.714,15.22,7.34,6.375,10.941,1.739,2.289,2.501,1.06,2.515,2.895,2.774,2.991,1.06,1.835,2.262,2.213,2.344,2.196,1.881,1.975,2.122,2.065,1.857,1.881,1.039,2.269,30.123,35.165,38.71,21.864,26.901,23.523,41.96,30.085,21.864,20.097,30.221,6.906,10.848,11.99,9.122,6.175,5.582,16.589,8.522,5.582,11.007,8.945,1.604,2.301,2.494,1.746,1.684,1.766,2.158,2.411,1.604,0.89,2.006,0.542,0.738,0.317,0.543,0.592,0.395,0.382,0.39,0.317,0.422,0.465,1.774,1.762,0.699,1.319,1.843,0.918,1.2,1.166,0.402,1.441,1.119,152.938,217.522,197.98,185.741,252.425,229.18,204.702,202.283,152.938,99.487,205.784,40.636,27.806,32.24,30.488,48.048,46.696,0.0,56.824,0.0,48.048,32.273
14,0.932,1.513,0.917,1.23,1.545,1.472,1.044,0.96,0.617,0.928,1.117,8.866,11.312,11.757,7.442,10.112,14.043,13.942,15.345,7.442,6.601,11.071,1.713,2.278,2.494,1.049,2.507,3.102,2.821,3.017,1.049,2.053,2.291,2.227,2.386,2.139,1.911,2.031,2.165,2.079,1.914,1.911,0.999,2.285,28.433,33.515,36.411,19.847,25.837,25.069,41.144,28.938,19.847,21.297,29.002,6.123,9.989,11.211,8.289,5.709,6.083,16.199,8.054,5.705,10.494,8.455,1.56,2.183,2.48,1.69,1.676,1.917,2.169,2.489,1.56,0.92,1.995,0.457,0.666,0.276,0.515,0.528,0.395,0.367,0.385,0.276,0.39,0.432,1.577,1.651,0.544,1.304,1.689,0.893,1.151,1.055,0.397,1.293,1.046,190.879,241.097,178.402,176.843,232.587,201.164,222.719,218.025,176.843,64.253,206.241,34.295,25.125,36.849,12.898,31.622,35.76,17.084,51.581,12.898,23.951,27.662
15,0.921,1.552,0.875,1.339,1.58,1.52,1.152,1.033,0.642,0.937,1.152,8.991,11.658,11.504,7.657,10.029,14.196,14.23,15.343,7.657,6.573,11.198,1.769,2.309,2.436,1.094,2.522,3.116,2.82,2.988,1.094,2.022,2.301,2.238,2.436,2.106,1.974,2.092,2.136,2.246,2.022,1.974,0.867,2.315,27.18,32.247,34.834,19.339,25.193,24.217,42.217,28.006,19.339,22.878,28.244,5.697,9.273,11.204,8.332,5.806,6.151,16.762,7.638,5.672,11.09,8.33,1.597,2.095,2.66,1.844,1.691,2.084,2.276,2.535,1.597,1.063,2.07,0.405,0.684,0.269,0.473,0.468,0.4,0.361,0.376,0.269,0.415,0.416,1.447,1.628,0.473,1.321,1.54,0.917,1.138,1.1,0.379,1.25,1.005,160.291,230.934,124.448,192.111,207.311,236.914,241.808,215.284,124.448,117.36,199.117,24.808,18.506,52.116,21.563,36.33,43.677,18.582,46.432,18.506,33.611,30.798
16,1.004,1.671,0.941,1.38,1.592,1.365,1.212,1.177,0.811,0.86,1.196,9.241,12.135,11.313,7.856,9.929,14.13,14.711,15.284,7.856,6.855,11.322,1.803,2.444,2.406,1.114,2.508,3.033,2.879,2.93,1.114,1.919,2.333,2.235,2.536,2.137,2.009,2.174,2.035,2.303,2.078,2.009,0.805,2.355,30.738,31.285,32.471,18.516,24.32,22.054,41.591,28.448,18.516,23.075,27.594,7.65,9.042,10.632,8.617,5.957,5.775,16.904,8.398,5.775,11.129,8.535,1.999,2.076,2.814,2.081,1.919,2.152,2.426,2.65,1.919,1.052,2.246,0.449,0.721,0.292,0.403,0.451,0.34,0.377,0.401,0.292,0.429,0.415,1.547,1.75,0.479,1.286,1.511,0.845,1.236,1.051,0.378,1.372,1.027,180.851,232.054,130.227,166.23,224.835,197.322,229.235,187.157,130.227,101.827,194.393,29.25,29.439,29.818,18.244,30.048,43.138,20.075,32.365,18.244,24.894,28.573
17,1.113,1.741,1.048,1.419,1.738,1.542,1.383,1.379,0.926,0.814,1.295,9.618,12.487,11.235,7.954,9.811,13.984,15.001,15.287,7.946,7.056,11.482,1.912,2.531,2.442,1.11,2.515,2.973,2.942,2.863,1.11,1.863,2.353,2.385,2.689,2.225,2.063,2.358,2.108,2.403,2.159,2.063,0.758,2.441,34.657,29.842,30.737,18.328,23.116,24.074,43.192,28.971,18.328,24.864,27.546,10.05,8.817,10.189,9.009,5.873,6.698,17.481,9.13,5.873,11.608,9.165,2.487,2.047,2.933,2.299,2.232,2.45,2.538,2.763,2.047,1.561,2.513,0.451,0.708,0.321,0.376,0.462,0.339,0.38,0.427,0.321,0.387,0.419,1.535,1.84,0.444,1.292,1.575,0.759,1.211,1.077,0.393,1.447,1.021,162.58,257.73,137.709,116.458,221.334,194.479,197.565,209.85,116.458,141.271,183.979,25.522,21.894,33.2,29.797,0.0,26.982,7.084,27.866,0.0,33.2,20.64
18,1.13,1.978,1.232,,1.953,1.668,1.586,1.453,1.016,0.961,1.437,9.839,12.825,11.207,7.942,9.667,14.057,15.187,15.336,7.931,7.256,11.592,1.994,2.558,2.429,1.116,2.515,2.905,2.969,2.8,1.116,1.853,2.359,2.415,2.8,2.37,2.198,2.524,2.161,2.547,2.226,2.161,0.867,2.538,34.793,28.684,32.869,20.306,25.08,27.653,43.13,28.53,20.306,22.824,29.234,11.201,8.735,11.749,10.484,7.735,8.37,17.614,9.469,6.873,10.741,10.624,2.853,2.174,3.368,3.078,2.876,2.778,2.639,3.007,2.174,1.85,2.93,0.42,0.708,0.355,0.404,0.471,0.351,0.435,0.423,0.351,0.358,0.444,1.415,1.958,0.593,1.327,1.669,0.796,1.361,1.226,0.504,1.453,1.099,153.393,218.853,130.643,114.747,198.626,200.766,220.65,235.932,114.747,105.903,176.811,25.004,18.66,26.662,47.98,16.941,33.804,10.964,23.786,10.964,37.016,25.717
19,1.255,2.185,1.413,,2.052,1.839,1.703,1.546,1.169,1.016,1.602,9.909,12.888,11.268,7.898,9.541,14.104,15.294,15.371,7.898,7.396,11.648,2.025,2.599,2.458,1.085,2.515,2.949,2.978,2.743,1.085,1.893,2.391,2.447,3.015,2.476,2.42,2.689,2.331,2.595,2.313,2.331,0.851,2.681,36.245,27.462,36.875,22.083,29.747,34.719,44.884,28.516,22.083,22.802,32.591,12.601,8.453,15.826,11.949,11.828,12.518,18.456,10.446,8.453,10.003,12.891,3.399,2.409,4.136,3.635,3.646,3.534,3.047,3.266,2.402,1.772,3.467,0.404,0.771,0.38,0.522,0.486,0.421,0.454,0.426,0.38,0.391,0.491,1.377,2.172,0.685,1.628,1.959,1.123,1.429,1.138,0.568,1.604,1.254,158.186,194.332,126.938,190.224,207.219,191.216,226.886,196.282,126.938,99.948,185.0,22.908,15.377,30.345,27.856,29.793,25.154,7.58,25.628,7.58,22.764,22.716
20,1.325,2.355,1.509,1.954,2.2,2.01,1.873,1.64,1.325,1.03,1.771,9.928,12.984,11.238,7.9,9.432,14.164,15.445,15.429,7.9,7.545,11.626,2.038,2.58,2.509,1.077,2.503,2.94,3.024,2.742,1.077,1.946,2.407,2.593,3.293,2.512,2.576,2.888,2.451,2.704,2.41,2.451,0.91,2.839,43.215,27.421,41.152,27.827,35.579,41.897,45.753,32.835,27.421,18.332,36.722,15.331,8.655,18.286,15.373,14.822,15.679,19.485,12.673,8.655,10.83,15.164,3.566,2.754,4.435,3.864,3.867,4.013,3.385,3.432,2.754,1.681,3.755,0.426,0.844,0.412,0.741,0.566,0.483,0.471,0.44,0.412,0.432,0.557,1.31,2.496,0.758,2.123,2.124,1.268,1.505,1.135,0.408,2.088,1.393,127.481,205.757,141.902,176.884,226.631,246.194,214.18,214.713,127.481,118.713,191.29,17.775,13.182,29.196,31.635,14.37,31.133,8.302,26.314,8.302,23.333,20.799
21,1.482,2.577,1.628,2.157,2.404,2.231,2.077,1.872,1.482,1.095,1.967,9.891,13.001,11.052,7.841,9.355,14.184,15.495,15.383,7.841,7.654,11.588,2.004,2.561,2.475,1.072,2.5,2.888,3.03,2.743,1.072,1.958,2.387,2.766,3.416,2.666,2.663,3.123,2.562,2.848,2.648,2.562,1.04,2.987,45.417,31.201,46.162,32.297,39.353,49.54,48.163,38.276,29.475,20.065,40.943,17.171,10.943,20.481,19.581,16.309,18.308,21.461,14.799,10.943,10.518,17.342,3.73,3.499,4.487,3.999,3.951,4.112,3.561,3.544,3.432,1.055,3.931,0.508,0.924,0.434,0.85,0.688,0.567,0.547,0.564,0.434,0.49,0.638,1.473,2.903,0.905,2.398,2.368,1.403,1.588,1.224,0.64,2.263,1.619,149.111,233.227,123.987,192.434,208.876,198.172,213.055,212.38,123.987,109.24,188.409,13.357,39.566,30.323,28.802,15.906,26.956,13.181,31.262,13.181,26.385,24.013
22,1.701,2.699,1.803,2.346,2.58,2.408,2.327,2.109,1.701,0.998,2.163,9.813,12.885,10.913,7.754,9.303,14.027,15.389,15.203,7.754,7.635,11.485,2.003,2.526,2.415,1.034,2.532,2.856,2.975,2.723,1.034,1.941,2.363,2.923,3.505,2.88,2.742,3.293,2.82,3.216,2.835,2.742,1.136,3.174,51.5,38.653,50.904,37.086,43.501,53.031,50.801,45.352,32.335,20.696,45.322,19.835,15.082,22.736,21.425,17.197,19.738,23.519,17.039,15.082,8.437,19.308,3.817,3.865,4.442,4.048,3.983,4.141,3.652,3.586,3.652,0.79,4.014,0.633,0.933,0.548,1.04,0.781,0.699,0.726,0.723,0.548,0.492,0.758,1.761,3.171,1.238,2.742,2.593,1.689,1.977,1.77,0.668,2.502,1.935,167.106,233.88,148.266,192.017,190.283,190.963,229.667,228.779,148.266,85.614,193.169,29.784,16.108,24.216,25.062,10.434,44.726,17.02,24.611,10.434,34.292,23.907
23,1.96,2.776,2.002,2.411,2.709,2.642,2.506,2.308,1.96,0.816,2.344,9.712,12.734,10.722,7.611,9.287,13.806,15.286,15.05,7.611,7.675,11.365,2.003,2.501,2.368,1.032,2.555,2.761,2.921,2.701,1.032,1.888,2.335,3.357,3.692,3.072,2.719,3.441,3.096,3.378,2.976,2.719,1.376,3.424,55.908,46.512,55.001,42.081,48.522,55.202,52.334,50.326,35.345,20.563,49.185,22.379,18.707,24.103,23.198,18.283,20.43,24.702,19.535,18.185,6.517,20.901,3.877,3.986,4.401,4.102,3.939,4.134,3.65,3.648,3.65,0.789,4.04,0.891,1.012,0.739,1.126,0.876,0.919,0.944,0.883,0.719,0.406,0.9,2.47,3.349,1.715,2.901,2.853,2.162,2.85,2.229,0.897,2.452,2.342,176.54,213.744,153.919,160.413,197.64,236.586,229.192,216.464,153.919,82.667,195.433,27.16,29.492,31.64,25.43,7.858,41.462,19.718,32.556,7.858,33.604,26.108
24,2.172,2.837,2.183,2.434,2.828,2.844,2.611,2.411,2.172,0.672,2.491,9.591,12.648,10.56,7.44,9.239,13.71,15.079,14.844,7.44,7.639,11.208,2.018,2.489,2.316,1.011,2.562,2.695,2.884,2.7,1.011,1.873,2.313,3.699,3.756,3.312,2.67,3.603,3.368,3.469,3.028,2.67,1.614,3.605,59.153,55.765,56.992,46.475,53.481,57.989,55.906,52.729,37.853,21.3,52.912,24.248,21.824,24.963,24.598,19.975,21.131,25.962,20.682,19.417,6.545,22.296,3.905,3.982,4.469,4.133,3.908,4.134,3.629,3.758,3.629,0.843,4.061,1.151,1.122,0.96,1.16,0.981,1.033,1.091,1.039,0.832,0.328,1.026,3.178,3.567,2.388,3.029,3.139,2.605,3.505,2.583,1.102,2.465,2.753,157.263,174.22,165.467,214.342,177.465,208.831,242.553,181.146,157.263,85.29,191.449,27.93,18.297,20.246,6.96,9.74,32.414,19.33,25.649,6.96,25.454,19.274
25,2.395,2.854,2.31,2.483,2.933,2.945,2.63,2.439,2.31,0.634,2.594,9.422,12.457,10.359,7.335,9.157,13.541,14.77,14.495,7.335,7.435,11.034,2.009,2.434,2.303,1.01,2.539,2.64,2.837,2.628,1.01,1.827,2.283,3.845,3.781,3.438,2.852,3.689,3.596,3.466,3.057,2.852,1.5,3.736,61.013,63.779,57.534,51.892,56.965,60.197,59.144,54.2,41.611,22.168,56.053,25.3,24.193,24.833,26.665,21.118,21.624,26.88,21.15,20.321,6.559,23.398,3.896,3.901,4.351,4.045,3.838,4.09,3.631,3.755,3.631,0.881,4.028,1.333,1.18,1.091,1.272,1.123,1.216,1.158,1.144,0.944,0.389,1.14,3.819,3.735,2.804,3.342,3.144,3.102,3.966,2.983,1.684,2.282,3.136,155.731,170.56,136.396,203.513,167.506,223.15,225.865,224.725,136.396,89.469,183.246,25.905,22.172,28.294,13.828,20.199,34.356,16.401,34.288,13.828,20.528,23.022
26,2.573,2.972,2.349,2.47,2.965,3.03,2.623,2.472,2.349,0.68,2.668,9.195,12.209,9.996,7.194,8.994,13.281,14.417,14.11,7.194,7.222,10.798,1.989,2.379,2.262,1.001,2.517,2.568,2.787,2.55,1.001,1.786,2.245,4.067,3.957,3.472,2.682,3.727,3.727,3.483,3.074,2.682,1.677,3.79,62.731,68.023,59.205,54.566,58.807,61.177,61.292,55.213,47.242,20.781,58.162,25.945,25.683,24.87,27.692,21.561,22.186,27.513,21.936,20.916,6.776,24.097,3.892,4.027,4.192,3.994,3.862,4.062,3.673,3.75,3.673,0.832,4.026,1.456,1.309,1.2,1.403,1.237,1.353,1.207,1.235,0.98,0.476,1.241,4.526,4.099,3.244,3.744,3.41,3.751,4.415,3.385,1.861,2.665,3.542,197.214,175.07,123.914,196.113,145.233,234.37,166.321,231.895,123.914,110.455,176.891,39.726,24.863,31.596,30.222,18.288,34.642,15.216,34.412,15.216,24.51,27.793
27,2.673,3.065,2.464,2.462,3.008,3.103,2.615,2.455,2.462,0.641,2.717,8.965,11.962,9.598,7.037,8.804,13.03,14.011,13.784,7.037,6.973,10.534,1.945,2.326,2.219,0.974,2.502,2.513,2.753,2.49,0.974,1.778,2.208,4.112,4.021,3.594,2.615,3.802,3.856,3.475,2.937,2.615,1.783,3.855,62.821,70.082,59.664,56.099,61.536,62.811,62.129,55.1,49.974,20.108,59.894,26.124,26.369,24.833,28.25,21.969,22.712,27.833,22.719,21.301,6.949,24.707,3.832,4.099,4.018,3.937,3.819,4.057,3.692,3.775,3.692,0.772,4.003,1.516,1.457,1.362,1.472,1.345,1.527,1.363,1.309,1.067,0.46,1.354,4.834,4.469,3.788,4.008,3.575,4.191,4.815,3.799,2.13,2.704,3.885,153.239,224.17,133.024,225.011,148.468,233.221,197.229,240.342,133.024,100.197,187.766,28.514,30.026,37.984,32.187,25.379,37.222,19.808,24.969,19.808,18.175,30.16
28,2.69,3.088,2.538,2.383,3.014,3.101,2.587,2.405,2.383,0.718,2.724,8.724,11.748,9.195,6.828,8.562,12.692,13.683,13.35,6.828,6.855,10.206,1.909,2.29,2.171,0.946,2.478,2.453,2.72,2.387,0.946,1.774,2.164,4.12,3.991,3.598,2.615,3.755,3.819,3.397,2.78,2.615,1.794,3.839,63.046,72.503,59.939,57.06,63.835,63.633,63.222,54.42,49.632,22.871,61.157,26.084,27.014,24.794,28.399,22.731,23.24,27.81,22.956,21.271,7.128,25.077,3.758,4.072,3.882,3.907,3.807,4.012,3.614,3.75,3.614,0.761,3.951,1.525,1.518,1.528,1.506,1.498,1.644,1.471,1.355,1.145,0.499,1.433,5.06,4.673,4.198,3.553,3.869,4.45,5.029,4.092,2.274,2.786,4.087,135.735,195.204,131.742,221.771,161.797,242.179,179.232,213.972,131.742,110.437,181.094,19.906,15.354,27.595,29.692,15.642,24.715,15.718,12.553,15.354,14.338,21.232
29,2.697,3.088,2.549,2.313,3.001,3.125,2.568,2.345,2.313,0.812,2.725,8.415,11.502,8.853,6.609,8.31,12.321,13.39,12.883,6.609,6.781,9.919,1.862,2.249,2.104,0.935,2.47,2.419,2.685,2.295,0.935,1.75,2.123,4.119,3.942,3.598,2.377,3.726,3.733,3.409,2.653,2.377,1.983,3.781,64.201,74.301,60.675,58.302,64.33,64.862,63.144,54.166,49.371,24.93,62.336,26.231,28.411,24.526,28.572,23.094,23.997,27.521,23.019,21.39,7.269,25.439,3.656,4.13,3.812,3.913,3.908,3.9,3.543,3.763,3.543,0.816,3.923,1.573,1.57,1.618,1.584,1.585,1.673,1.576,1.425,1.214,0.459,1.495,5.222,4.811,4.592,4.439,3.992,4.698,5.299,4.533,2.586,2.713,4.368,129.853,192.031,122.164,245.581,156.643,266.002,166.622,229.309,122.164,143.837,182.7,17.684,12.914,35.609,37.768,17.234,30.872,14.667,0.0,12.914,24.853,23.821
30,2.742,3.101,2.608,2.274,2.985,3.109,2.559,2.261,2.274,0.835,2.738,8.131,11.141,8.478,6.358,8.09,11.93,13.128,12.475,6.358,6.77,9.599,1.821,2.206,2.035,0.923,2.459,2.368,2.65,2.204,0.923,1.727,2.078,4.114,3.923,3.622,2.361,3.645,3.635,3.271,2.573,2.361,2.013,3.722,64.158,77.861,59.962,59.469,64.345,64.549,63.204,55.056,50.038,27.823,63.294,25.937,29.398,23.946,28.655,23.653,24.463,28.062,23.332,21.523,8.668,25.853,3.531,4.128,3.84,3.938,4.026,3.877,3.527,3.77,3.527,0.926,3.932,1.696,1.631,1.746,1.715,1.693,1.722,1.731,1.508,1.257,0.489,1.594,5.466,5.015,4.977,4.631,4.214,4.799,5.693,4.834,2.871,2.822,4.647,149.496,188.722,124.093,186.551,158.796,228.771,175.341,213.133,124.093,104.678,173.11,34.4,19.37,23.264,25.042,17.67,21.01,10.408,0.0,10.408,23.992,21.595
31,2.75,3.062,2.659,2.281,2.933,3.108,2.525,2.192,2.281,0.827,2.742,7.911,10.709,8.107,6.132,7.891,11.526,12.834,12.125,6.132,6.701,9.339,1.815,2.168,1.984,0.9,2.439,2.313,2.61,2.132,0.9,1.71,2.037,4.106,3.846,3.656,2.337,3.529,3.515,3.164,2.451,2.337,2.037,3.674,63.932,79.17,59.566,59.875,67.717,66.291,66.326,56.198,51.448,27.722,64.833,25.669,29.676,23.566,28.38,25.26,24.93,28.486,23.694,21.708,8.741,26.13,3.454,4.104,3.84,3.893,4.085,3.818,3.477,3.736,3.454,0.983,3.902,1.747,1.729,1.809,1.796,1.815,1.722,1.796,1.584,1.38,0.434,1.673,5.599,5.289,5.243,5.077,4.327,4.85,5.984,5.213,3.159,2.825,4.895,119.076,211.65,142.397,200.559,198.101,213.929,208.203,227.342,119.076,94.853,184.845,24.452,22.348,28.654,26.803,18.634,25.986,16.066,0.0,16.066,12.589,23.278
32,2.763,3.013,2.656,2.25,2.871,3.107,2.463,2.115,2.25,0.857,2.729,7.707,10.367,7.729,5.982,7.667,11.164,12.402,11.757,5.982,6.419,9.063,1.758,2.15,1.907,0.886,2.388,2.263,2.549,2.082,0.886,1.663,1.994,4.074,3.855,3.577,2.342,3.482,3.43,3.102,2.433,2.342,2.047,3.646,65.519,79.034,59.207,60.352,68.664,67.168,66.92,56.827,53.168,25.866,65.675,25.864,29.297,23.939,28.799,25.751,25.323,28.516,24.038,21.911,8.524,26.326,3.434,4.002,3.881,3.851,4.044,3.727,3.446,3.733,3.427,0.955,3.861,1.808,1.75,1.813,1.765,1.85,1.747,1.796,1.677,1.462,0.388,1.703,5.982,5.431,5.489,5.242,4.413,4.901,6.26,5.59,3.487,2.773,5.131,133.698,220.123,145.494,221.586,184.223,257.564,231.351,222.755,133.698,123.866,199.148,32.74,22.028,22.154,37.306,17.847,60.178,11.853,32.633,11.853,48.324,29.158
33,2.778,2.986,2.613,2.251,2.83,3.119,2.423,2.073,2.251,0.868,2.716,7.515,10.073,7.374,5.812,7.451,10.858,12.013,11.395,5.812,6.201,8.797,1.758,2.105,1.875,0.869,2.36,2.209,2.478,2.013,0.869,1.609,1.958,4.026,3.807,3.445,2.319,3.451,3.342,3.058,2.556,2.319,2.088,3.616,67.198,79.517,58.343,60.52,69.098,69.706,66.317,56.109,54.189,25.328,66.346,26.044,28.821,23.987,28.683,25.914,26.147,28.355,24.552,22.126,7.907,26.373,3.383,3.893,3.858,3.737,3.952,3.6,3.345,3.781,3.345,0.978,3.782,1.853,1.771,1.808,1.808,1.815,1.814,1.794,1.692,1.476,0.377,1.721,6.204,5.605,5.594,5.488,4.542,4.887,6.568,,3.562,3.006,5.294,142.899,214.739,130.945,155.4,191.341,190.942,188.962,206.322,130.945,83.794,173.604,33.41,28.234,35.882,32.298,14.529,42.016,10.573,36.944,10.573,31.443,28.135
34,2.76,2.955,2.538,2.244,2.899,3.079,2.433,,2.244,0.834,2.694,7.325,9.706,7.047,5.644,7.27,10.526,11.732,,5.644,6.088,8.536,1.739,2.094,1.849,0.844,2.323,2.167,2.415,1.952,0.844,1.572,1.918,3.938,,3.259,2.283,3.534,3.238,3.113,,2.283,2.091,3.558,68.209,79.325,57.363,59.985,68.617,71.407,65.2,,53.841,25.484,66.576,26.104,28.217,23.839,27.983,26.0,26.701,27.657,,21.985,8.018,26.248,3.321,3.804,3.734,3.6,3.944,3.545,3.287,,3.287,1.036,3.724,1.871,1.787,1.782,1.873,1.929,1.853,1.817,,1.463,0.467,1.75,6.162,5.792,5.571,5.571,4.823,4.946,6.781,,3.835,2.946,5.45,177.096,219.325,136.632,138.23,188.891,232.86,175.715,181.691,136.632,96.228,181.25,28.009,30.234,21.814,27.053,13.736,37.056,9.415,19.439,9.415,27.642,23.902
35,,2.976,2.471,2.241,2.866,3.061,2.461,,2.241,0.82,2.662,7.109,9.364,6.784,5.498,7.2,10.206,11.444,,5.498,5.946,8.29,1.668,2.068,1.795,0.833,2.314,2.115,2.348,,0.833,1.514,1.873,3.851,,3.162,2.288,3.457,3.233,3.094,,2.288,2.006,3.52,69.199,78.874,56.804,58.971,68.655,71.703,67.339,,53.837,25.037,66.923,26.376,27.626,23.837,26.955,26.296,26.698,27.329,,21.547,8.238,26.058,3.246,3.716,3.646,3.454,3.948,3.475,3.26,,3.246,1.009,3.657,1.854,1.89,1.748,1.943,1.955,1.826,1.832,,1.479,0.476,1.771,6.219,6.029,5.511,5.677,4.868,4.911,7.086,,3.849,3.237,5.557,173.681,160.384,144.29,188.255,165.157,210.6,162.73,207.118,144.29,66.31,172.157,36.53,29.872,39.104,17.55,8.467,26.096,9.526,26.453,8.467,30.637,23.878
36,,2.929,2.394,2.253,2.818,3.099,2.47,,2.253,0.846,2.633,6.908,9.08,6.578,5.33,7.181,10.051,11.232,,5.33,5.902,8.097,1.632,2.044,1.745,0.823,2.311,2.058,2.317,,0.823,1.493,1.83,3.789,3.755,3.1,2.29,3.366,3.23,2.993,,2.29,1.983,3.492,70.572,80.132,55.408,59.586,68.822,73.423,68.534,,55.408,24.724,67.768,26.817,27.426,23.362,26.852,26.458,27.075,27.381,,21.442,7.651,26.058,3.156,3.667,3.648,3.485,3.927,3.449,3.255,,3.156,1.038,3.647,1.869,1.882,1.726,1.948,1.901,1.872,1.815,,1.491,0.457,1.772,6.178,6.053,5.446,5.73,4.808,5.051,7.266,,3.937,3.329,5.611,144.383,197.327,156.335,176.774,193.34,195.468,166.752,165.151,144.383,52.944,175.768,26.718,31.028,46.097,36.236,10.845,20.98,11.082,28.092,10.845,35.252,26.141
37,2.689,2.855,2.361,2.255,2.81,3.059,2.497,,2.255,0.804,2.621,6.722,8.793,6.434,5.094,7.136,9.878,10.956,,5.094,5.861,7.901,1.613,2.013,1.715,0.846,2.276,2.025,2.278,,0.846,1.432,1.799,3.659,3.611,3.088,2.269,3.433,3.117,2.886,,2.269,1.864,3.43,71.892,80.954,55.048,59.468,72.203,72.754,70.35,,55.048,25.906,68.683,27.207,27.439,23.318,26.243,27.631,26.86,27.812,,21.938,7.577,26.514,3.062,3.714,3.584,3.397,4.082,3.36,3.27,,3.062,1.02,3.629,1.846,1.827,1.771,1.98,1.879,1.902,1.768,,1.434,0.546,1.764,6.009,6.057,5.628,5.617,4.906,4.934,7.256,,3.96,3.296,5.595,142.193,182.38,143.245,210.871,192.663,191.289,198.702,,142.193,68.678,180.192,25.056,27.166,37.194,16.44,24.07,36.033,31.096,,16.44,20.755,28.151
38,2.651,2.821,2.331,2.254,2.776,3.088,2.519,,2.254,0.834,2.598,6.541,8.554,6.314,4.867,7.053,9.727,10.629,,4.867,5.762,7.709,1.547,1.99,1.706,0.866,2.257,1.981,2.217,,0.866,1.391,1.767,3.497,3.511,3.002,2.222,3.401,3.203,2.939,,2.222,1.904,3.389,71.544,81.881,56.446,60.74,73.767,72.337,69.775,,56.446,25.435,69.479,27.208,28.35,23.711,25.967,28.432,27.215,27.785,,22.871,7.173,26.838,2.947,3.75,3.538,3.336,4.156,3.35,3.283,,2.947,1.209,3.623,1.851,1.814,1.765,1.937,1.877,1.946,1.819,,1.461,0.485,1.765,6.197,6.047,5.23,5.709,4.902,4.817,7.398,,4.116,3.282,5.555,137.065,184.403,155.661,187.297,195.411,196.63,169.101,,137.065,59.564,175.081,31.46,30.138,29.816,16.245,30.072,24.724,32.968,,16.245,16.723,27.918
39,2.649,2.801,2.373,2.313,2.706,3.065,2.506,,2.31,0.756,2.578,6.407,8.408,6.211,4.809,6.899,9.698,10.381,,4.809,5.572,7.544,1.505,1.97,1.661,0.869,2.214,1.953,2.18,,0.869,1.345,1.733,3.373,3.576,3.108,2.208,3.336,3.214,2.874,,2.208,1.899,3.352,70.81,82.059,58.059,64.188,74.389,71.241,69.497,,58.059,24.0,70.007,27.044,28.455,25.074,26.392,28.573,26.87,27.447,,22.99,7.704,26.718,2.949,3.731,3.563,3.372,4.232,3.261,3.248,,2.949,1.283,3.608,1.851,1.817,1.783,1.986,1.861,1.961,1.798,,1.417,0.569,1.779,6.347,5.969,5.444,5.806,4.986,4.977,7.6,,4.012,3.588,5.652,172.374,197.129,151.966,216.819,193.522,211.045,144.32,,144.32,72.499,183.882,31.911,25.931,32.908,35.265,30.582,31.904,20.896,,20.896,14.37,29.914
40,2.625,2.965,2.386,2.321,2.613,3.139,2.42,,2.246,0.893,2.558,6.276,8.345,6.133,4.757,6.737,9.755,10.084,,4.757,5.326,7.423,1.42,1.934,1.633,0.858,2.178,1.953,2.124,,0.858,1.32,1.692,3.359,3.721,3.061,2.186,3.277,3.418,2.791,,2.186,1.921,3.346,70.473,82.636,59.053,65.696,75.715,71.207,71.216,,59.053,23.583,70.48,26.634,28.977,25.892,26.563,28.876,27.49,27.825,,22.36,7.981,26.89,2.924,3.736,3.651,3.415,4.327,3.282,3.269,,2.924,1.403,3.616,1.876,1.884,1.765,1.967,1.8,1.961,1.785,,1.364,0.603,1.768,6.438,6.274,5.486,5.783,4.899,5.086,7.551,,3.957,3.594,5.556,155.094,214.39,149.446,264.148,210.849,196.873,183.585,,149.446,114.702,196.341,36.167,37.374,33.593,46.09,35.614,26.754,29.39,,26.754,19.336,34.997
41,2.649,3.02,2.357,2.315,2.62,3.179,2.31,,2.209,0.97,2.547,6.219,8.253,6.017,4.759,6.686,10.067,9.748,,4.759,5.308,7.351,1.354,1.914,1.583,0.857,2.098,2.103,2.074,,0.857,1.246,1.675,3.318,3.666,2.987,2.217,3.392,3.405,2.707,,2.217,1.821,3.308,70.183,81.294,59.71,65.865,75.156,71.648,70.677,,59.71,21.584,70.219,26.27,29.092,26.116,26.219,28.47,27.837,27.972,,21.783,7.958,26.812,2.916,3.739,3.739,3.431,4.371,3.317,3.229,,2.916,1.455,3.618,1.879,1.902,1.73,1.964,1.751,1.991,1.747,,1.322,0.669,1.747,6.438,6.072,5.431,5.701,4.862,5.208,7.375,,4.862,2.513,5.708,170.704,201.873,124.208,220.344,228.892,224.176,161.301,,124.208,104.684,190.214,41.232,28.166,35.716,35.716,46.437,40.714,19.657,,19.657,26.78,35.377
42,2.771,2.957,2.292,2.419,2.731,3.13,2.443,,2.184,0.946,2.555,6.284,8.224,5.955,4.885,7.111,10.221,9.458,,4.771,5.45,7.357,1.385,1.841,1.501,0.884,2.109,2.155,2.006,,0.884,1.271,1.656,3.497,3.605,2.932,2.356,3.495,3.382,2.695,,2.356,1.808,3.336,70.613,80.63,62.333,66.859,73.0,74.686,70.769,,62.333,18.297,70.487,26.315,28.901,26.666,25.852,27.664,28.859,28.197,,21.278,8.045,26.764,3.001,3.789,3.806,3.42,4.294,3.357,3.249,,3.001,1.293,3.63,1.871,1.868,1.716,2.001,1.761,1.923,1.687,,1.277,0.724,1.723,6.573,4.561,5.228,6.088,5.019,5.029,7.093,,4.561,2.532,5.457,183.79,195.623,176.252,197.787,189.297,175.781,168.705,,168.705,29.082,183.891,37.476,31.008,39.36,32.89,42.86,42.216,29.028,,29.028,13.831,36.406
43,2.851,3.041,2.35,2.456,2.857,3.059,2.498,,2.16,0.899,2.579,6.357,8.44,5.999,5.045,7.949,10.174,9.287,,4.698,5.476,7.414,1.369,1.759,1.453,1.028,2.235,2.172,2.004,,1.028,1.206,1.659,3.571,3.641,2.873,2.369,3.664,3.346,2.661,,2.369,1.687,3.35,69.47,80.711,63.118,68.623,71.713,76.29,70.101,,63.118,17.593,70.242,25.846,29.087,27.244,25.611,27.078,29.095,28.444,,20.689,8.406,26.618,3.011,3.958,3.946,3.461,4.255,3.364,3.28,,3.011,1.244,3.649,1.871,1.875,1.717,1.948,1.809,1.832,1.693,,1.273,0.675,1.721,6.533,5.829,5.157,6.052,5.127,4.887,6.957,,4.486,2.471,5.538,210.867,203.939,187.111,183.779,191.214,169.157,169.265,,169.157,41.71,187.905,35.22,37.609,43.236,39.488,33.678,30.197,42.1,,30.197,13.038,37.361
44,2.987,3.089,2.344,2.496,2.848,2.923,2.49,,2.079,1.009,2.584,6.43,8.534,6.093,5.136,8.887,10.126,9.222,,4.649,5.477,7.563,1.346,1.759,1.52,1.161,2.428,2.116,1.984,,1.161,1.267,1.681,3.566,3.602,2.872,2.341,3.598,3.247,2.637,,2.341,1.659,3.328,66.912,82.422,62.364,71.525,69.386,75.823,71.121,,60.755,21.667,69.745,24.884,30.435,27.045,25.932,26.124,29.407,28.373,,19.715,10.72,26.452,2.971,4.104,3.949,3.532,4.227,3.318,3.332,,2.971,1.256,3.659,1.876,1.901,1.659,1.919,1.819,1.777,1.712,,1.269,0.65,1.708,6.478,4.772,4.366,6.039,5.094,3.917,6.928,,3.917,3.011,5.238,145.202,174.527,168.097,207.631,194.643,153.394,168.314,,145.202,62.43,173.115,46.002,41.408,40.639,42.978,53.571,29.532,55.56,,29.532,26.028,44.241
45,2.955,3.035,2.217,2.5,2.978,2.826,2.364,,1.988,1.047,2.551,6.711,8.603,6.041,5.211,9.256,9.922,9.37,,4.6,5.322,7.634,1.423,1.698,1.439,1.215,2.544,2.029,2.056,,1.215,1.329,1.694,3.606,3.519,2.779,2.311,3.572,3.155,2.59,,2.311,1.595,3.285,64.716,81.59,62.246,70.281,66.653,75.517,70.588,,59.577,22.013,68.82,24.177,30.343,26.774,25.403,25.018,29.58,27.868,,19.39,10.953,26.079,3.016,4.105,3.928,3.526,4.148,3.309,3.354,,3.016,1.132,3.662,1.815,1.845,1.558,1.881,1.775,1.675,1.679,,1.253,0.627,1.655,6.33,5.796,4.087,5.982,5.037,4.528,6.809,,4.087,2.722,5.267,164.932,211.582,173.892,223.593,199.834,198.752,144.02,,144.02,79.573,188.087,33.808,22.086,38.918,42.492,40.228,37.298,30.498,,22.086,20.407,35.047
46,2.792,3.012,2.12,2.519,2.933,2.808,2.382,,1.861,1.151,2.505,7.184,8.583,5.96,5.454,9.217,9.769,9.66,,4.51,5.259,7.695,1.469,1.704,1.337,1.286,2.548,1.985,2.184,,1.286,1.262,1.709,3.642,3.415,2.767,2.297,3.511,3.134,2.558,,2.297,1.485,3.232,62.881,83.251,60.272,68.221,64.494,73.498,68.094,,58.649,24.602,67.278,23.667,30.498,26.034,24.368,24.091,28.993,27.08,,19.18,11.318,25.456,3.066,4.21,3.88,3.45,4.058,3.221,3.305,,3.066,1.144,3.641,1.764,1.771,1.475,1.874,1.767,1.614,1.624,,1.256,0.618,1.607,6.025,5.552,3.873,5.963,4.984,4.24,6.573,,3.873,2.7,5.089,139.235,200.417,195.085,240.635,216.932,181.056,151.143,,139.235,101.4,189.215,34.832,19.013,41.96,32.972,46.355,31.326,40.118,,19.013,27.342,35.225
47,2.816,2.929,2.025,2.463,2.883,2.782,2.285,,1.787,1.142,2.452,7.62,8.495,5.975,5.769,9.151,9.731,9.719,,4.413,5.318,7.754,1.511,1.641,1.252,1.472,2.476,1.922,2.347,,1.252,1.224,1.717,3.584,3.326,2.777,2.271,3.54,3.105,2.48,,2.271,1.52,3.188,60.7,82.282,57.512,65.78,61.385,72.773,66.38,,56.891,25.391,65.363,22.921,29.971,24.798,23.082,22.82,28.642,26.377,,18.694,11.277,24.64,3.115,4.244,3.829,3.386,3.979,3.308,3.337,,3.115,1.129,3.637,1.719,1.646,1.442,1.828,1.707,1.584,1.545,,1.198,0.63,1.545,5.851,5.317,3.649,5.594,4.743,3.952,6.223,,3.649,2.574,4.836,173.982,187.338,196.006,240.599,174.172,147.176,165.49,,147.176,93.423,183.538,32.7,9.657,43.53,30.422,37.664,42.923,38.404,,9.657,33.872,33.615
48,2.815,2.675,2.06,2.374,2.79,2.728,2.169,,1.535,1.28,2.365,8.093,8.372,6.157,5.758,9.349,9.73,9.761,,4.308,5.452,7.816,1.694,1.58,1.209,1.51,2.416,1.939,2.355,,1.209,1.207,1.731,3.453,3.284,2.831,2.25,3.485,3.066,2.422,,2.25,1.463,3.143,59.558,80.219,54.36,62.714,58.446,71.763,64.921,,54.36,25.859,63.816,22.429,29.294,23.492,21.947,21.419,28.231,25.434,,18.459,10.835,23.895,3.152,4.236,3.702,3.33,3.837,3.333,3.395,,3.1,1.136,3.618,1.65,1.485,1.403,1.757,1.59,1.522,1.446,,1.109,0.648,1.465,5.632,4.876,3.851,5.249,4.469,3.872,5.882,,3.333,2.549,4.584,161.566,203.872,200.026,235.278,204.655,150.846,173.213,,150.846,84.432,189.922,28.99,14.814,45.082,20.714,45.373,39.58,43.858,,14.814,30.558,34.059
49,2.658,2.521,2.011,2.191,2.806,2.539,2.071,,1.498,1.308,2.272,8.161,8.486,6.47,6.191,9.549,9.699,9.849,,4.558,5.29,7.933,1.823,1.531,1.231,1.509,2.42,1.894,2.325,,1.231,1.19,1.732,3.314,3.368,2.83,2.239,3.425,3.009,2.372,,2.239,1.39,3.094,58.252,77.675,53.124,59.499,56.628,69.707,64.509,,53.124,24.551,61.974,21.817,28.376,22.975,20.754,20.349,27.717,24.49,,17.102,11.274,22.995,3.179,4.194,3.644,3.241,3.74,3.303,3.417,,3.0,1.194,3.58,1.568,1.364,1.324,1.677,1.546,1.421,1.405,,1.008,0.67,1.395,5.374,3.603,3.608,4.828,4.324,3.271,5.465,,3.057,2.408,4.168,183.09,199.37,183.862,223.977,173.156,188.187,212.564,,173.156,50.821,194.887,38.778,39.529,32.868,0.0,34.883,51.347,50.044,,0.0,51.347,35.35
50,2.653,2.454,1.928,2.143,2.762,2.548,2.052,,1.464,1.298,2.206,8.628,8.925,6.504,7.263,9.597,9.636,9.802,,4.707,5.094,8.113,1.809,1.554,1.149,1.858,2.524,1.874,2.412,,1.149,1.375,1.776,3.249,3.316,2.808,2.266,3.344,3.021,2.263,,2.263,1.298,3.053,56.416,75.794,50.621,57.575,56.1,69.364,64.931,,50.621,25.173,60.969,21.044,27.612,21.933,19.769,19.696,27.095,24.05,,17.801,9.811,22.348,3.178,4.171,3.541,3.215,3.681,3.266,3.503,,2.88,1.291,3.557,1.527,1.244,1.275,1.637,1.507,1.339,1.309,,0.885,0.752,1.316,5.123,4.201,3.394,4.857,4.24,2.923,5.202,,2.923,2.279,4.018,190.452,205.433,182.091,282.957,183.609,202.154,150.175,,150.175,132.782,199.553,38.832,48.059,46.972,0.0,41.101,56.635,46.062,,0.0,56.635,39.666
51,2.804,2.474,2.03,2.284,2.796,2.379,2.01,,1.493,1.311,2.225,9.45,9.231,6.634,8.011,9.483,9.677,9.768,,4.799,4.969,8.285,2.147,1.641,1.074,2.095,2.519,1.877,2.431,,1.074,1.445,1.838,3.284,3.244,2.65,2.234,3.281,3.0,2.227,,2.227,1.236,2.971,54.889,74.201,48.945,56.836,54.782,69.166,63.236,,48.945,25.256,60.03,20.385,26.965,20.849,19.342,18.943,26.839,23.672,,17.924,9.041,21.854,3.197,4.211,3.447,3.234,3.586,3.248,3.536,,2.774,1.462,3.547,1.564,1.198,1.297,1.679,1.543,1.329,1.261,,0.866,0.812,1.316,5.106,4.049,3.412,4.88,4.253,2.84,4.909,,2.657,2.449,3.922,186.106,196.257,185.079,222.17,203.711,200.767,167.353,,167.353,54.817,194.492,46.762,48.516,47.395,0.0,64.897,57.204,39.438,,0.0,64.897,43.459
52,2.78,2.532,2.152,2.328,2.737,2.309,1.839,,1.577,1.203,2.245,9.523,9.416,6.947,8.689,9.429,9.688,9.705,,5.105,6.718,8.686,2.482,1.76,1.166,2.286,2.471,1.905,2.479,,1.166,1.316,1.906,3.29,3.27,2.522,2.205,3.216,2.942,2.199,,2.199,1.22,2.904,55.741,71.59,46.632,55.072,51.945,67.242,61.174,,46.632,24.958,57.79,20.727,,19.63,18.424,17.532,26.123,22.86,,17.222,8.901,20.517,3.235,4.21,3.324,3.161,3.411,3.185,3.52,,2.736,1.476,3.489,1.571,1.193,1.312,1.656,1.538,1.268,1.278,,0.826,0.83,1.309,5.024,4.023,3.413,4.72,4.266,4.659,4.816,,2.607,2.417,4.051,174.056,196.099,190.402,202.844,205.625,142.619,127.394,,127.394,78.231,177.005,35.104,38.543,68.064,0.0,87.23,47.236,30.374,,0.0,87.23,43.793
53,,2.407,,,,,,,1.978,0.429,2.193,,9.386,,,,,,,9.381,0.004,9.383,,1.784,,,,,,,1.784,0.143,1.856,,3.209,,,,,,,3.209,0.166,3.292,,68.216,,,,,,,64.794,3.422,66.505,,24.806,,,,,,,22.522,2.284,23.664,,4.131,,,,,,,4.11,0.021,4.12,,1.117,,,,,,,1.045,0.072,1.081,,3.817,,,,,,,2.765,1.052,3.291,,166.67,,,,,,,166.67,0.0,166.67,,30.772,,,,,,,30.772,0.0,30.772
